sick_cd,sick_nm,sickCd,sickEngNm,sickNm
A00,Cholera,A00,Cholera,콜레라
A01,Typhoid and paratyphoid fevers,A01,Typhoid and paratyphoid fevers,장티푸스 및 파라티푸스
A02,Other salmonella infections,A02,Other salmonella infections,기타 살모넬라감염
A03,Shigellosis,A03,Shigellosis,시겔라증
A04,Other bacterial intestinal infections,A04,Other bacterial intestinal infections,기타 세균성 장감염
A05,"Other bacterial foodborne intoxications, NEC",A05,"Other bacterial foodborne intoxications, NEC",달리 분류되지 않은 기타 세균성 음식매개중독
A06,Amoebiasis,A06,Amoebiasis,아메바증
A07,Other protozoal intestinal diseases,A07,Other protozoal intestinal diseases,기타 원충성 장질환
A08,Viral and other specified intestinal infections,A08,Viral and other specified intestinal infections,바이러스성 및 기타 명시된 장감염
A09,Other gastroenteritis and colitis of infectious and unspecified origin,A09,Other gastroenteritis and colitis of infectious and unspecified origin,감염성 및 상세불명 기원의 기타 위장염 및 결장염
A15,"Respiratory tuberculosis, bacteriologically and histologically confirmed",A15,"Respiratory tuberculosis, bacteriologically and histologically confirmed",세균학적 및 조직학적으로 확인된 호흡기결핵
A16,"Respiratory tuberculosis, not confirmed bacteriologically or histologically",A16,"Respiratory tuberculosis, not confirmed bacteriologically or histologically",세균학적으로나 조직학적으로 확인되지 않은 호흡기결핵
A17,Tuberculosis of nervous system,A17,Tuberculosis of nervous system,신경계통의 결핵
A18,Tuberculosis of other organs,A18,Tuberculosis of other organs,기타 기관의 결핵
A19,Miliary tuberculosis,A19,Miliary tuberculosis,좁쌀결핵
A20,Plague,A20,Plague,페스트
A21,Tularaemia,A21,Tularaemia,야생토끼병
A22,Anthrax,A22,Anthrax,탄저병
A23,Brucellosis,A23,Brucellosis,브루셀라병
A24,Glanders and Melioidosis,A24,Glanders and Melioidosis,마비저 및 유사비저
A25,Rat-bite fevers,A25,Rat-bite fevers,쥐물음열
A26,Erysipeloid,A26,Erysipeloid,유사단독
A27,Leptospirosis,A27,Leptospirosis,렙토스피라병
A28,"Other zoonotic bacterial diseases, NEC",A28,"Other zoonotic bacterial diseases, NEC",달리 분류되지 않은 기타 동물매개의 세균성 질환
A30,Leprosy[Hansen’s disease],A30,Leprosy[Hansen’s disease],나병[한센병]
A31,Infection due to other mycobacteria,A31,Infection due to other mycobacteria,기타 형태의 마이코박테리아에 의한 감염
A32,Listeriosis,A32,Listeriosis,리스테리아증
A33,Tetanus neonatorum,A33,Tetanus neonatorum,신생아파상풍
A34,Obstetrical tetanus,A34,Obstetrical tetanus,산과적 파상풍
A35,Other tetanus,A35,Other tetanus,기타 파상풍
A36,Diphtheria,A36,Diphtheria,디프테리아
A37,Whooping cough,A37,Whooping cough,백일해
A38,Scarlet fever,A38,Scarlet fever,성홍열
A39,Meningococcal infection,A39,Meningococcal infection,수막알균감염
A40,Streptococcal sepsis,A40,Streptococcal sepsis,연쇄알균패혈증
A41,Other sepsis,A41,Other sepsis,기타 패혈증
A42,Actinomycosis,A42,Actinomycosis,방선균증
A43,Nocardiosis,A43,Nocardiosis,노카르디아증
A44,Bartonellosis,A44,Bartonellosis,바르토넬라병
A46,Erysipelas,A46,Erysipelas,단독(丹毒)
A48,"Other bacterial diseases, NEC",A48,"Other bacterial diseases, NEC",달리 분류되지 않은 기타 세균성 질환
A49,Bacterial infection of unspecified site,A49,Bacterial infection of unspecified site,상세불명 부위의 세균감염
A50,Congenital syphilis,A50,Congenital syphilis,선천매독
A51,Early syphilis,A51,Early syphilis,조기매독
A52,Late syphilis,A52,Late syphilis,만기매독
A53,Other and unspecified syphilis,A53,Other and unspecified syphilis,기타 및 상세불명의 매독
A54,Gonococcal infection,A54,Gonococcal infection,임균감염
A55,Chlamydial lymphogranuloma(venereum),A55,Chlamydial lymphogranuloma(venereum),클라미디아림프육아종(성병성)
A56,Other sexually transmitted chlamydial diseases,A56,Other sexually transmitted chlamydial diseases,기타 성행위로 전파되는 클라미디아질환
A57,Chancroid,A57,Chancroid,무른궤양
A58,Granuloma inguinale,A58,Granuloma inguinale,사타구니육아종
A59,Trichomoniasis,A59,Trichomoniasis,편모충증
A60,Anogenital herpesviral [herpes simplex] infection,A60,Anogenital herpesviral [herpes simplex] infection,항문생식기의 헤르페스바이러스[단순헤르페스]감염
A63,"Other predominantly sexually transmitted diseases, NEC",A63,"Other predominantly sexually transmitted diseases, NEC",달리 분류되지 않은 기타 주로 성행위로 전파되는 질환
A64,Unspecified sexually transmitted disease,A64,Unspecified sexually transmitted disease,상세불명의 성매개질환
A65,Nonvenereal syphilis,A65,Nonvenereal syphilis,비성병성 매독
A66,Yaws,A66,Yaws,요스
A67,Pinta[carate],A67,Pinta[carate],핀타
A68,Relapsing fevers,A68,Relapsing fevers,재귀열
A69,Other spirochaetal infections,A69,Other spirochaetal infections,기타 스피로헤타감염
A70,Chlamydia psittaci infection,A70,Chlamydia psittaci infection,클라미디아 시타시 감염
A71,Trachoma,A71,Trachoma,트라코마
A74,Other diseases caused by chlamydiae,A74,Other diseases caused by chlamydiae,클라미디아에 의한 기타 질환
A75,Typhus fever,A75,Typhus fever,발진티푸스
A77,Spotted fever [tick-borne rickettsioses],A77,Spotted fever [tick-borne rickettsioses],홍반열[진드기매개 리케차병]
A78,Q fever,A78,Q fever,큐열
A79,Other rickettsioses,A79,Other rickettsioses,기타 리케차병
A80,Acute poliomyelitis,A80,Acute poliomyelitis,급성 회색질척수염
A81,Atypical virus infections of central nervous system,A81,Atypical virus infections of central nervous system,중추신경계통의 비정형바이러스감염
A82,Rabies,A82,Rabies,광견병
A83,Mosquito-borne viral encephalitis,A83,Mosquito-borne viral encephalitis,모기매개바이러스뇌염
A84,Tick-borne viral encephalitis,A84,Tick-borne viral encephalitis,진드기매개바이러스뇌염
A85,"Other viral encephalitis, NEC",A85,"Other viral encephalitis, NEC",달리 분류되지 않은 기타 바이러스뇌염
A86,Unspecified viral encephalitis,A86,Unspecified viral encephalitis,상세불명의 바이러스뇌염
A87,Viral meningitis,A87,Viral meningitis,바이러스수막염
A88,"Other viral infections of central nervous system, NEC",A88,"Other viral infections of central nervous system, NEC",달리 분류되지 않은 중추신경계통의 기타 바이러스감염
A89,Unspecified viral infection of central nervous system,A89,Unspecified viral infection of central nervous system,중추신경계통의 상세불명의 바이러스감염
A90,Dengue fever [classical dengue],A90,Dengue fever [classical dengue],뎅기열[고전적 뎅기]
A91,DENGUE HAEMORRHAGIC FEVER,A91,DENGUE HAEMORRHAGIC FEVER,뎅기출혈열
A92,Other mosquito-borne viral fevers,A92,Other mosquito-borne viral fevers,기타 모기매개바이러스열
A93,"Other arthropod-borne viral fevers, NEC",A93,"Other arthropod-borne viral fevers, NEC",달리 분류되지 않은 기타 절지동물매개바이러스열
A94,Unspecified arthropod-borne viral fever,A94,Unspecified arthropod-borne viral fever,상세불명의 절지동물매개 바이러스열
A95,Yellow fever,A95,Yellow fever,황열
A96,Arenaviral haemorrhagic fever,A96,Arenaviral haemorrhagic fever,아레나바이러스출혈열
A97,Dengue,A97,Dengue,뎅기
A98,"Other viral haemorrhagic fevers, NEC",A98,"Other viral haemorrhagic fevers, NEC",달리 분류되지 않은 기타 바이러스출혈열
A99,Unspecified viral haemorrhagic fever,A99,Unspecified viral haemorrhagic fever,상세불명의 바이러스출혈열
B00,Herpesviral [herpes simplex] infections,B00,Herpesviral [herpes simplex] infections,헤르페스바이러스[단순헤르페스] 감염
B01,Varicella[chickenpox],B01,Varicella[chickenpox],수두
B02,Zoster [herpes zoster],B02,Zoster [herpes zoster],대상포진
B03,Smallpox,B03,Smallpox,마마
B04,Mpox,B04,Mpox,엠폭스
B05,Measles,B05,Measles,홍역
B06,Rubella [German measles],B06,Rubella [German measles],풍진
B07,Viral warts,B07,Viral warts,바이러스사마귀
B08,"Other viral infections characterized by skin and mucous membrane lesions, NEC",B08,"Other viral infections characterized by skin and mucous membrane lesions, NEC",달리 분류되지 않은 피부 및 점막병변이 특징인 기타 바이러스감염
B09,Unspecified viral infection characterized by skin and mucous membrane lesions,B09,Unspecified viral infection characterized by skin and mucous membrane lesions,피부 및 점막병변이 특징인 상세불명의 바이러스감염
B15,Acute hepatitis A,B15,Acute hepatitis A,급성 A형간염
B16,Acute hepatitis B,B16,Acute hepatitis B,급성 B형간염
B17,Other acute viral hepatitis,B17,Other acute viral hepatitis,기타 급성 바이러스간염
B18,Chronic viral hepatitis,B18,Chronic viral hepatitis,만성 바이러스간염
B19,Unspecified viral hepatitis,B19,Unspecified viral hepatitis,상세불명의 바이러스간염
B20,Human immunodeficiency virus [HIV] disease resulting in infectious and parasitic diseases,B20,Human immunodeficiency virus [HIV] disease resulting in infectious and parasitic diseases,감염성 및 기생충성 질환을 유발한 사람면역결핍바이러스병
B21,Human immunodeficiency virus [HIV] disease resulting in malignant neoplasms,B21,Human immunodeficiency virus [HIV] disease resulting in malignant neoplasms,악성 신생물을 유발한 사람면역결핍바이러스병
B22,Human immunodeficiency virus [HIV] disease resulting in other specified diseases,B22,Human immunodeficiency virus [HIV] disease resulting in other specified diseases,기타 명시된 질환을 유발한 사람면역결핍바이러스병
B23,Human immunodeficiency virus [HIV] disease resulting in other conditions,B23,Human immunodeficiency virus [HIV] disease resulting in other conditions,기타 병태를 유발한 사람면역결핍바이러스병
B24,Unspecified human immunodeficiency virus [HIV] disease,B24,Unspecified human immunodeficiency virus [HIV] disease,상세불명의 사람면역결핍바이러스병
B25,Cytomegaloviral disease,B25,Cytomegaloviral disease,거대세포바이러스병
B26,Mumps,B26,Mumps,볼거리
B27,Infectious mononucleosis,B27,Infectious mononucleosis,감염성 단핵구증
B30,Viral conjunctivitis,B30,Viral conjunctivitis,바이러스결막염
B33,"Other viral diseases, NEC",B33,"Other viral diseases, NEC",달리 분류되지 않은 기타 바이러스질환
B34,Viral infection of unspecified site,B34,Viral infection of unspecified site,상세불명 부위의 바이러스감염
B35,Dermatophytosis,B35,Dermatophytosis,백선증
B36,Other superficial mycoses,B36,Other superficial mycoses,기타 표재성 진균증
B37,Candidiasis,B37,Candidiasis,칸디다증
B38,Coccidioidomycosis,B38,Coccidioidomycosis,콕시디오이데스진균증
B39,Histoplasmosis,B39,Histoplasmosis,히스토플라스마증
B40,Blastomycosis,B40,Blastomycosis,분아균증
B41,Paracoccidioidomycosis,B41,Paracoccidioidomycosis,파라콕시디오이데스진균증
B42,Sporotrichosis,B42,Sporotrichosis,스포로트릭스증
B43,Chromomycosis and phaeomycotic abscess,B43,Chromomycosis and phaeomycotic abscess,색소진균증 및 피오진균농양
B44,Aspergillosis,B44,Aspergillosis,아스페르길루스증
B45,Cryptococcosis,B45,Cryptococcosis,크립토콕쿠스증
B46,Zygomycosis,B46,Zygomycosis,접합진균증
B47,Mycetoma,B47,Mycetoma,진균종
B48,"Other mycoses, NEC",B48,"Other mycoses, NEC",달리 분류되지 않은 기타 진균증
B49,Unspecified mycosis,B49,Unspecified mycosis,상세불명의 진균증
B50,Plasmodium falciparum malaria,B50,Plasmodium falciparum malaria,열대열원충말라리아
B51,Plasmodium vivax malaria,B51,Plasmodium vivax malaria,삼일열원충말라리아
B52,Plasmodium malariae malaria,B52,Plasmodium malariae malaria,사일열원충말라리아
B53,Other parasitologically confirmed malaria,B53,Other parasitologically confirmed malaria,기타 기생충학적으로 확인된 말라리아
B54,Unspecified malaria,B54,Unspecified malaria,상세불명의 말라리아
B55,Leishmaniasis,B55,Leishmaniasis,리슈만편모충증
B56,African trypanosomiasis,B56,African trypanosomiasis,아프리카파동편모충증
B57,Chagas’ disease,B57,Chagas’ disease,샤가스병
B58,Toxoplasmosis,B58,Toxoplasmosis,톡소포자충증
B59,Pneumocystosis(J17.3*),B59,Pneumocystosis(J17.3*),폐포자충증(J17.3*)
B60,"Other protozoal diseases, NEC",B60,"Other protozoal diseases, NEC",달리 분류되지 않은 기타 원충질환
B64,Unspecified protozoal disease,B64,Unspecified protozoal disease,상세불명의 원충병
B65,Schistosomiasis [bilharziasis],B65,Schistosomiasis [bilharziasis],주혈흡충증
B66,Other fluke infections,B66,Other fluke infections,기타 흡충감염
B67,Echinococcosis,B67,Echinococcosis,포충증
B68,Taeniasis,B68,Taeniasis,조충증
B69,Cysticercosis,B69,Cysticercosis,낭미충증
B70,Diphyllobothriasis and sparganosis,B70,Diphyllobothriasis and sparganosis,열두조충증 및 고충증
B71,Other cestode infections,B71,Other cestode infections,기타 조충감염
B72,Dracunculiasis,B72,Dracunculiasis,메디나충증
B73,Onchocerciasis,B73,Onchocerciasis,회선사상충증
B74,Filariasis,B74,Filariasis,사상충증
B75,Trichinellosis,B75,Trichinellosis,선모충증
B76,Hookworm diseases,B76,Hookworm diseases,구충병
B77,Ascariasis,B77,Ascariasis,회충증
B78,Strongyloidiasis,B78,Strongyloidiasis,분선충증
B79,Trichuriasis,B79,Trichuriasis,편충증
B80,Enterobiasis,B80,Enterobiasis,요충증
B81,"Other intestinal helminthiases, NEC",B81,"Other intestinal helminthiases, NEC",달리 분류되지 않은 기타 장연충증
B82,Unspecified intestinal parasitism,B82,Unspecified intestinal parasitism,상세불명의 장기생충증
B83,Other helminthiases,B83,Other helminthiases,기타 연충증
B85,Pediculosis and phthiriasis,B85,Pediculosis and phthiriasis,이감염증 및 사면발이증
B86,Scabies,B86,Scabies,옴
B87,Myiasis,B87,Myiasis,구더기증
B88,Other infestations,B88,Other infestations,기타 감염
B89,Unspecified parasitic disease,B89,Unspecified parasitic disease,상세불명의 기생충병
B90,Sequelae of tuberculosis,B90,Sequelae of tuberculosis,결핵의 후유증
B91,Sequelae of poliomyelitis,B91,Sequelae of poliomyelitis,회색질척수염의 후유증
B92,Sequelae of leprosy,B92,Sequelae of leprosy,나병의 후유증
B94,Sequelae of other and unspecified infectious and parasitic diseases,B94,Sequelae of other and unspecified infectious and parasitic diseases,기타 및 상세불명의 감염성 및 기생충성 질환의 후유증
B95,Streptococcus and staphylococcus as the cause of diseases classified to other chapters,B95,Streptococcus and staphylococcus as the cause of diseases classified to other chapters,다른 장에서 분류된 질환의 원인으로서의 연쇄알균 및 포도알균
B96,Other specified bacterial agents as the cause of diseases classified to other chapters,B96,Other specified bacterial agents as the cause of diseases classified to other chapters,다른 장에서 분류된 질환의 원인으로서의 기타 명시된 세균감염체
B97,Viral agents as the cause of diseases classified to other chapters,B97,Viral agents as the cause of diseases classified to other chapters,다른 장에서 분류된 질환의 원인으로서의 바이러스감염체
B98,Other specified infectious agents as the cause of diseases classified to other chapters,B98,Other specified infectious agents as the cause of diseases classified to other chapters,다른 장에서 분류된 질환의 원인으로서의 기타 명시된 감염체
B99,Other and unspecified infectious diseases,B99,Other and unspecified infectious diseases,기타 및 상세불명의 감염성 질환
C00,Malignant neoplasm of lip,C00,Malignant neoplasm of lip,입술의 악성 신생물
C01,Malignant neoplasm of base of tongue,C01,Malignant neoplasm of base of tongue,혀뿌리의 악성 신생물
C02,Malignant neoplasm of other and unspecified parts of tongue,C02,Malignant neoplasm of other and unspecified parts of tongue,혀의 기타 및 상세불명 부분의 악성 신생물
C03,Malignant neoplasm of gum,C03,Malignant neoplasm of gum,잇몸의 악성 신생물
C04,Malignant neoplasm of floor of mouth,C04,Malignant neoplasm of floor of mouth,입바닥의 악성 신생물
C05,Malignant neoplasm of palate,C05,Malignant neoplasm of palate,구개의 악성 신생물
C06,Malignant neoplasm of other and unspecified parts of mouth,C06,Malignant neoplasm of other and unspecified parts of mouth,입의 기타 및 상세불명 부분의 악성 신생물
C07,Malignant neoplasm of parotid gland,C07,Malignant neoplasm of parotid gland,귀밑샘의 악성 신생물
C08,Malignant neoplasm of other and unspecified major salivary glands,C08,Malignant neoplasm of other and unspecified major salivary glands,기타 및 상세불명의 주침샘의 악성 신생물
C09,Malignant neoplasm of tonsil,C09,Malignant neoplasm of tonsil,편도의 악성 신생물
C10,Malignant neoplasm of oropharynx,C10,Malignant neoplasm of oropharynx,입인두의 악성 신생물
C11,Malignant neoplasm of nasopharynx,C11,Malignant neoplasm of nasopharynx,비인두의 악성 신생물
C12,Malignant neoplasm of pyriform sinus,C12,Malignant neoplasm of pyriform sinus,이상동(梨狀洞)의 악성 신생물
C13,Malignant neoplasm of hypopharynx,C13,Malignant neoplasm of hypopharynx,하인두의 악성 신생물
C14,"Malignant neoplasm of other and ill-defined sites in the lip, oral cavity and pharynx",C14,"Malignant neoplasm of other and ill-defined sites in the lip, oral cavity and pharynx","입술, 구강 및 인두내의 기타 및 부위불명의 악성 신생물"
C15,Malignant neoplasm of oesophagus,C15,Malignant neoplasm of oesophagus,식도의 악성 신생물
C16,Malignant neoplasm of stomach,C16,Malignant neoplasm of stomach,위의 악성 신생물
C17,Malignant neoplasm of small intestine,C17,Malignant neoplasm of small intestine,소장의 악성 신생물
C18,Malignant neoplasm of colon,C18,Malignant neoplasm of colon,결장의 악성 신생물
C19,Malignant neoplasm of rectosigmoid junction,C19,Malignant neoplasm of rectosigmoid junction,직장구불결장접합부의 악성 신생물
C20,Malignant neoplasm of rectum,C20,Malignant neoplasm of rectum,직장의 악성 신생물
C21,Malignant neoplasm of anus and anal canal,C21,Malignant neoplasm of anus and anal canal,항문 및 항문관의 악성 신생물
C22,Malignant neoplasm of liver and intrahepatic bile ducts,C22,Malignant neoplasm of liver and intrahepatic bile ducts,간 및 간내 담관의 악성 신생물
C23,Malignant neoplasm of gallbladder,C23,Malignant neoplasm of gallbladder,담낭의 악성 신생물
C24,Malignant neoplasm of other and unspecified parts of biliary tract,C24,Malignant neoplasm of other and unspecified parts of biliary tract,담도의 기타 및 상세불명 부분의 악성 신생물
C25,Malignant neoplasm of pancreas,C25,Malignant neoplasm of pancreas,췌장의 악성 신생물
C26,Malignant neoplasm of other and ill-defined digestive organs,C26,Malignant neoplasm of other and ill-defined digestive organs,기타 및 부위불명 소화기관의 악성 신생물
C30,Malignant neoplasm of nasal cavity and middle ear,C30,Malignant neoplasm of nasal cavity and middle ear,비강 및 중이의 악성 신생물
C31,Malignant neoplasm of accessory sinuses,C31,Malignant neoplasm of accessory sinuses,부비동의 악성 신생물
C32,Malignant neoplasm of larynx,C32,Malignant neoplasm of larynx,후두의 악성 신생물
C33,Malignant neoplasm of trachea,C33,Malignant neoplasm of trachea,기관의 악성 신생물
C34,Malignant neoplasm of bronchus and lung,C34,Malignant neoplasm of bronchus and lung,기관지 및 폐의 악성 신생물
C37,Malignant neoplasm of thymus,C37,Malignant neoplasm of thymus,흉선의 악성 신생물
C38,"Malignant neoplasm of heart, mediastinum and pleura",C38,"Malignant neoplasm of heart, mediastinum and pleura","심장, 종격 및 흉막의 악성 신생물"
C39,Malignant neoplasm of other and ill-defined sites in the respiratory system and intrathoracic organs,C39,Malignant neoplasm of other and ill-defined sites in the respiratory system and intrathoracic organs,기타 및 부위불명의 호흡기 및 흉곽내기관의 악성 신생물
C40,Malignant neoplasm of bone and articular cartilage of limbs,C40,Malignant neoplasm of bone and articular cartilage of limbs,사지의 골 및 관절연골의 악성 신생물
C41,Malignant neoplasm of bone and articular cartilage of other and unspecified sites,C41,Malignant neoplasm of bone and articular cartilage of other and unspecified sites,기타 및 상세불명 부위의 골 및 관절연골의 악성 신생물
C43,Malignant melanoma of skin,C43,Malignant melanoma of skin,피부의 악성 흑색종
C44,Other malignant neoplasms of skin,C44,Other malignant neoplasms of skin,기타 피부의 악성 신생물
C45,Mesothelioma,C45,Mesothelioma,중피종
C46,Kaposi’s sarcoma,C46,Kaposi’s sarcoma,카포시육종
C47,Malignant neoplasm of peripheral nerves and autonomic nervous system,C47,Malignant neoplasm of peripheral nerves and autonomic nervous system,말초신경 및 자율신경계통의 악성 신생물
C48,Malignant neoplasm of retroperitoneum and peritoneum,C48,Malignant neoplasm of retroperitoneum and peritoneum,후복막 및 복막의 악성 신생물
C49,Malignant neoplasm of other connective and soft tissue,C49,Malignant neoplasm of other connective and soft tissue,기타 결합조직 및 연조직의 악성 신생물
C50,Malignant neoplasm of breast,C50,Malignant neoplasm of breast,유방의 악성 신생물
C51,Malignant neoplasm of vulva,C51,Malignant neoplasm of vulva,외음의 악성 신생물
C52,Malignant neoplasm of vagina,C52,Malignant neoplasm of vagina,질의 악성 신생물
C53,Malignant neoplasm of cervix uteri,C53,Malignant neoplasm of cervix uteri,자궁경부의 악성 신생물
C54,Malignant neoplasm of corpus uteri,C54,Malignant neoplasm of corpus uteri,자궁체부의 악성 신생물
C55,"Malignant neoplasm of uterus, part unspecified",C55,"Malignant neoplasm of uterus, part unspecified",자궁의 상세불명 부분의 악성 신생물
C56,Malignant neoplasm of ovary,C56,Malignant neoplasm of ovary,난소의 악성 신생물
C57,Malignant neoplasm of other and unspecified female genital organs,C57,Malignant neoplasm of other and unspecified female genital organs,기타 및 상세불명의 여성생식기관의 악성 신생물
C58,Malignant neoplasm of placenta,C58,Malignant neoplasm of placenta,태반의 악성 신생물
C60,Malignant neoplasm of penis,C60,Malignant neoplasm of penis,음경의 악성 신생물
C61,Malignant neoplasm of prostate,C61,Malignant neoplasm of prostate,전립선의 악성 신생물
C62,Malignant neoplasm of testis,C62,Malignant neoplasm of testis,고환의 악성 신생물
C63,Malignant neoplasm of other and unspecified male genital organs,C63,Malignant neoplasm of other and unspecified male genital organs,기타 및 상세불명의 남성생식기관의 악성 신생물
C64,"Malignant neoplasm of kidney, except renal pelvis",C64,"Malignant neoplasm of kidney, except renal pelvis",신우를 제외한 신장의 악성 신생물
C65,Malignant neoplasm of renal pelvis,C65,Malignant neoplasm of renal pelvis,신우의 악성 신생물
C66,Malignant neoplasm of ureter,C66,Malignant neoplasm of ureter,요관의 악성 신생물
C67,Malignant neoplasm of bladder,C67,Malignant neoplasm of bladder,방광의 악성 신생물
C68,Malignant neoplasm of other and unspecified urinary organs,C68,Malignant neoplasm of other and unspecified urinary organs,기타 및 상세불명의 비뇨기관의 악성 신생물
C69,Malignant neoplasm of eye and adnexa,C69,Malignant neoplasm of eye and adnexa,눈 및 부속기의 악성 신생물
C70,Malignant neoplasm of meninges,C70,Malignant neoplasm of meninges,수막의 악성 신생물
C71,Malignant neoplasm of brain,C71,Malignant neoplasm of brain,뇌의 악성 신생물
C72,"Malignant neoplasm of spinal cord, cranial nerves and other parts of central nervous system",C72,"Malignant neoplasm of spinal cord, cranial nerves and other parts of central nervous system","척수, 뇌신경 및 중추 신경계통의 기타 부분의 악성 신생물"
C73,Malignant neoplasm of thyroid gland,C73,Malignant neoplasm of thyroid gland,갑상선의 악성 신생물
C74,Malignant neoplasm of adrenal gland,C74,Malignant neoplasm of adrenal gland,부신의 악성 신생물
C75,Malignant neoplasm of other endocrine glands and related structures,C75,Malignant neoplasm of other endocrine glands and related structures,기타 내분비선 및 관련 구조물의 악성 신생물
C76,Malignant neoplasm of other and ill-defined sites,C76,Malignant neoplasm of other and ill-defined sites,기타 및 부위불명의 악성 신생물
C77,Secondary and unspecified malignant neoplasm of lymph nodes,C77,Secondary and unspecified malignant neoplasm of lymph nodes,림프절의 이차성 및 상세불명의 악성 신생물
C78,Secondary malignant neoplasm of respiratory and digestive organs,C78,Secondary malignant neoplasm of respiratory and digestive organs,호흡 및 소화기관의 이차성 악성 신생물
C79,Secondary malignant neoplasm of other and unspecified sites,C79,Secondary malignant neoplasm of other and unspecified sites,기타 및 상세불명 부위의 이차성 악성 신생물
C80,Malignant neoplasm without specification of site,C80,Malignant neoplasm without specification of site,부위의 명시가 없는 악성 신생물
C81,Hodgkin lymphoma,C81,Hodgkin lymphoma,호지킨림프종
C82,Follicular lymphoma,C82,Follicular lymphoma,소포성 림프종
C83,Non-follicular lymphoma,C83,Non-follicular lymphoma,비소포성 림프종
C84,Mature T/NK-cell lymphomas,C84,Mature T/NK-cell lymphomas,성숙T/NK-세포림프종
C85,Other and unspecified types of non-Hodgkin lymphoma,C85,Other and unspecified types of non-Hodgkin lymphoma,기타 및 상세불명 유형의 비호지킨림프종
C86,Other specified types of T/NK-cell lymphoma,C86,Other specified types of T/NK-cell lymphoma,T/NK-세포림프종의 기타 명시된 형태
C88,Malignant immunoproliferative diseases,C88,Malignant immunoproliferative diseases,악성 면역증식성 질환
C90,Multiple myeloma and malignant plasma cell neoplasms,C90,Multiple myeloma and malignant plasma cell neoplasms,다발골수종 및 악성 형질세포신생물
C91,Lymphoid leukaemia,C91,Lymphoid leukaemia,림프성 백혈병
C92,Myeloid leukaemia,C92,Myeloid leukaemia,골수성 백혈병
C93,Monocytic leukaemia,C93,Monocytic leukaemia,단핵구성 백혈병
C94,Other leukaemias of specified cell type,C94,Other leukaemias of specified cell type,명시된 세포형의 기타 백혈병
C95,Leukaemia of unspecified cell type,C95,Leukaemia of unspecified cell type,상세불명 세포형의 백혈병
C96,"Other and unspecified malignant neoplasms of lymphoid, haematopoietic and related tissue",C96,"Other and unspecified malignant neoplasms of lymphoid, haematopoietic and related tissue","림프, 조혈 및 관련 조직의 기타 및 상세불명의 악성 신생물"
C97,Malignant neoplasms of independent (primary) multiple sites,C97,Malignant neoplasms of independent (primary) multiple sites,독립된(원발성) 여러 부위의 악성 신생물
D00,"Carcinoma in situ of oral cavity, oesophagus and stomach",D00,"Carcinoma in situ of oral cavity, oesophagus and stomach","구강, 식도 및 위의 제자리암종"
D01,Carcinoma in situ of other and unspecified digestive organs,D01,Carcinoma in situ of other and unspecified digestive organs,기타 및 상세불명의 소화기관의 제자리암종
D02,Carcinoma in situ of middle ear and respiratory system,D02,Carcinoma in situ of middle ear and respiratory system,중이 및 호흡계통의 제자리암종
D03,Melanoma in situ,D03,Melanoma in situ,제자리흑색종
D04,Carcinoma in situ of skin,D04,Carcinoma in situ of skin,피부의 제자리암종
D05,Carcinoma in situ of breast,D05,Carcinoma in situ of breast,유방의 제자리암종
D06,Carcinoma in situ of cervix uteri,D06,Carcinoma in situ of cervix uteri,자궁경부의 제자리암종
D07,Carcinoma in situ of other and unspecified genital organs,D07,Carcinoma in situ of other and unspecified genital organs,기타 및 상세불명의 생식기관의 제자리암종
D09,Carcinoma in situ of other and unspecified sites,D09,Carcinoma in situ of other and unspecified sites,기타 및 상세불명 부위의 제자리암종
D10,Benign neoplasm of mouth and pharynx,D10,Benign neoplasm of mouth and pharynx,입 및 인두의 양성 신생물
D11,Benign neoplasm of major salivary glands,D11,Benign neoplasm of major salivary glands,주침샘의 양성 신생물
D12,"Benign neoplasm of colon, rectum, anus and anal canal",D12,"Benign neoplasm of colon, rectum, anus and anal canal","결장, 직장, 항문 및 항문관의 양성 신생물"
D13,Benign neoplasm of other and ill-defined parts of digestive system,D13,Benign neoplasm of other and ill-defined parts of digestive system,기타 및 부위불명의 소화계통의 양성 신생물
D14,Benign neoplasm of middle ear and respiratory system,D14,Benign neoplasm of middle ear and respiratory system,중이 및 호흡계통의 양성 신생물
D15,Benign neoplasm of other and unspecified intrathoracic organs,D15,Benign neoplasm of other and unspecified intrathoracic organs,기타 및 상세불명의 흉곽내기관의 양성 신생물
D16,Benign neoplasm of bone and articular cartilage,D16,Benign neoplasm of bone and articular cartilage,골 및 관절연골의 양성 신생물
D17,Benign lipomatous neoplasm,D17,Benign lipomatous neoplasm,양성 지방종성 신생물
D18,"Haemangioma and lymphangioma, any site",D18,"Haemangioma and lymphangioma, any site",모든 부위의 혈관종 및 림프관종
D19,Benign neoplasm of mesothelial tissue,D19,Benign neoplasm of mesothelial tissue,중피조직의 양성 신생물
D20,Benign neoplasm of soft tissue of retroperitoneum and peritoneum,D20,Benign neoplasm of soft tissue of retroperitoneum and peritoneum,후복막 및 복막 연조직의 양성 신생물
D21,Other benign neoplasms of connective and other soft tissue,D21,Other benign neoplasms of connective and other soft tissue,결합조직 및 기타 연조직의 기타 양성 신생물
D22,Melanocytic naevi,D22,Melanocytic naevi,멜라닌세포모반
D23,Other benign neoplasms of skin,D23,Other benign neoplasms of skin,피부의 기타 양성 신생물
D24,Benign neoplasm of breast,D24,Benign neoplasm of breast,유방의 양성 신생물
D25,Leiomyoma of uterus,D25,Leiomyoma of uterus,자궁의 평활근종
D26,Other benign neoplasms of uterus,D26,Other benign neoplasms of uterus,자궁의 기타 양성 신생물
D27,Benign neoplasm of ovary,D27,Benign neoplasm of ovary,난소의 양성 신생물
D28,Benign neoplasm of other and unspecified female genital organs,D28,Benign neoplasm of other and unspecified female genital organs,기타 및 상세불명의 여성생식기관의 양성 신생물
D29,Benign neoplasm of male genital organs,D29,Benign neoplasm of male genital organs,남성생식기관의 양성 신생물
D30,Benign neoplasm of urinary organs,D30,Benign neoplasm of urinary organs,비뇨기관의 양성 신생물
D31,Benign neoplasm of eye and adnexa,D31,Benign neoplasm of eye and adnexa,눈 및 부속기의 양성 신생물
D32,Benign neoplasm of meninges,D32,Benign neoplasm of meninges,수막의 양성 신생물
D33,Benign neoplasm of brain and other parts of central nervous system,D33,Benign neoplasm of brain and other parts of central nervous system,뇌 및 중추신경계통의 기타 부분의 양성 신생물
D34,Benign neoplasm of thyroid gland,D34,Benign neoplasm of thyroid gland,갑상선의 양성 신생물
D35,Benign neoplasm of other and unspecified endocrine glands,D35,Benign neoplasm of other and unspecified endocrine glands,기타 및 상세불명의 내분비선의 양성 신생물
D36,Benign neoplasm of other and unspecified sites,D36,Benign neoplasm of other and unspecified sites,기타 및 상세불명 부위의 양성 신생물
D37,Neoplasm of uncertain or unknown behaviour of oral cavity and digestive organs,D37,Neoplasm of uncertain or unknown behaviour of oral cavity and digestive organs,구강 및 소화기관의 행동양식 불명 또는 미상의 신생물
D38,Neoplasm of uncertain or unknown behaviour of middle ear and respiratory and intrathoracic organs,D38,Neoplasm of uncertain or unknown behaviour of middle ear and respiratory and intrathoracic organs,"중이, 호흡기관, 흉곽내기관의 행동양식 불명 또는 미상의 신생물"
D39,Neoplasm of uncertain or unknown behaviour of female genital organs,D39,Neoplasm of uncertain or unknown behaviour of female genital organs,여성생식기관의 행동양식 불명 또는 미상의 신생물
D40,Neoplasm of uncertain or unknown behaviour of male genital organs,D40,Neoplasm of uncertain or unknown behaviour of male genital organs,남성생식기관의 행동양식 불명 또는 미상의 신생물
D41,Neoplasm of uncertain or unknown behaviour of urinary organs,D41,Neoplasm of uncertain or unknown behaviour of urinary organs,비뇨기관의 행동양식 불명 또는 미상의 신생물
D42,Neoplasm of uncertain or unknown behaviour of meninges,D42,Neoplasm of uncertain or unknown behaviour of meninges,수막의 행동양식 불명 또는 미상의 신생물
D43,Neoplasm of uncertain or unknown behaviour of brain and central nervous system,D43,Neoplasm of uncertain or unknown behaviour of brain and central nervous system,뇌 및 중추신경계통의 행동양식 불명 또는 미상의 신생물
D44,Neoplasm of uncertain or unknown behaviour of endocrine glands,D44,Neoplasm of uncertain or unknown behaviour of endocrine glands,내분비선의 행동양식 불명 또는 미상의 신생물
D45,Polycythaemia vera,D45,Polycythaemia vera,진성 적혈구증가증
D46,Myelodysplastic syndromes,D46,Myelodysplastic syndromes,골수형성이상증후군
D47,"Other neoplasms of uncertain or unknown behaviour of lymphoid, haematopoietic and related tissue",D47,"Other neoplasms of uncertain or unknown behaviour of lymphoid, haematopoietic and related tissue","림프, 조혈 및 관련 조직의 행동양식 불명 및 미상의 기타 신생물"
D48,Neoplasm of uncertain or unknown behaviour of other and unspecified sites,D48,Neoplasm of uncertain or unknown behaviour of other and unspecified sites,기타 및 상세불명 부위의 행동양식 불명 또는 미상의 신생물
D50,Iron deficiency anaemia,D50,Iron deficiency anaemia,철결핍빈혈
D51,Vitamin B12 deficiency anaemia,D51,Vitamin B12 deficiency anaemia,비타민B12결핍빈혈
D52,Folate deficiency anaemia,D52,Folate deficiency anaemia,엽산결핍빈혈
D53,Other nutritional anaemias,D53,Other nutritional anaemias,기타 영양성 빈혈
D55,Anaemia due to enzyme disorders,D55,Anaemia due to enzyme disorders,효소장애에 의한 빈혈
D56,Thalassaemia,D56,Thalassaemia,지중해빈혈
D57,Sickle-cell disorders,D57,Sickle-cell disorders,낫적혈구장애
D58,Other hereditary haemolytic anaemias,D58,Other hereditary haemolytic anaemias,기타 유전성 용혈성 빈혈
D59,Acquired haemolytic anaemia,D59,Acquired haemolytic anaemia,후천성 용혈성 빈혈
D60,Acquired pure red cell aplasia [erythroblastopenia],D60,Acquired pure red cell aplasia [erythroblastopenia],후천성 순수적혈구무형성[적모구감소]
D61,Other aplastic anaemias,D61,Other aplastic anaemias,기타 무형성빈혈
D62,Acute posthaemorrhagic anaemia,D62,Acute posthaemorrhagic anaemia,급성 출혈후 빈혈
D63,Anaemia in chronic diseases classified elsewhere,D63,Anaemia in chronic diseases classified elsewhere,달리 분류된 만성 질환에서의 빈혈
D64,Other anaemias,D64,Other anaemias,기타 빈혈
D65,Disseminated intravascular coagulation [defibrination syndrome],D65,Disseminated intravascular coagulation [defibrination syndrome],파종성 혈관내응고[탈피브린증후군]
D66,Hereditary factor Ⅷ deficiency,D66,Hereditary factor Ⅷ deficiency,유전성 제8인자결핍
D67,Hereditary factor Ⅸ deficiency,D67,Hereditary factor Ⅸ deficiency,유전성 제9인자결핍
D68,Other coagulation defects,D68,Other coagulation defects,기타 응고결함
D69,Purpura and other haemorrhagic conditions,D69,Purpura and other haemorrhagic conditions,자반 및 기타 출혈성 병태
D70,Agranulocytosis,D70,Agranulocytosis,무과립구증
D71,Functional disorders of polymorphonuclear neutrophils,D71,Functional disorders of polymorphonuclear neutrophils,다형핵호중구의 기능장애
D72,Other disorders of white blood cells,D72,Other disorders of white blood cells,백혈구의 기타 장애
D73,Diseases of spleen,D73,Diseases of spleen,비장의 질환
D74,Methaemoglobinaemia,D74,Methaemoglobinaemia,메트헤모글로빈혈증
D75,Other diseases of blood and blood-forming organs,D75,Other diseases of blood and blood-forming organs,혈액 및 조혈기관의 기타 질환
D76,Other specified diseases with participation of lymphoreticular and reticulohistiocytic tissue,D76,Other specified diseases with participation of lymphoreticular and reticulohistiocytic tissue,림프세망 및 세망조직구 조직의 참여를 동반한 기타 명시된 질환
D77,Other disorders of blood and blood-forming organs in diseases classified elsewhere,D77,Other disorders of blood and blood-forming organs in diseases classified elsewhere,달리 분류된 질환에서 혈액 및 조혈기관의 기타 장애
D80,Immunodeficiency with predominantly antibody defects,D80,Immunodeficiency with predominantly antibody defects,항체결손이 현저한 면역결핍
D81,Combined immunodeficiencies,D81,Combined immunodeficiencies,복합면역결핍
D82,Immunodeficiency associated with other major defects,D82,Immunodeficiency associated with other major defects,기타 주요 결손과 관련된 면역결핍
D83,Common variable immunodeficiency,D83,Common variable immunodeficiency,공통 가변성 면역결핍
D84,Other immunodeficiencies,D84,Other immunodeficiencies,기타 면역결핍
D86,Sarcoidosis,D86,Sarcoidosis,사르코이드증
D89,"Other disorders involving the immune mechanism, NEC",D89,"Other disorders involving the immune mechanism, NEC",달리 분류되지 않은 면역메커니즘을 침범한 기타 장애
E00,Congenital iodine-deficiency syndrome,E00,Congenital iodine-deficiency syndrome,선천성 요오드결핍증후군
E01,Iodine-deficiency-related thyroid disorders and allied conditions,E01,Iodine-deficiency-related thyroid disorders and allied conditions,요오드결핍과 관련된 갑상선장애 및 동류의 병태
E02,Subclinical iodine-deficiency hypothyroidism,E02,Subclinical iodine-deficiency hypothyroidism,무증상 요오드결핍성 갑상선기능저하증
E03,Other hypothyroidism,E03,Other hypothyroidism,기타 갑상선기능저하증
E04,Other nontoxic goitre,E04,Other nontoxic goitre,기타 비독성 고이터
E05,Thyrotoxicosis[hyperthyroidism],E05,Thyrotoxicosis[hyperthyroidism],갑상선독증[갑상선기능항진증]
E06,Thyroiditis,E06,Thyroiditis,갑상선염
E07,Other disorders of thyroid,E07,Other disorders of thyroid,갑상선의 기타 장애
E10,Type 1 diabetes mellitus,E10,Type 1 diabetes mellitus,1형 당뇨병
E11,Type 2 diabetes mellitus,E11,Type 2 diabetes mellitus,2형 당뇨병
E12,Malnutrition-related diabetes mellitus,E12,Malnutrition-related diabetes mellitus,영양실조-관련 당뇨병
E13,Other specified diabetes mellitus,E13,Other specified diabetes mellitus,기타 명시된 당뇨병
E14,Unspecified diabetes mellitus,E14,Unspecified diabetes mellitus,상세불명의 당뇨병
E15,Nondiabetic hypoglycaemic coma,E15,Nondiabetic hypoglycaemic coma,비당뇨병성 저혈당성 혼수
E16,Other disorders of pancreatic internal secretion,E16,Other disorders of pancreatic internal secretion,췌장내분비의 기타 장애
E20,Hypoparathyroidism,E20,Hypoparathyroidism,부갑상선기능저하증
E21,Hyperparathyroidism and other disorders of parathyroid gland,E21,Hyperparathyroidism and other disorders of parathyroid gland,부갑상선기능항진증 및 부갑상선의 기타 장애
E22,Hyperfunction of pituitary gland,E22,Hyperfunction of pituitary gland,뇌하수체의 기능항진
E23,Hypofunction and other disorders of pituitary gland,E23,Hypofunction and other disorders of pituitary gland,뇌하수체의 기능저하 및 기타 장애
E24,Cushing’s syndrome,E24,Cushing’s syndrome,쿠싱증후군
E25,Adrenogenital disorders,E25,Adrenogenital disorders,부신생식기장애
E26,Hyperaldosteronism,E26,Hyperaldosteronism,고알도스테론증
E27,Other disorders of adrenal gland,E27,Other disorders of adrenal gland,부신의 기타 장애
E28,Ovarian dysfunction,E28,Ovarian dysfunction,난소의 기능이상
E29,Testicular dysfunction,E29,Testicular dysfunction,고환의 기능이상
E30,"Disorders of puberty, NEC",E30,"Disorders of puberty, NEC",달리 분류되지 않은 사춘기의 장애
E31,Polyglandular dysfunction,E31,Polyglandular dysfunction,다선성 기능이상
E32,Diseases of thymus,E32,Diseases of thymus,흉선의 질환
E34,Other endocrine disorders,E34,Other endocrine disorders,기타 내분비장애
E35,Disorders of endocrine glands in diseases classified elsewhere,E35,Disorders of endocrine glands in diseases classified elsewhere,달리 분류된 질환에서의 내분비선장애
E40,Kwashiorkor,E40,Kwashiorkor,콰시오르코르
E41,Nutritional marasmus,E41,Nutritional marasmus,영양성 소모증
E42,Marasmic Kwashiorkor,E42,Marasmic Kwashiorkor,소모성 콰시오르코르
E43,Unspecified severe protein-energy malnutrition,E43,Unspecified severe protein-energy malnutrition,상세불명의 중증 단백질-에너지영양실조
E44,Protein-energy malnutrition of moderate and mild degree,E44,Protein-energy malnutrition of moderate and mild degree,중등도 및 경도의 단백질-에너지영양실조
E45,Retarded development following protein- energy malnutrition,E45,Retarded development following protein- energy malnutrition,단백질-에너지영양실조로 인한 발육지연
E46,Unspecified protein-energy malnutrition,E46,Unspecified protein-energy malnutrition,상세불명의 단백질-에너지영양실조
E50,Vitamin A deficiency,E50,Vitamin A deficiency,비타민A결핍
E51,Thiamine deficiency,E51,Thiamine deficiency,티아민결핍
E52,Niacin deficiency[Pellagra],E52,Niacin deficiency[Pellagra],니아신결핍[펠라그라]
E53,Deficiency of other B group vitamins,E53,Deficiency of other B group vitamins,기타 비타민B군의 결핍
E54,Ascorbic acid deficiency,E54,Ascorbic acid deficiency,아스코르빈산결핍
E55,Vitamin D deficiency,E55,Vitamin D deficiency,비타민D결핍
E56,Other vitamin deficiencies,E56,Other vitamin deficiencies,기타 비타민결핍
E58,Dietary calcium deficiency,E58,Dietary calcium deficiency,식사성 칼슘결핍
E59,Dietary selenium deficiency,E59,Dietary selenium deficiency,식사성 셀레늄결핍
E60,Dietary zinc deficiency,E60,Dietary zinc deficiency,식사성 아연결핍
E61,Deficiency of other nutrient elements,E61,Deficiency of other nutrient elements,기타 영양소의 결핍
E63,Other nutritional deficiencies,E63,Other nutritional deficiencies,기타 영양결핍
E64,Sequelae of malnutrition and other nutritional deficiencies,E64,Sequelae of malnutrition and other nutritional deficiencies,영양실조 및 기타 영양결핍의 후유증
E65,Localized adiposity,E65,Localized adiposity,국소적 지방과다
E66,Obesity,E66,Obesity,비만
E67,Other hyperalimentation,E67,Other hyperalimentation,기타 과영양
E68,Sequelae of hyperalimentation,E68,Sequelae of hyperalimentation,과영양의 후유증
E70,Disorders of aromatic amino-acid metabolism,E70,Disorders of aromatic amino-acid metabolism,방향족아미노산대사장애
E71,Disorders of branched-chain amino-acid metabolism and fatty-acid metabolism,E71,Disorders of branched-chain amino-acid metabolism and fatty-acid metabolism,측쇄아미노산 및 지방산 대사장애
E72,Other disorders of amino-acid metabolism,E72,Other disorders of amino-acid metabolism,아미노산대사의 기타 장애
E73,Lactose intolerance,E73,Lactose intolerance,젖당불내성
E74,Other disorders of carbohydrate metabolism,E74,Other disorders of carbohydrate metabolism,탄수화물대사의 기타 장애
E75,Disorders of sphingolipid metabolism and other lipid storage disorders,E75,Disorders of sphingolipid metabolism and other lipid storage disorders,스핑고지질대사장애 및 기타 지질축적장애
E76,Disorders of glycosaminoglycan metabolism,E76,Disorders of glycosaminoglycan metabolism,글리코사미노글라이칸대사장애
E77,Disorders of glycoprotein metabolism,E77,Disorders of glycoprotein metabolism,당단백질대사장애
E78,Disorders of lipoprotein metabolism and other lipidaemias,E78,Disorders of lipoprotein metabolism and other lipidaemias,지질단백질대사장애 및 기타 지질증
E79,Disorders of purine and pyrimidine metabolism,E79,Disorders of purine and pyrimidine metabolism,퓨린 및 피리미딘의 대사장애
E80,Disorders of porphyrin and bilirubin metabolism,E80,Disorders of porphyrin and bilirubin metabolism,포르피린 및 빌리루빈 대사장애
E83,Disorders of mineral metabolism,E83,Disorders of mineral metabolism,무기질대사장애
E84,Cystic fibrosis,E84,Cystic fibrosis,낭성 섬유증
E85,Amyloidosis,E85,Amyloidosis,아밀로이드증
E86,Volume depletion,E86,Volume depletion,용적고갈
E87,"Other disorders of fluid, electrolyte and acid-base balance",E87,"Other disorders of fluid, electrolyte and acid-base balance","수분, 전해질 및 산-염기균형의 기타 장애"
E88,Other metabolic disorders,E88,Other metabolic disorders,기타 대사장애
E89,"Postprocedural endocrine and metabolic disorders, NEC",E89,"Postprocedural endocrine and metabolic disorders, NEC",달리 분류되지 않은 처치후 내분비 및 대사 장애
E90,Nutritional and metabolic disorders in diseases classified elsewhere,E90,Nutritional and metabolic disorders in diseases classified elsewhere,달리 분류된 질환에서의 영양 및 대사 장애
F00,Dementia in Alzheimer’s disease(G30.-†),F00,Dementia in Alzheimer’s disease(G30.-†),알츠하이머병에서의 치매(G30.-†)
F01,Vascular dementia,F01,Vascular dementia,혈관성 치매
F02,Dementia in other diseases classified elsewhere,F02,Dementia in other diseases classified elsewhere,달리 분류된 기타 질환에서의 치매
F03,Unspecified dementia,F03,Unspecified dementia,상세불명의 치매
F04,"Organic amnesic syndrome, not induced by alcohol and other psychoactive substances",F04,"Organic amnesic syndrome, not induced by alcohol and other psychoactive substances",알코올 및 기타 정신활성물질에 의해 유발된 것이 아닌 기질성 기억상실증후군
F05,"Delirium, not induced by alcohol and other psychoactive substances",F05,"Delirium, not induced by alcohol and other psychoactive substances",알코올 및 기타 정신활성물질에 의하여 유발된 것이 아닌 섬망
F06,Other mental disorders due to brain damage and dysfunction and to physical disease,F06,Other mental disorders due to brain damage and dysfunction and to physical disease,"뇌손상, 뇌기능이상 및 신체질환에 의한 기타 정신장애"
F07,"Personality and behavioural disorders due to brain disease, damage and dysfunction",F07,"Personality and behavioural disorders due to brain disease, damage and dysfunction","뇌질환, 뇌손상 및 기능이상에 의한 인격 및 행동장애"
F09,Unspecified organic or symptomatic mental disorder,F09,Unspecified organic or symptomatic mental disorder,상세불명의 기질성 또는 증상성 정신장애
F10,Mental and behavioural disorders due to use of alcohol,F10,Mental and behavioural disorders due to use of alcohol,알코올사용에 의한 정신 및 행동 장애
F11,Mental and behavioural disorders due to use of opioids,F11,Mental and behavioural disorders due to use of opioids,아편유사제 사용에 의한 정신 및 행동 장애
F12,Mental and behavioural disorders due to use of cannabinoids,F12,Mental and behavioural disorders due to use of cannabinoids,카나비노이드 사용에 의한 정신 및 행동 장애
F13,Mental and behavioural disorders due to use of sedatives or hypnotics,F13,Mental and behavioural disorders due to use of sedatives or hypnotics,진정제 또는 수면제 사용에 의한 정신 및 행동 장애
F14,Mental and behavioural disorders due to use of cocaine,F14,Mental and behavioural disorders due to use of cocaine,코카인 사용에 의한 정신 및 행동 장애
F15,"Mental and behavioural disorders due to use of other stimulants, including caffeine",F15,"Mental and behavioural disorders due to use of other stimulants, including caffeine",카페인을 포함하는 기타 흥분제 사용에 의한 정신 및 행동 장애
F16,Mental and behavioural disorders due to use of hallucinogens,F16,Mental and behavioural disorders due to use of hallucinogens,환각제 사용에 의한 정신 및 행동 장애
F17,Mental and behavioural disorders due to use of tobacco,F17,Mental and behavioural disorders due to use of tobacco,담배흡연에 의한 정신 및 행동 장애
F18,Mental and behavioural disorders due to use of volatile solvents,F18,Mental and behavioural disorders due to use of volatile solvents,휘발용제 사용에 의한 정신 및 행동 장애
F19,Mental and behavioural disorders due to multiple drug use and use of other psychoactive substances,F19,Mental and behavioural disorders due to multiple drug use and use of other psychoactive substances,여러 약물 사용 및 기타 정신활성물질의 사용에 의한 정신 및 행동 장애
F20,Schizophrenia,F20,Schizophrenia,조현병
F21,Schizotypal disorder,F21,Schizotypal disorder,조현형장애
F22,Persistent delusional disorders,F22,Persistent delusional disorders,지속성 망상장애
F23,Acute and transient psychotic disorders,F23,Acute and transient psychotic disorders,급성 및 일과성 정신병장애
F24,Induced delusional disorder,F24,Induced delusional disorder,유도망상장애
F25,Schizoaffective disorders,F25,Schizoaffective disorders,조현정동장애
F28,Other nonorganic psychotic disorders,F28,Other nonorganic psychotic disorders,기타 비기질성 정신병장애
F29,Unspecified nonorganic psychosis,F29,Unspecified nonorganic psychosis,상세불명의 비기질성 정신병
F30,Manic episode,F30,Manic episode,조증에피소드
F31,Bipolar affective disorder,F31,Bipolar affective disorder,양극성 정동장애
F32,Depressive episode,F32,Depressive episode,우울에피소드
F33,Recurrent depressive disorder,F33,Recurrent depressive disorder,재발성 우울장애
F34,Persistent mood [affective] disorders,F34,Persistent mood [affective] disorders,지속성 기분[정동]장애
F38,Other mood [affective] disorders,F38,Other mood [affective] disorders,기타 기분[정동]장애
F39,Unspecified mood[affective] disorder,F39,Unspecified mood[affective] disorder,상세불명의 기분[정동]장애
F40,Phobic anxiety disorders,F40,Phobic anxiety disorders,공포성 불안장애
F41,Other anxiety disorders,F41,Other anxiety disorders,기타 불안장애
F42,Obsessive-compulsive disorder,F42,Obsessive-compulsive disorder,강박장애
F43,"Reaction to severe stress, and adjustment disorders",F43,"Reaction to severe stress, and adjustment disorders",심한 스트레스에 대한 반응 및 적응장애
F44,Dissociative [conversion] disorders,F44,Dissociative [conversion] disorders,해리[전환]장애
F45,Somatoform disorders,F45,Somatoform disorders,신체형장애
F48,Other neurotic disorders,F48,Other neurotic disorders,기타 신경성 장애
F50,Eating disorders,F50,Eating disorders,식사장애
F51,Nonorganic sleep disorders,F51,Nonorganic sleep disorders,비기질성 수면장애
F52,"Sexual dysfunction, not caused by organic disorder or disease",F52,"Sexual dysfunction, not caused by organic disorder or disease",기질성 장애나 질병에 의하지 않은 성기능장애
F53,"Mental and behavioural disorders associated with the puerperium, NEC",F53,"Mental and behavioural disorders associated with the puerperium, NEC",달리 분류되지 않은 산후기의 정신 및 행동 장애
F54,Psychological and behavioural factors associated with disorders or diseases classified elsewhere,F54,Psychological and behavioural factors associated with disorders or diseases classified elsewhere,달리 분류된 장애나 질환에 연관된 심리적 요인 및 행동적 요인
F55,Abuse of non-dependence-producing substances,F55,Abuse of non-dependence-producing substances,비의존성 물질의 남용
F59,Unspecified behavioural syndromes associated with physiological disturbances and physical factors,F59,Unspecified behavioural syndromes associated with physiological disturbances and physical factors,생리적 장애 및 신체적 요인과 연관된 상세불명의 행동증후군
F60,Specific personality disorders,F60,Specific personality disorders,특정 인격장애
F61,Mixed and other personality disorders,F61,Mixed and other personality disorders,혼합형 및 기타 인격장애
F62,"Enduring personality changes, not attributable to brain damage and disease",F62,"Enduring personality changes, not attributable to brain damage and disease",뇌 손상과 질병이 원인이 아닌 지속적인 인격변화
F63,Habit and impulse disorders,F63,Habit and impulse disorders,습관 및 충동 장애
F64,Gender identity disorders,F64,Gender identity disorders,성주체성장애
F65,Disorders of sexual preference,F65,Disorders of sexual preference,성선호장애
F66,Psychological and behavioural disorders associated with sexual development and orientation,F66,Psychological and behavioural disorders associated with sexual development and orientation,성적 발달과 지향에 관계된 심리적 장애 및 행동장애
F68,Other disorders of adult personality and behaviour,F68,Other disorders of adult personality and behaviour,성인의 인격 및 행동의 기타 장애
F69,Unspecified disorder of adult personality and behaviour,F69,Unspecified disorder of adult personality and behaviour,성인의 인격 및 행동의 상세불명의 장애
F70,Mild mental retardation,F70,Mild mental retardation,경도 정신지체
F71,Moderate mental retardation,F71,Moderate mental retardation,중등도 정신지체
F72,Severe mental retardation,F72,Severe mental retardation,중증 정신지체
F73,Profound mental retardation,F73,Profound mental retardation,최중증 정신지체
F78,Other mental retardation,F78,Other mental retardation,기타 정신지체
F79,Unspecified mental retardation,F79,Unspecified mental retardation,상세불명의 정신지체
F80,Specific developmental disorders of speech and language,F80,Specific developmental disorders of speech and language,말하기와 언어의 특정 발달장애
F81,Specific developmental disorders of scholastic skills,F81,Specific developmental disorders of scholastic skills,학습술기의 특정 발달장애
F82,Specific developmental disorder of motor function,F82,Specific developmental disorder of motor function,운동기능의 특정 발달장애
F83,Mixed specific developmental disorders,F83,Mixed specific developmental disorders,혼합형 특정 발달장애
F84,Pervasive developmental disorders,F84,Pervasive developmental disorders,전반발달장애
F88,Other disorders of psychological development,F88,Other disorders of psychological development,심리적 발달의 기타 장애
F89,Unspecified disorder of psychological development,F89,Unspecified disorder of psychological development,심리적 발달의 상세불명의 장애
F90,Hyperkinetic disorders,F90,Hyperkinetic disorders,운동과다장애
F91,Conduct disorders,F91,Conduct disorders,행동장애
F92,Mixed disorders of conduct and emotions,F92,Mixed disorders of conduct and emotions,행동 및 정서의 혼합 장애
F93,Emotional disorders with onset specific to childhood,F93,Emotional disorders with onset specific to childhood,소아기에만 발병하는 정서장애
F94,Disorders of social functioning with onset specific to childhood and adolescence,F94,Disorders of social functioning with onset specific to childhood and adolescence,소아기 및 청소년기에만 발병하는 사회적 기능수행장애
F95,Tic disorders,F95,Tic disorders,틱장애
F98,Other behavioural and emotional disorders with onset usually occurring in childhood and adolescence,F98,Other behavioural and emotional disorders with onset usually occurring in childhood and adolescence,소아기 및 청소년기에 주로 발병하는 기타 행동 및 정서장애
F99,Mental disorder NOS,F99,Mental disorder NOS,정신장애 NOS
G00,"Bacterial meningitis, NEC",G00,"Bacterial meningitis, NEC",달리 분류되지 않은 세균성 수막염
G01,Meningitis in bacterial diseases classified elsewhere,G01,Meningitis in bacterial diseases classified elsewhere,달리 분류된 세균성 질환에서의 수막염
G02,Meningitis in other infectious and parasitic diseases classified elsewhere,G02,Meningitis in other infectious and parasitic diseases classified elsewhere,달리 분류된 기타 감염성 및 기생충 질환에서의 수막염
G03,Meningitis due to other and unspecified causes,G03,Meningitis due to other and unspecified causes,기타 및 상세불명의 원인에 의한 수막염
G04,"Encephalitis, myelitis and encephalomyelitis",G04,"Encephalitis, myelitis and encephalomyelitis","뇌염, 척수염 및 뇌척수염"
G05,"Encephalitis, myelitis and encephalomyelitis in diseases classified elsewhere",G05,"Encephalitis, myelitis and encephalomyelitis in diseases classified elsewhere","달리 분류된 질환에서의 뇌염, 척수염 및 뇌척수염"
G06,Intracranial and intraspinal abscess and granuloma,G06,Intracranial and intraspinal abscess and granuloma,두개내 및 척추내 농양 및 육아종
G07,Intracranial and intraspinal abscess and granuloma in diseases classified elsewhere,G07,Intracranial and intraspinal abscess and granuloma in diseases classified elsewhere,달리 분류된 질환에서의 두개내 및 척추내 농양 및 육아종
G08,Intracranial and intraspinal phlebitis and thrombophlebitis,G08,Intracranial and intraspinal phlebitis and thrombophlebitis,두개내 및 척추내 정맥염 및 혈전정맥염
G09,Sequelae of inflammatory diseases of central nervous system,G09,Sequelae of inflammatory diseases of central nervous system,중추신경계통의 염증성 질환의 후유증
G10,Huntington’s disease,G10,Huntington’s disease,헌팅톤병
G11,Hereditary ataxia,G11,Hereditary ataxia,유전성 운동실조
G12,Spinal muscular atrophy and related syndromes,G12,Spinal muscular atrophy and related syndromes,척수성 근위축 및 관련 증후군
G13,Systemic atrophies primarily affecting central nervous system in diseases classified elsewhere,G13,Systemic atrophies primarily affecting central nervous system in diseases classified elsewhere,달리 분류된 질환에서의 일차적으로 중추신경계통에 영향을 주는 계통성 위축
G14,Postpolio syndrome,G14,Postpolio syndrome,소아마비후증후군
G20,Parkinson’s disease,G20,Parkinson’s disease,파킨슨병
G21,Secondary parkinsonism,G21,Secondary parkinsonism,이차성 파킨슨증
G22,Parkinsonism in diseases classified elsewhere,G22,Parkinsonism in diseases classified elsewhere,달리 분류된 질환에서의 파킨슨증
G23,Other degenerative diseases of basal ganglia,G23,Other degenerative diseases of basal ganglia,기저핵의 기타 퇴행성 질환
G24,Dystonia,G24,Dystonia,근긴장이상
G25,Other extrapyramidal and movement disorders,G25,Other extrapyramidal and movement disorders,기타 추체외로 및 운동 장애
G26,Extrapyramidal and movement disorders in diseases classified elsewhere,G26,Extrapyramidal and movement disorders in diseases classified elsewhere,달리 분류된 질환에서의 추체외로 및 운동 장애
G30,Alzheimer’s disease,G30,Alzheimer’s disease,알츠하이머병
G31,Other degenerative diseases of nervous system NEC,G31,Other degenerative diseases of nervous system NEC,달리 분류되지 않은 신경계통의 기타 퇴행성 질환
G32,Other degenerative disorders of nervous system in diseases classified elsewhere,G32,Other degenerative disorders of nervous system in diseases classified elsewhere,달리 분류된 질환에서의 신경계통의 기타 퇴행장애
G35,Multiple sclerosis,G35,Multiple sclerosis,다발경화증
G36,Other acute disseminated demyelination,G36,Other acute disseminated demyelination,기타 급성 파종성 탈수초
G37,Other demyelinating diseases of central nervous system,G37,Other demyelinating diseases of central nervous system,중추신경계통의 기타 탈수초질환
G40,Epilepsy,G40,Epilepsy,뇌전증
G41,Status epilepticus,G41,Status epilepticus,뇌전증지속상태
G43,Migraine,G43,Migraine,편두통
G44,Other headache syndromes,G44,Other headache syndromes,기타 두통증후군
G45,Transient cerebral ischaemic attacks and related syndromes,G45,Transient cerebral ischaemic attacks and related syndromes,일과성 뇌허혈발작 및 관련 증후군
G46,Vascular syndromes of brain in cerebro- vascular diseases(I60-I67†),G46,Vascular syndromes of brain in cerebro- vascular diseases(I60-I67†),뇌혈관질환에서의 뇌의 혈관증후군(I60-I67†)
G47,Sleep disorders,G47,Sleep disorders,수면장애
G50,Disorders of trigeminal nerve,G50,Disorders of trigeminal nerve,삼차신경의 장애
G51,Facial nerve disorders,G51,Facial nerve disorders,안면신경장애
G52,Disorders of other cranial nerves,G52,Disorders of other cranial nerves,기타 뇌신경의 장애
G53,Cranial nerve disorders in diseases classified elsewhere,G53,Cranial nerve disorders in diseases classified elsewhere,달리 분류된 질환에서의 뇌신경장애
G54,Nerve root and plexus disorders,G54,Nerve root and plexus disorders,신경근 및 신경총 장애
G55,Nerve root and plexus compressions in diseases classified elsewhere,G55,Nerve root and plexus compressions in diseases classified elsewhere,달리 분류된 질환에서의 신경근 및 신경총 압박
G56,Mononeuropathies of upper limb,G56,Mononeuropathies of upper limb,팔의 단일신경병증
G57,Mononeuropathies of lower limb,G57,Mononeuropathies of lower limb,다리의 단일신경병증
G58,Other mononeuropathies,G58,Other mononeuropathies,기타 단일신경병증
G59,Mononeuropathy in diseases classified elsewhere,G59,Mononeuropathy in diseases classified elsewhere,달리 분류된 질환에서의 단일신경병증
G60,Hereditary and idiopathic neuropathy,G60,Hereditary and idiopathic neuropathy,유전성 및 특발성 신경병증
G61,Inflammatory polyneuropathy,G61,Inflammatory polyneuropathy,염증성 다발신경병증
G62,Other polyneuropathies,G62,Other polyneuropathies,기타 다발신경병증
G63,Polyneuropathy in diseases classified elsewhere,G63,Polyneuropathy in diseases classified elsewhere,달리 분류된 질환에서의 다발신경병증
G64,Other disorders of peripheral nervous system,G64,Other disorders of peripheral nervous system,말초신경계통의 기타 장애
G70,Myasthenia gravis and other myoneural disorders,G70,Myasthenia gravis and other myoneural disorders,중증근무력증 및 기타 근신경장애
G71,Primary disorders of muscles,G71,Primary disorders of muscles,근육의 원발성 장애
G72,Other myopathies,G72,Other myopathies,기타 근육병증
G73,Disorders of myoneural junction and muscle in diseases classified elsewhere,G73,Disorders of myoneural junction and muscle in diseases classified elsewhere,달리 분류된 질환에서의 신경근접합부 및 근육의 장애
G80,Cerebral palsy,G80,Cerebral palsy,뇌성마비
G81,Hemiplegia,G81,Hemiplegia,편마비
G82,Paraplegia and tetraplegia,G82,Paraplegia and tetraplegia,하반신마비 및 사지마비
G83,Other paralytic syndromes,G83,Other paralytic syndromes,기타 마비증후군
G90,Disorders of autonomic nervous system,G90,Disorders of autonomic nervous system,자율신경계통의 장애
G91,Hydrocephalus,G91,Hydrocephalus,수두증
G92,Toxic encephalopathy,G92,Toxic encephalopathy,독성뇌병증
G93,Other disorders of brain,G93,Other disorders of brain,뇌의 기타 장애
G94,Other disorders of brain in diseases classified elsewhere,G94,Other disorders of brain in diseases classified elsewhere,달리 분류된 질환에서의 뇌의 기타 장애
G95,Other diseases of spinal cord,G95,Other diseases of spinal cord,척수의 기타 질환
G96,Other disorders of central nervous system,G96,Other disorders of central nervous system,중추신경계통의 기타 장애
G97,"Postprocedural disorders of nervous system, NEC",G97,"Postprocedural disorders of nervous system, NEC",달리 분류되지 않은 신경계통의 처치후 장애
G98,"Other disorders of nervous system, NEC",G98,"Other disorders of nervous system, NEC",달리 분류되지 않은 신경계통의 기타 장애
G99,Other disorders of nervous system in diseases classified elsewhere,G99,Other disorders of nervous system in diseases classified elsewhere,달리 분류된 질환에서의 신경계통의 기타 장애
H00,Hordeolum and chalazion,H00,Hordeolum and chalazion,맥립종 및 콩다래끼
H01,Other inflammation of eyelid,H01,Other inflammation of eyelid,눈꺼풀의 기타 염증
H02,Other disorders of eyelid,H02,Other disorders of eyelid,눈꺼풀의 기타 장애
H03,Disorders of eyelid in diseases classified elsewhere,H03,Disorders of eyelid in diseases classified elsewhere,달리 분류된 질환에서의 눈꺼풀의 장애
H04,Disorders of lacrimal system,H04,Disorders of lacrimal system,눈물계통의 장애
H05,Disorders of orbit,H05,Disorders of orbit,안와의 장애
H06,Disorders of lacrimal system and orbit in diseases classified elsewhere,H06,Disorders of lacrimal system and orbit in diseases classified elsewhere,달리 분류된 질환에서의 눈물계통 및 안와의 장애
H10,Conjunctivitis,H10,Conjunctivitis,결막염
H11,Other disorders of conjunctiva,H11,Other disorders of conjunctiva,결막의 기타 장애
H13,Disorders of conjunctiva in diseases classified elsewhere,H13,Disorders of conjunctiva in diseases classified elsewhere,달리 분류된 질환에서의 결막의 장애
H15,Disorders of sclera,H15,Disorders of sclera,공막의 장애
H16,Keratitis,H16,Keratitis,각막염
H17,Corneal scars and opacities,H17,Corneal scars and opacities,각막 흉터 및 혼탁
H18,Other disorders of cornea,H18,Other disorders of cornea,각막의 기타 장애
H19,Disorders of sclera and cornea in diseases classified elsewhere,H19,Disorders of sclera and cornea in diseases classified elsewhere,달리 분류된 질환에서의 공막 및 각막의 장애
H20,Iridocyclitis,H20,Iridocyclitis,홍채섬모체염
H21,Other disorders of iris and ciliary body,H21,Other disorders of iris and ciliary body,홍채 및 섬모체의 기타 장애
H22,Disorders of iris and ciliary body in diseases classified elsewhere,H22,Disorders of iris and ciliary body in diseases classified elsewhere,달리 분류된 질환에서의 홍채 및 섬모체의 장애
H25,Senile cataract,H25,Senile cataract,노년백내장
H26,Other cataract,H26,Other cataract,기타 백내장
H27,Other disorders of lens,H27,Other disorders of lens,수정체의 기타 장애
H28,Cataract and other disorders of lens in diseases classified elsewhere,H28,Cataract and other disorders of lens in diseases classified elsewhere,달리 분류된 질환에서의 백내장 및 수정체의 기타 장애
H30,Chorioretinal inflammation,H30,Chorioretinal inflammation,맥락망막염증
H31,Other disorders of choroid,H31,Other disorders of choroid,맥락막의 기타 장애
H32,Chorioretinal disorders in diseases classified elsewhere,H32,Chorioretinal disorders in diseases classified elsewhere,달리 분류된 질환에서의 맥락망막장애
H33,Retinal detachments and breaks,H33,Retinal detachments and breaks,망막박리 및 망막열공
H34,Retinal vascular occlusions,H34,Retinal vascular occlusions,망막혈관폐쇄
H35,Other retinal disorders,H35,Other retinal disorders,기타 망막장애
H36,Retinal disorders in diseases classified elsewhere,H36,Retinal disorders in diseases classified elsewhere,달리 분류된 질환에서의 망막장애
H40,Glaucoma,H40,Glaucoma,녹내장
H42,Glaucoma in diseases classified elsewhere,H42,Glaucoma in diseases classified elsewhere,달리 분류된 질환에서의 녹내장
H43,Disorders of vitreous body,H43,Disorders of vitreous body,유리체의 장애
H44,Disorders of globe,H44,Disorders of globe,안구의 장애
H45,Disorders of vitreous body and globe in diseases classified elsewhere,H45,Disorders of vitreous body and globe in diseases classified elsewhere,달리 분류된 질환에서의 유리체 및 안구의 장애
H46,Optic neuritis,H46,Optic neuritis,시신경염
H47,Other disorders of optic[2nd] nerve and visual pathways,H47,Other disorders of optic[2nd] nerve and visual pathways,시[제2]신경 및 시각경로의 기타 장애
H48,Disorders of optic[2nd] nerve and visual pathways in diseases classified elsewhere,H48,Disorders of optic[2nd] nerve and visual pathways in diseases classified elsewhere,달리 분류된 질환에서의 시[제2]신경 및 시각경로의 장애
H49,Paralytic strabismus,H49,Paralytic strabismus,마비성 사시
H50,Other strabismus,H50,Other strabismus,기타 사시
H51,Other disorders of binocular movement,H51,Other disorders of binocular movement,양안운동의 기타 장애
H52,Disorders of refraction and accommodation,H52,Disorders of refraction and accommodation,굴절 및 조절의 장애
H53,Visual disturbances,H53,Visual disturbances,시각장애
H54,Visual impairment including blindness (binocular or monocular),H54,Visual impairment including blindness (binocular or monocular),실명을 포함한 시력장애(양안의 또는 단안의)
H55,Nystagmus and other irregular eye movements,H55,Nystagmus and other irregular eye movements,안진 및 기타 불규칙적 눈운동
H57,Other disorders of eye and adnexa,H57,Other disorders of eye and adnexa,눈 및 눈부속기의 기타 장애
H58,Other disorders of eye and adnexa in diseases classified elsewhere,H58,Other disorders of eye and adnexa in diseases classified elsewhere,달리 분류된 질환에서의 눈 및 눈부속기의 기타 장애
H59,"Postprocedural disorders of eye and adnexa, NEC",H59,"Postprocedural disorders of eye and adnexa, NEC",달리 분류되지 않은 눈 및 눈부속기의 처치후 장애
H60,Otitis externa,H60,Otitis externa,외이염
H61,Other disorders of external ear,H61,Other disorders of external ear,외이의 기타 장애
H62,Disorders of external ear in diseases classified elsewhere,H62,Disorders of external ear in diseases classified elsewhere,달리 분류된 질환에서의 외이의 장애
H65,Nonsuppurative otitis media,H65,Nonsuppurative otitis media,비화농성 중이염
H66,Suppurative and unspecified otitis media,H66,Suppurative and unspecified otitis media,화농성 및 상세불명의 중이염
H67,Otitis media in diseases classified elsewhere,H67,Otitis media in diseases classified elsewhere,달리 분류된 질환에서의 중이염
H68,Eustachian salpingitis and obstruction,H68,Eustachian salpingitis and obstruction,귀인두관염 및 귀인두관 폐색
H69,Other disorders of Eustachian tube,H69,Other disorders of Eustachian tube,귀인두관의 기타 장애
H70,Mastoiditis and related conditions,H70,Mastoiditis and related conditions,유돌염 및 관련 병태
H71,Cholesteatoma of middle ear,H71,Cholesteatoma of middle ear,중이의 진주종
H72,Perforation of tympanic membrane,H72,Perforation of tympanic membrane,고막의 천공
H73,Other disorders of tympanic membrane,H73,Other disorders of tympanic membrane,고막의 기타 장애
H74,Other disorders of middle ear and mastoid,H74,Other disorders of middle ear and mastoid,중이 및 유돌의 기타 장애
H75,Other disorders of middle ear and mastoid in diseases classified elsewhere,H75,Other disorders of middle ear and mastoid in diseases classified elsewhere,달리 분류된 질환에서의 중이 및 유돌의 기타 장애
H80,Otosclerosis,H80,Otosclerosis,귀경화증
H81,Disorders of vestibular function,H81,Disorders of vestibular function,전정기능의 장애
H82,Vertiginous syndromes in diseases classified elsewhere,H82,Vertiginous syndromes in diseases classified elsewhere,달리 분류된 질환에서의 현기증후군
H83,Other diseases of inner ear,H83,Other diseases of inner ear,내이의 기타 질환
H90,Conductive and sensorineural hearing loss,H90,Conductive and sensorineural hearing loss,전음성 및 감각신경성 청력소실
H91,Other hearing loss,H91,Other hearing loss,기타 청력소실
H92,Otalgia and effusion of ear,H92,Otalgia and effusion of ear,귀통증 및 귀의 삼출액
H93,"Other disorders of ear, NEC",H93,"Other disorders of ear, NEC",달리 분류되지 않은 귀의 기타 장애
H94,Other disorders of ear in diseases classified elsewhere,H94,Other disorders of ear in diseases classified elsewhere,달리 분류된 질환에서의 귀의 기타 장애
H95,"Postprocedural disorders of ear and mastoid process, NEC",H95,"Postprocedural disorders of ear and mastoid process, NEC",달리 분류되지 않은 귀 및 유돌의 처치후 장애
I00,Rheumatic fever without mention of heart involvement,I00,Rheumatic fever without mention of heart involvement,심장침범에 대한 언급이 없는 류마티스열
I01,Rheumatic fever with heart involvement,I01,Rheumatic fever with heart involvement,심장 침범이 있는 류마티스열
I02,Rheumatic chorea,I02,Rheumatic chorea,류마티스무도병
I05,Rheumatic mitral valve diseases,I05,Rheumatic mitral valve diseases,류마티스성 승모판질환
I06,Rheumatic aortic valve diseases,I06,Rheumatic aortic valve diseases,류마티스성 대동맥판질환
I07,Rheumatic tricuspid valve diseases,I07,Rheumatic tricuspid valve diseases,류마티스성 삼첨판질환
I08,Multiple valve diseases,I08,Multiple valve diseases,다발판막질환
I09,Other rheumatic heart diseases,I09,Other rheumatic heart diseases,기타 류마티스심장질환
I10,Essential(primary) hypertension,I10,Essential(primary) hypertension,본태성(원발성) 고혈압
I11,Hypertensive heart disease,I11,Hypertensive heart disease,고혈압성 심장병
I12,Hypertensive renal disease,I12,Hypertensive renal disease,고혈압성 신장병
I13,Hypertensive heart and renal disease,I13,Hypertensive heart and renal disease,고혈압성 심장 및 신장병
I15,Secondary hypertension,I15,Secondary hypertension,이차성 고혈압
I20,Angina pectoris,I20,Angina pectoris,협심증
I21,Acute myocardial infarction,I21,Acute myocardial infarction,급성 심근경색증
I22,Subsequent myocardial infarction,I22,Subsequent myocardial infarction,후속심근경색증
I23,Certain current complications following acute myocardial infarction,I23,Certain current complications following acute myocardial infarction,급성 심근경색증 후 특정 현존 합병증
I24,Other acute ischaemic heart diseases,I24,Other acute ischaemic heart diseases,기타 급성 허혈심장질환
I25,Chronic ischaemic heart disease,I25,Chronic ischaemic heart disease,만성 허혈심장병
I26,Pulmonary embolism,I26,Pulmonary embolism,폐색전증
I27,Other pulmonary heart diseases,I27,Other pulmonary heart diseases,기타 폐성 심장질환
I28,Other diseases of pulmonary vessels,I28,Other diseases of pulmonary vessels,폐혈관의 기타 질환
I30,Acute pericarditis,I30,Acute pericarditis,급성 심장막염
I31,Other diseases of pericardium,I31,Other diseases of pericardium,심장막의 기타 질환
I32,Pericarditis in diseases classified elsewhere,I32,Pericarditis in diseases classified elsewhere,달리 분류된 질환에서의 심장막염
I33,Acute and subacute endocarditis,I33,Acute and subacute endocarditis,급성 및 아급성 심내막염
I34,Nonrheumatic mitral valve disorders,I34,Nonrheumatic mitral valve disorders,비류마티스성 승모판장애
I35,Nonrheumatic aortic valve disorders,I35,Nonrheumatic aortic valve disorders,비류마티스성 대동맥판장애
I36,Nonrheumatic tricuspid valve disorders,I36,Nonrheumatic tricuspid valve disorders,비류마티스성 삼첨판장애
I37,Pulmonary valve disorders,I37,Pulmonary valve disorders,폐동맥판장애
I38,"Endocarditis, valve unspecified",I38,"Endocarditis, valve unspecified",상세불명 판막의 심내막염
I39,Endocarditis and heart valve disorders in diseases classified elsewhere,I39,Endocarditis and heart valve disorders in diseases classified elsewhere,달리 분류된 질환에서의 심내막염 및 심장판막장애
I40,Acute myocarditis,I40,Acute myocarditis,급성 심근염
I41,Myocarditis in diseases classified elsewhere,I41,Myocarditis in diseases classified elsewhere,달리 분류된 질환에서의 심근염
I42,Cardiomyopathy,I42,Cardiomyopathy,심근병증
I43,Cardiomyopathy in diseases classified elsewhere,I43,Cardiomyopathy in diseases classified elsewhere,달리 분류된 질환에서의 심근병증
I44,Atrioventricular and left bundle-branch block,I44,Atrioventricular and left bundle-branch block,방실차단 및 좌각차단
I45,Other conduction disorders,I45,Other conduction disorders,기타 전도장애
I46,Cardiac arrest,I46,Cardiac arrest,심장정지
I47,Paroxysmal tachycardia,I47,Paroxysmal tachycardia,발작성 빈맥
I48,Atrial fibrillation and flutter,I48,Atrial fibrillation and flutter,심방세동 및 조동
I49,Other cardiac arrhythmias,I49,Other cardiac arrhythmias,기타 심장부정맥
I50,Heart failure,I50,Heart failure,심부전
I51,Complications and ill-defined descriptions of heart disease,I51,Complications and ill-defined descriptions of heart disease,심장병의 불명확한 기록 및 합병증
I52,Other heart disorders in diseases classified elsewhere,I52,Other heart disorders in diseases classified elsewhere,달리 분류된 질환에서의 기타 심장장애
I60,Subarachnoid haemorrhage,I60,Subarachnoid haemorrhage,거미막하출혈
I61,Intracerebral haemorrhage,I61,Intracerebral haemorrhage,뇌내출혈
I62,Other nontraumatic intracranial haemorrhage,I62,Other nontraumatic intracranial haemorrhage,기타 비외상성 두개내출혈
I63,Cerebral infarction,I63,Cerebral infarction,뇌경색증
I64,"Stroke, not specified as haemorrhage or infarction",I64,"Stroke, not specified as haemorrhage or infarction",출혈 또는 경색증으로 명시되지 않은 뇌졸중
I65,"Occlusion and stenosis of precerebral arteries, not resulting in cerebral infarction",I65,"Occlusion and stenosis of precerebral arteries, not resulting in cerebral infarction",뇌경색증을 유발하지 않은 뇌전동맥의 폐쇄 및 협착
I66,"Occlusion and stenosis of cerebral arteries, not resulting in cerebral infarction",I66,"Occlusion and stenosis of cerebral arteries, not resulting in cerebral infarction",뇌경색증을 유발하지 않은 대뇌동맥의 폐쇄 및 협착
I67,Other cerebrovascular diseases,I67,Other cerebrovascular diseases,기타 뇌혈관질환
I68,Cerebrovascular disorders in diseases classified elsewhere,I68,Cerebrovascular disorders in diseases classified elsewhere,달리 분류된 질환에서의 뇌혈관장애
I69,Sequelae of cerebrovascular disease,I69,Sequelae of cerebrovascular disease,뇌혈관질환의 후유증
I70,Atherosclerosis,I70,Atherosclerosis,죽상경화증
I71,Aortic aneurysm and dissection,I71,Aortic aneurysm and dissection,대동맥동맥류 및 박리
I72,Other aneurysm and dissection,I72,Other aneurysm and dissection,기타 동맥류 및 박리
I73,Other peripheral vascular diseases,I73,Other peripheral vascular diseases,기타 말초혈관질환
I74,Arterial embolism and thrombosis,I74,Arterial embolism and thrombosis,동맥색전증 및 혈전증
I77,Other disorders of arteries and arterioles,I77,Other disorders of arteries and arterioles,동맥 및 세동맥의 기타 장애
I78,Diseases of capillaries,I78,Diseases of capillaries,모세혈관의 질환
I79,"Disorders of arteries, arterioles and capillaries in diseases classified elsewhere",I79,"Disorders of arteries, arterioles and capillaries in diseases classified elsewhere","달리 분류된 질환에서의 동맥, 세동맥 및 모세혈관의 장애"
I80,Phlebitis and thrombophlebitis,I80,Phlebitis and thrombophlebitis,정맥염 및 혈전정맥염
I81,Portal vein thrombosis,I81,Portal vein thrombosis,문맥혈전증
I82,Other venous embolism and thrombosis,I82,Other venous embolism and thrombosis,기타 정맥의 색전증 및 혈전증
I83,Varicose veins of lower extremities,I83,Varicose veins of lower extremities,하지의 정맥류
I84,Hemorrhoids,I84,Hemorrhoids,치핵
I85,Oesophageal varices,I85,Oesophageal varices,식도정맥류
I86,Varicose veins of other sites,I86,Varicose veins of other sites,기타 부위의 정맥류
I87,Other disorders of veins,I87,Other disorders of veins,정맥의 기타 장애
I88,Nonspecific lymphadenitis,I88,Nonspecific lymphadenitis,비특이성 림프절염
I89,Other noninfective disorders of lymphatic vessels and lymph nodes,I89,Other noninfective disorders of lymphatic vessels and lymph nodes,림프관 및 림프절의 기타 비감염성 장애
I95,Hypotension,I95,Hypotension,저혈압
I97,"Postprocedural disorders of circulatory system, NEC",I97,"Postprocedural disorders of circulatory system, NEC",달리 분류되지 않은 순환계통의 처치후 장애
I98,Other disorders of circulatory system in diseases classified elsewhere,I98,Other disorders of circulatory system in diseases classified elsewhere,달리 분류된 질환에서의 순환계통의 기타 장애
I99,Other and unspecified disorders of circulatory system,I99,Other and unspecified disorders of circulatory system,순환계통의 기타 및 상세불명의 장애
J00,Acute nasopharyngitis[common cold],J00,Acute nasopharyngitis[common cold],급성 비인두염[감기]
J01,Acute sinusitis,J01,Acute sinusitis,급성 부비동염
J02,Acute pharyngitis,J02,Acute pharyngitis,급성 인두염
J03,Acute tonsillitis,J03,Acute tonsillitis,급성 편도염
J04,Acute laryngitis and tracheitis,J04,Acute laryngitis and tracheitis,급성 후두염 및 기관염
J05,Acute obstructive laryngitis [croup] and epiglottitis,J05,Acute obstructive laryngitis [croup] and epiglottitis,급성 폐색성 후두염[크룹] 및 후두개염
J06,Acute upper respiratory infections of multiple and unspecified sites,J06,Acute upper respiratory infections of multiple and unspecified sites,다발성 및 상세불명 부위의 급성 상기도감염
J09,Influenza due to identified zoonotic or pandemic influenza virus,J09,Influenza due to identified zoonotic or pandemic influenza virus,확인된 동물매개 또는 범유행 인플루엔자바이러스에 의한 인플루엔자
J10,Influenza due to identified seasonal influenza virus,J10,Influenza due to identified seasonal influenza virus,확인된 계절성 인플루엔자바이러스에 의한 인플루엔자
J11,"Influenza, virus not identified",J11,"Influenza, virus not identified",바이러스가 확인되지 않은 인플루엔자
J12,"Viral pneumonia, NEC",J12,"Viral pneumonia, NEC",달리 분류되지 않은 바이러스폐렴
J13,Pneumonia due to Streptococcus pneumoniae,J13,Pneumonia due to Streptococcus pneumoniae,폐렴연쇄알균에 의한 폐렴
J14,Pneumonia due to Haemophilus influenzae,J14,Pneumonia due to Haemophilus influenzae,인플루엔자균에 의한 폐렴
J15,"Bacterial pneumonia, NEC",J15,"Bacterial pneumonia, NEC",달리 분류되지 않은 세균성 폐렴
J16,"Pneumonia due to other infectious organisms, NEC",J16,"Pneumonia due to other infectious organisms, NEC",달리 분류되지 않은 기타 감염성 병원체에 의한 폐렴
J17,Pneumonia in diseases classified elsewhere,J17,Pneumonia in diseases classified elsewhere,달리 분류된 질환에서의 폐렴
J18,"Pneumonia, organism unspecified",J18,"Pneumonia, organism unspecified",상세불명 병원체의 폐렴
J20,Acute bronchitis,J20,Acute bronchitis,급성 기관지염
J21,Acute bronchiolitis,J21,Acute bronchiolitis,급성 세기관지염
J22,Unspecified acute lower respiratory infection,J22,Unspecified acute lower respiratory infection,상세불명의 급성 하기도감염
J30,Vasomotor and allergic rhinitis,J30,Vasomotor and allergic rhinitis,혈관운동성 및 알레르기성 비염
J31,"Chronic rhinitis, nasopharyngitis and pharyngitis",J31,"Chronic rhinitis, nasopharyngitis and pharyngitis","만성 비염, 비인두염 및 인두염"
J32,Chronic sinusitis,J32,Chronic sinusitis,만성 부비동염
J33,Nasal polyp,J33,Nasal polyp,코용종
J34,Other disorders of nose and nasal sinuses,J34,Other disorders of nose and nasal sinuses,코 및 비동의 기타 장애
J35,Chronic diseases of tonsils and adenoids,J35,Chronic diseases of tonsils and adenoids,편도 및 아데노이드의 만성 질환
J36,Peritonsillar abscess,J36,Peritonsillar abscess,편도주위농양
J37,Chronic laryngitis and laryngotracheitis,J37,Chronic laryngitis and laryngotracheitis,만성 후두염 및 후두기관염
J38,"Diseases of vocal cords and larynx, NEC",J38,"Diseases of vocal cords and larynx, NEC",달리 분류되지 않은 성대 및 후두의 질환
J39,Other diseases of upper respiratory tract,J39,Other diseases of upper respiratory tract,상기도의 기타 질환
J40,"Bronchitis, not specified as acute or chronic",J40,"Bronchitis, not specified as acute or chronic",급성인지 만성인지 명시되지 않은 기관지염
J41,Simple and mucopurulent chronic bronchitis,J41,Simple and mucopurulent chronic bronchitis,단순성 및 점액화농성 만성 기관지염
J42,Unspecified chronic bronchitis,J42,Unspecified chronic bronchitis,상세불명의 만성 기관지염
J43,Emphysema,J43,Emphysema,폐기종
J44,Other chronic obstructive pulmonary disease,J44,Other chronic obstructive pulmonary disease,기타 만성 폐쇄성 폐질환
J45,Asthma,J45,Asthma,천식
J46,Status asthmaticus,J46,Status asthmaticus,천식지속상태
J47,Bronchiectasis,J47,Bronchiectasis,기관지확장증
J60,Coalworker’s pneumoconiosis,J60,Coalworker’s pneumoconiosis,탄광부진폐증
J61,Pneumoconiosis due to asbestos and other mineral fibres,J61,Pneumoconiosis due to asbestos and other mineral fibres,석면 및 기타 광섬유에 의한 진폐증
J62,Pneumoconiosis due to dust containing silica,J62,Pneumoconiosis due to dust containing silica,실리카를 함유한 먼지에 의한 진폐증
J63,Pneumoconiosis due to other inorganic dusts,J63,Pneumoconiosis due to other inorganic dusts,기타 무기물먼지에 의한 진폐증
J64,Unspecified pneumoconiosis,J64,Unspecified pneumoconiosis,상세불명의 진폐증
J65,Pneumoconiosis associated with tuberculosis,J65,Pneumoconiosis associated with tuberculosis,결핵과 연관된 진폐증
J66,Airway disease due to specific organic dust,J66,Airway disease due to specific organic dust,특정 유기물먼지에 의한 기도질환
J67,Hypersensitivity pneumonitis due to organic dust,J67,Hypersensitivity pneumonitis due to organic dust,유기물먼지에 의한 과민성 폐렴
J68,"Respiratory conditions due to inhalation of chemicals, gases, fumes and vapours",J68,"Respiratory conditions due to inhalation of chemicals, gases, fumes and vapours","화학물질, 가스, 훈증기 및 물김의 흡입에 의한 호흡기병태"
J69,Pneumonitis due to solids and liquids,J69,Pneumonitis due to solids and liquids,고체 및 액체에 의한 폐렴
J70,Respiratory conditions due to other external agents,J70,Respiratory conditions due to other external agents,기타 외부요인에 의한 호흡기병태
J80,Adult respiratory distress syndrome,J80,Adult respiratory distress syndrome,성인호흡곤란증후군
J81,Pulmonary oedema,J81,Pulmonary oedema,폐부종
J82,"Pulmonary eosinophilia, NEC",J82,"Pulmonary eosinophilia, NEC",달리 분류되지 않은 폐호산구증가
J84,Other interstitial pulmonary diseases,J84,Other interstitial pulmonary diseases,기타 간질성 폐질환
J85,Abscess of lung and mediastinum,J85,Abscess of lung and mediastinum,폐 및 종격의 농양
J86,Pyothorax,J86,Pyothorax,농흉
J90,"Pleural effusion, NEC",J90,"Pleural effusion, NEC",달리 분류되지 않은 흉막삼출액
J91,Pleural effusion in conditions classified elsewhere,J91,Pleural effusion in conditions classified elsewhere,달리 분류된 병태에서의 흉막삼출액
J92,Pleural plaque,J92,Pleural plaque,흉막판
J93,Pneumothorax,J93,Pneumothorax,기흉
J94,Other pleural conditions,J94,Other pleural conditions,기타 흉막의 병태
J95,"Postprocedural respiratory disorders, NEC",J95,"Postprocedural respiratory disorders, NEC",달리 분류되지 않은 처치후 호흡장애
J96,"Respiratory failure, NEC",J96,"Respiratory failure, NEC",달리 분류되지 않은 호흡부전
J98,Other respiratory disorders,J98,Other respiratory disorders,기타 호흡장애
J99,Respiratory disorders in diseases classified elsewhere,J99,Respiratory disorders in diseases classified elsewhere,달리 분류된 질환에서의 호흡장애
K00,Disorders of tooth development and eruption,K00,Disorders of tooth development and eruption,치아의 발육 및 맹출 장애
K01,Embedded and impacted teeth,K01,Embedded and impacted teeth,매몰치 및 매복치
K02,Dental caries,K02,Dental caries,치아우식
K03,Other diseases of hard tissues of teeth,K03,Other diseases of hard tissues of teeth,치아경조직의 기타 질환
K04,Diseases of pulp and periapical tissues,K04,Diseases of pulp and periapical tissues,치수 및 근단주위조직의 질환
K05,Gingivitis and periodontal diseases,K05,Gingivitis and periodontal diseases,치은염 및 치주질환
K06,Other disorders of gingiva and edentulous alveolar ridge,K06,Other disorders of gingiva and edentulous alveolar ridge,잇몸 및 무치성 치조융기의 기타 장애
K07,Dentofacial anomalies [including malocclusion],K07,Dentofacial anomalies [including malocclusion],치아얼굴이상[부정교합포함]
K08,Other disorders of teeth and supporting structures,K08,Other disorders of teeth and supporting structures,치아 및 지지구조의 기타 장애
K09,"Cysts of oral region, NEC",K09,"Cysts of oral region, NEC",달리 분류되지 않은 구강영역의 낭
K10,Other diseases of jaws,K10,Other diseases of jaws,턱의 기타 질환
K11,Diseases of salivary glands,K11,Diseases of salivary glands,침샘의 질환
K12,Stomatitis and related lesions,K12,Stomatitis and related lesions,구내염 및 관련 병변
K13,Other diseases of lip and oral mucosa,K13,Other diseases of lip and oral mucosa,입술 및 구강점막의 기타 질환
K14,Diseases of tongue,K14,Diseases of tongue,혀의 질환
K20,Oesophagitis,K20,Oesophagitis,식도염
K21,Gastro-oesophageal reflux disease,K21,Gastro-oesophageal reflux disease,위-식도역류병
K22,Other diseases of oesophagus,K22,Other diseases of oesophagus,식도의 기타 질환
K23,Disorders of oesophagus in diseases classified elsewhere,K23,Disorders of oesophagus in diseases classified elsewhere,달리 분류된 질환에서의 식도의 장애
K25,Gastric ulcer,K25,Gastric ulcer,위궤양
K26,Duodenal ulcer,K26,Duodenal ulcer,십이지장궤양
K27,"Peptic ulcer, site unspecified",K27,"Peptic ulcer, site unspecified",상세불명 부위의 소화성 궤양
K28,Gastrojejunal ulcer,K28,Gastrojejunal ulcer,위공장궤양
K29,Gastritis and duodenitis,K29,Gastritis and duodenitis,위염 및 십이지장염
K30,Functional dyspepsia,K30,Functional dyspepsia,기능성 소화불량
K31,Other diseases of stomach and duodenum,K31,Other diseases of stomach and duodenum,위 및 십이지장의 기타 질환
K35,Acute appendicitis,K35,Acute appendicitis,급성 충수염
K36,Other appendicitis,K36,Other appendicitis,기타 충수염
K37,Unspecified appendicitis,K37,Unspecified appendicitis,상세불명의 충수염
K38,Other diseases of appendix,K38,Other diseases of appendix,충수의 기타 질환
K40,Inguinal hernia,K40,Inguinal hernia,사타구니탈장
K41,Femoral hernia,K41,Femoral hernia,대퇴탈장
K42,Umbilical hernia,K42,Umbilical hernia,배꼽탈장
K43,Ventral hernia,K43,Ventral hernia,복벽탈장
K44,Diaphragmatic hernia,K44,Diaphragmatic hernia,횡격막탈장
K45,Other abdominal hernia,K45,Other abdominal hernia,기타 복부탈장
K46,Unspecified abdominal hernia,K46,Unspecified abdominal hernia,상세불명의 복부탈장
K50,Crohn’s disease[regional enteritis],K50,Crohn’s disease[regional enteritis],크론병[국소성 장염]
K51,Ulcerative colitis,K51,Ulcerative colitis,궤양성 대장염
K52,Other noninfective gastroenteritis and colitis,K52,Other noninfective gastroenteritis and colitis,기타 비감염성 위장염 및 결장염
K55,Vascular disorders of intestine,K55,Vascular disorders of intestine,장의 혈관장애
K56,Paralytic ileus and intestinal obstruction without hernia,K56,Paralytic ileus and intestinal obstruction without hernia,탈장이 없는 마비성 장폐색증 및 장폐쇄
K57,Diverticular disease of intestine,K57,Diverticular disease of intestine,장의 게실병
K58,Irritable bowel syndrome,K58,Irritable bowel syndrome,과민대장증후군
K59,Other functional intestinal disorders,K59,Other functional intestinal disorders,기타 기능성 장장애
K60,Fissure and fistula of anal and rectal regions,K60,Fissure and fistula of anal and rectal regions,항문 및 직장부의 열창 및 누공
K61,Abscess of anal and rectal regions,K61,Abscess of anal and rectal regions,항문 및 직장부의 농양
K62,Other diseases of anus and rectum,K62,Other diseases of anus and rectum,항문 및 직장의 기타 질환
K63,Other diseases of intestine,K63,Other diseases of intestine,장의 기타 질환
K64,Haemorrhoids and perianal venous thrombosis,K64,Haemorrhoids and perianal venous thrombosis,치핵 및 항문주위정맥혈전증
K65,Peritonitis,K65,Peritonitis,복막염
K66,Other disorders of peritoneum,K66,Other disorders of peritoneum,복막의 기타 장애
K67,Disorders of peritoneum in infectious diseases classified elsewhere,K67,Disorders of peritoneum in infectious diseases classified elsewhere,달리 분류된 감염성 질환에서의 복막의 장애
K70,Alcoholic liver disease,K70,Alcoholic liver disease,알코올성 간질환
K71,Toxic liver disease,K71,Toxic liver disease,독성간질환
K72,"Hepatic failure, NEC",K72,"Hepatic failure, NEC",달리 분류되지 않은 간부전
K73,"Chronic hepatitis, NEC",K73,"Chronic hepatitis, NEC",달리 분류되지 않은 만성 간염
K74,Fibrosis and cirrhosis of liver,K74,Fibrosis and cirrhosis of liver,간의 섬유증 및 경변증
K75,Other inflammatory liver diseases,K75,Other inflammatory liver diseases,기타 염증성 간질환
K76,Other diseases of liver,K76,Other diseases of liver,간의 기타 질환
K77,Liver disorders in disease classified elsewhere,K77,Liver disorders in disease classified elsewhere,달리 분류된 질환에서의 간장애
K80,Cholelithiasis,K80,Cholelithiasis,담석증
K81,Cholecystitis,K81,Cholecystitis,담낭염
K82,Other diseases of gallbladder,K82,Other diseases of gallbladder,담낭의 기타 질환
K83,Other diseases of biliary tract,K83,Other diseases of biliary tract,담도의 기타 질환
K85,Acute pancreatitis,K85,Acute pancreatitis,급성 췌장염
K86,Other diseases of pancreas,K86,Other diseases of pancreas,췌장의 기타 질환
K87,"Disorders of gallbladder, biliary tract and pancreas in diseases classified elsewhere",K87,"Disorders of gallbladder, biliary tract and pancreas in diseases classified elsewhere","달리 분류된 질환에서의 담낭, 담도 및 췌장의 장애"
K90,Intestinal malabsorption,K90,Intestinal malabsorption,장흡수장애
K91,"Postprocedural disorders of digestive system, NEC",K91,"Postprocedural disorders of digestive system, NEC",달리 분류되지 않은 소화계통의 처치후 장애
K92,Other diseases of digestive system,K92,Other diseases of digestive system,소화계통의 기타 질환
K93,Disorders of other digestive organs in diseases classified elsewhere,K93,Disorders of other digestive organs in diseases classified elsewhere,달리 분류된 질환에서의 기타 소화기관장애
L00,Staphylococcal scalded skin syndrome,L00,Staphylococcal scalded skin syndrome,포도알균성 화상피부증후군
L01,Impetigo,L01,Impetigo,농가진
L02,"Cutaneous abscess, furuncle and carbuncle",L02,"Cutaneous abscess, furuncle and carbuncle","피부의 농양, 종기 및 큰종기"
L03,Cellulitis,L03,Cellulitis,연조직염
L04,Acute lymphadenitis,L04,Acute lymphadenitis,급성 림프절염
L05,Pilonidal cyst,L05,Pilonidal cyst,모소낭
L08,Other local infections of skin and subcutaneous tissue,L08,Other local infections of skin and subcutaneous tissue,피부 및 피하조직의 기타 국소감염
L10,Pemphigus,L10,Pemphigus,천포창
L11,Other acantholytic disorders,L11,Other acantholytic disorders,기타 극세포분리장애
L12,Pemphigoid,L12,Pemphigoid,유사천포창
L13,Other bullous disorders,L13,Other bullous disorders,기타 수포성 장애
L14,Bullous disorders in diseases classified elsewhere,L14,Bullous disorders in diseases classified elsewhere,달리 분류된 질환에서의 수포성 장애
L20,Atopic dermatitis,L20,Atopic dermatitis,아토피성 피부염
L21,Seborrhoeic dermatitis,L21,Seborrhoeic dermatitis,지루피부염
L22,Diaper [napkin] dermatitis,L22,Diaper [napkin] dermatitis,기저귀[냅킨]피부염
L23,Allergic contact dermatitis,L23,Allergic contact dermatitis,알레르기성 접촉피부염
L24,Irritant contact dermatitis,L24,Irritant contact dermatitis,자극물접촉피부염
L25,Unspecified contact dermatitis,L25,Unspecified contact dermatitis,상세불명의 접촉피부염
L26,Exfoliative dermatitis,L26,Exfoliative dermatitis,탈락피부염
L27,Dermatitis due to substances taken internally,L27,Dermatitis due to substances taken internally,내부로 섭취된 물질에 의한 피부염
L28,Lichen simplex chronicus and prurigo,L28,Lichen simplex chronicus and prurigo,만성 단순태선 및 가려움발진
L29,Pruritus,L29,Pruritus,가려움
L30,Other dermatitis,L30,Other dermatitis,기타 피부염
L40,Psoriasis,L40,Psoriasis,건선
L41,Parapsoriasis,L41,Parapsoriasis,유사건선
L42,Pityriasis rosea,L42,Pityriasis rosea,장미색잔비늘증(비강진)
L43,Lichen planus,L43,Lichen planus,편평태선
L44,Other papulosquamous disorders,L44,Other papulosquamous disorders,기타 구진비늘장애
L45,Papulosquamous disorders in diseases classified elsewhere,L45,Papulosquamous disorders in diseases classified elsewhere,달리 분류된 질환에서의 구진비늘장애
L50,Urticaria,L50,Urticaria,두드러기
L51,Erythema multiforme,L51,Erythema multiforme,다형홍반
L52,Erythema nodosum,L52,Erythema nodosum,결절홍반
L53,Other erythematous conditions,L53,Other erythematous conditions,기타 홍반성 병태
L54,Erythema in diseases classified elsewhere,L54,Erythema in diseases classified elsewhere,달리 분류된 질환에서의 홍반
L55,Sunburn,L55,Sunburn,일광화상
L56,Other acute skin changes due to ultraviolet radiation,L56,Other acute skin changes due to ultraviolet radiation,자외선에 의한 기타 급성 피부변화
L57,Skin changes due to chronic exposure to nonionizing radiation,L57,Skin changes due to chronic exposure to nonionizing radiation,비이온화방사선 만성 노출에 의한 피부변화
L58,Radiodermatitis,L58,Radiodermatitis,방사선피부염
L59,Other disorders of skin and subcutaneous tissue related to radiation,L59,Other disorders of skin and subcutaneous tissue related to radiation,방사선에 관련된 피부 및 피하조직의 기타 장애
L60,Nail disorders,L60,Nail disorders,손발톱장애
L62,Nail disorders in diseases classified elsewhere,L62,Nail disorders in diseases classified elsewhere,달리 분류된 질환에서의 손발톱장애
L63,Alopecia areata,L63,Alopecia areata,원형 탈모증
L64,Androgenic alopecia,L64,Androgenic alopecia,안드로젠탈모증
L65,Other nonscarring hair loss,L65,Other nonscarring hair loss,기타 비흉터성 모발손실
L66,Cicatricial alopecia [scarring hair loss],L66,Cicatricial alopecia [scarring hair loss],흉터탈모증[흉터성 모발손실]
L67,Hair colour and hair shaft abnormalities,L67,Hair colour and hair shaft abnormalities,모발색 및 모발줄기 이상
L68,Hypertrichosis,L68,Hypertrichosis,털과다증
L70,Acne,L70,Acne,여드름
L71,Rosacea,L71,Rosacea,주사
L72,Follicular cysts of skin and subcutaneous tissue,L72,Follicular cysts of skin and subcutaneous tissue,피부 및 피하조직의 모낭낭
L73,Other follicular disorders,L73,Other follicular disorders,기타 모낭장애
L74,Eccrine sweat disorders,L74,Eccrine sweat disorders,에크린땀샘장애
L75,Apocrine sweat disorders,L75,Apocrine sweat disorders,아포크린땀샘장애
L80,Vitiligo,L80,Vitiligo,백반증
L81,Other disorders of pigmentation,L81,Other disorders of pigmentation,색소침착의 기타 장애
L82,Seborrhoeic keratosis,L82,Seborrhoeic keratosis,지루각화증
L83,Acanthosis nigricans,L83,Acanthosis nigricans,흑색극세포증
L84,Corns and callosities,L84,Corns and callosities,티눈 및 굳은살
L85,Other epidermal thickening,L85,Other epidermal thickening,기타 표피의 비후
L86,Keratoderma in diseases classified elsewhere,L86,Keratoderma in diseases classified elsewhere,달리 분류된 질환에서의 각피증
L87,Transepidermal elimination disorders,L87,Transepidermal elimination disorders,표피경유제거장애
L88,Pyoderma gangrenosum,L88,Pyoderma gangrenosum,괴저성 농피증
L89,Decubitus ulcer and pressure area,L89,Decubitus ulcer and pressure area,욕창궤양 및 압박부위
L90,Atrophic disorders of skin,L90,Atrophic disorders of skin,피부의 위축장애
L91,Hypertrophic disorders of skin,L91,Hypertrophic disorders of skin,피부의 비대성 장애
L92,Granulomatous disorders of skin and subcutaneous tissue,L92,Granulomatous disorders of skin and subcutaneous tissue,피부 및 피하조직의 육아종성 장애
L93,Lupus erythematosus,L93,Lupus erythematosus,홍반루푸스
L94,Other localized connective tissue disorders,L94,Other localized connective tissue disorders,기타 국소적 결합조직장애
L95,"Vasculitis limited to skin, NEC",L95,"Vasculitis limited to skin, NEC",달리 분류되지 않은 피부에 한정된 혈관염
L97,"Ulcer of lower limb, NEC",L97,"Ulcer of lower limb, NEC",달리 분류되지 않은 다리의 궤양
L98,"Other disorders of skin and subcutaneous tissue, NEC",L98,"Other disorders of skin and subcutaneous tissue, NEC",달리 분류되지 않은 피부 및 피하조직의 기타 장애
L99,Other disorders of skin and subcutaneous tissue in diseases classified elsewhere,L99,Other disorders of skin and subcutaneous tissue in diseases classified elsewhere,달리 분류된 질환에서의 피부 및 피하조직의 기타 장애
M00,Pyogenic arthritis,M00,Pyogenic arthritis,화농성 관절염
M01,Direct infections of joint in infectious and parasitic diseases classified elsewhere,M01,Direct infections of joint in infectious and parasitic diseases classified elsewhere,달리 분류된 감염성 및 기생충성 질환에서의 관절의 직접감염
M02,Reactive arthropathies,M02,Reactive arthropathies,반응성 관절병증
M03,Postinfective and reactive arthropathies in diseases classified elsewhere,M03,Postinfective and reactive arthropathies in diseases classified elsewhere,달리 분류된 질환에서의 감염후 및 반응성 관절병증
M05,Seropositive rheumatoid arthritis,M05,Seropositive rheumatoid arthritis,혈청검사양성 류마티스관절염
M06,Other rheumatoid arthritis,M06,Other rheumatoid arthritis,기타 류마티스관절염
M07,Psoriatic and enteropathic arthropathies,M07,Psoriatic and enteropathic arthropathies,건선성 및 장병성 관절병증
M08,Juvenile arthritis,M08,Juvenile arthritis,연소성 관절염
M09,Juvenile arthritis in diseases classified elsewhere,M09,Juvenile arthritis in diseases classified elsewhere,달리 분류된 질환에서의 연소성 관절염
M10,Gout,M10,Gout,통풍
M11,Other crystal arthropathies,M11,Other crystal arthropathies,기타 결정 관절병증
M12,Other specific arthropathies,M12,Other specific arthropathies,기타 특정 관절병증
M13,Other arthritis,M13,Other arthritis,기타 관절염
M14,Arthropathies in other diseases classified elsewhere,M14,Arthropathies in other diseases classified elsewhere,달리 분류된 기타 질환에서의 관절병증
M15,Polyarthrosis,M15,Polyarthrosis,다발관절증
M16,Coxarthrosis [arthrosis of hip],M16,Coxarthrosis [arthrosis of hip],고관절증
M17,Gonarthrosis[arthrosis of knee],M17,Gonarthrosis[arthrosis of knee],무릎관절증
M18,Arthrosis of first carpometacarpal joint,M18,Arthrosis of first carpometacarpal joint,제1수근중수관절의 관절증
M19,Other arthrosis,M19,Other arthrosis,기타 관절증
M20,Acquired deformities of fingers and toes,M20,Acquired deformities of fingers and toes,손가락 및 발가락의 후천변형
M21,Other acquired deformities of limbs,M21,Other acquired deformities of limbs,사지의 기타 후천변형
M22,Disorders of patella,M22,Disorders of patella,무릎뼈의 장애
M23,Internal derangement of knee,M23,Internal derangement of knee,무릎의 내부장애
M24,Other specific joint derangements,M24,Other specific joint derangements,기타 특정 관절장애
M25,"Other joint disorders, NEC",M25,"Other joint disorders, NEC",달리 분류되지 않은 기타 관절장애
M30,Polyarteritis nodosa and related conditions,M30,Polyarteritis nodosa and related conditions,결절성 다발동맥염 및 관련 병태
M31,Other necrotizing vasculopathies,M31,Other necrotizing vasculopathies,기타 괴사성 혈관병증
M32,Systemic lupus erythematosus,M32,Systemic lupus erythematosus,전신홍반루푸스
M33,Dermatopolymyositis,M33,Dermatopolymyositis,피부다발근염
M34,Systemic sclerosis,M34,Systemic sclerosis,전신경화증
M35,Other systemic involvement of connective tissue,M35,Other systemic involvement of connective tissue,결합조직의 기타 전신침범
M36,Systemic disorders of connective tissue in diseases classified elsewhere,M36,Systemic disorders of connective tissue in diseases classified elsewhere,달리 분류된 질환에서의 결합조직의 전신장애
M40,Kyphosis and lordosis,M40,Kyphosis and lordosis,척주후만증 및 척주전만증
M41,Scoliosis,M41,Scoliosis,척주측만증
M42,Spinal osteochondrosis,M42,Spinal osteochondrosis,척추골연골증
M43,Other deforming dorsopathies,M43,Other deforming dorsopathies,기타 변형성 등병증
M45,Ankylosing spondylitis,M45,Ankylosing spondylitis,강직척추염
M46,Other inflammatory spondylopathies,M46,Other inflammatory spondylopathies,기타 염증성 척추병증
M47,Spondylosis,M47,Spondylosis,척추증
M48,Other spondylopathies,M48,Other spondylopathies,기타 척추병증
M49,Spondylopathies in diseases classified elsewhere,M49,Spondylopathies in diseases classified elsewhere,달리 분류된 질환에서의 척추병증
M50,Cervical disc disorders,M50,Cervical disc disorders,경추간판장애
M51,Other intervertebral disc disorders,M51,Other intervertebral disc disorders,기타 추간판장애
M53,"Other dorsopathies, NEC",M53,"Other dorsopathies, NEC",달리 분류되지 않은 기타 등병증
M54,Dorsalgia,M54,Dorsalgia,등통증
M60,Myositis,M60,Myositis,근염
M61,Calcification and ossification of muscle,M61,Calcification and ossification of muscle,근육의 석회화 및 골화
M62,Other disorders of muscle,M62,Other disorders of muscle,근육의 기타 장애
M63,Disorders of muscle in diseases classified elsewhere,M63,Disorders of muscle in diseases classified elsewhere,달리 분류된 질환에서의 근육장애
M65,Synovitis and tenosynovitis,M65,Synovitis and tenosynovitis,윤활막염 및 힘줄윤활막염
M66,Spontaneous rupture of synovium and tendon,M66,Spontaneous rupture of synovium and tendon,윤활막 및 힘줄의 자연파열
M67,Other disorders of synovium and tendon,M67,Other disorders of synovium and tendon,윤활막 및 힘줄의 기타 장애
M68,Disorders of synovium and tendon in diseases classified elsewhere,M68,Disorders of synovium and tendon in diseases classified elsewhere,달리 분류된 질환에서의 윤활막 및 힘줄의 장애
M70,"Soft tissue disorders related to use, overuse and pressure",M70,"Soft tissue disorders related to use, overuse and pressure","사용, 과용 및 압박에 관련된 연조직장애"
M71,Other bursopathies,M71,Other bursopathies,기타 윤활낭병증
M72,Fibroblastic disorders,M72,Fibroblastic disorders,섬유모세포장애
M73,Soft tissue disorders in diseases classified elsewhere,M73,Soft tissue disorders in diseases classified elsewhere,달리 분류된 질환에서의 연조직장애
M75,Shoulder lesions,M75,Shoulder lesions,어깨병변
M76,"Enthesopathies of lower limb, excluding foot",M76,"Enthesopathies of lower limb, excluding foot",발을 제외한 다리의 골부착부병증
M77,Other enthesopathies,M77,Other enthesopathies,기타 골부착부병증
M79,"Other soft tissue disorders, NEC",M79,"Other soft tissue disorders, NEC",달리 분류되지 않은 기타 연조직장애
M80,Osteoporosis with pathological fracture,M80,Osteoporosis with pathological fracture,병적 골절을 동반한 골다공증
M81,Osteoporosis without pathological fracture,M81,Osteoporosis without pathological fracture,병적 골절이 없는 골다공증
M82,Osteoporosis in diseases classified elsewhere,M82,Osteoporosis in diseases classified elsewhere,달리 분류된 질환에서의 골다공증
M83,Adult osteomalacia,M83,Adult osteomalacia,성인골연화증
M84,Disorders of continuity of bone,M84,Disorders of continuity of bone,골연속성의 장애
M85,Other disorders of bone density and structure,M85,Other disorders of bone density and structure,골밀도 및 구조의 기타 장애
M86,Osteomyelitis,M86,Osteomyelitis,골수염
M87,Osteonecrosis,M87,Osteonecrosis,골괴사
M88,Paget’s disease of bone [osteitis deformans],M88,Paget’s disease of bone [osteitis deformans],뼈의 파젯병[변형성 골염]
M89,Other disorders of bone,M89,Other disorders of bone,뼈의 기타 장애
M90,Osteopathies in diseases classified elsewhere,M90,Osteopathies in diseases classified elsewhere,달리 분류된 질환에서의 골병증
M91,Juvenile osteochondrosis of hip and pelvis,M91,Juvenile osteochondrosis of hip and pelvis,고관절 및 골반의 연소성 골연골증
M92,Other juvenile osteochondrosis,M92,Other juvenile osteochondrosis,기타 연소성 골연골증
M93,Other osteochondropathies,M93,Other osteochondropathies,기타 골연골병증
M94,Other disorders of cartilage,M94,Other disorders of cartilage,연골의 기타 장애
M95,Other acquired deformities of musculoskeletal system and connective tissue,M95,Other acquired deformities of musculoskeletal system and connective tissue,근골격계통 및 결합조직의 기타 후천성 변형
M96,"Postprocedural musculoskeletal disorders, NEC",M96,"Postprocedural musculoskeletal disorders, NEC",달리 분류되지 않은 처치후 근골격장애
M99,"Biomechanical lesions, NEC",M99,"Biomechanical lesions, NEC",달리 분류되지 않은 생체역학적 병변
N00,Acute nephritic syndrome,N00,Acute nephritic syndrome,급성 신염증후군
N01,Rapidly progressive nephritic syndrome,N01,Rapidly progressive nephritic syndrome,급속 진행성 신염증후군
N02,Recurrent and persistent haematuria,N02,Recurrent and persistent haematuria,재발성 및 지속성 혈뇨
N03,Chronic nephritic syndrome,N03,Chronic nephritic syndrome,만성 신염증후군
N04,Nephrotic syndrome,N04,Nephrotic syndrome,신증후군
N05,Unspecified nephritic syndrome,N05,Unspecified nephritic syndrome,상세불명의 신염증후군
N06,Isolated proteinuria with specified morphological lesion,N06,Isolated proteinuria with specified morphological lesion,명시된 형태학적 병변을 동반한 고립된 단백뇨
N07,"Hereditary nephropathy, NEC",N07,"Hereditary nephropathy, NEC",달리 분류되지 않은 유전성 신장병증
N08,Glomerular disorders in diseases classified elsewhere,N08,Glomerular disorders in diseases classified elsewhere,달리 분류된 질환에서의 사구체장애
N10,Acute tubulo-interstitial nephritis,N10,Acute tubulo-interstitial nephritis,급성 세뇨관-간질신장염
N11,Chronic tubulo-interstitial nephritis,N11,Chronic tubulo-interstitial nephritis,만성 세뇨관-간질신장염
N12,"Tubulo-interstitial nephritis, not specified as acute or chronic",N12,"Tubulo-interstitial nephritis, not specified as acute or chronic",급성 또는 만성으로 명시되지 않은 세뇨관-간질신장염
N13,Obstructive and reflux uropathy,N13,Obstructive and reflux uropathy,폐색성 및 역류성 요로병증
N14,Drug-and heavy-metal- induced tubulo-interstitial and tubular condition,N14,Drug-and heavy-metal- induced tubulo-interstitial and tubular condition,약물 및 중금속 유발 세뇨관-간질 및 세뇨관 병태
N15,Other renal tubulo-interstitial diseases,N15,Other renal tubulo-interstitial diseases,기타 신세뇨관-간질질환
N16,Renal tubulo-interstitial disorders in diseases classified elsewhere,N16,Renal tubulo-interstitial disorders in diseases classified elsewhere,달리 분류된 질환에서의 신세뇨관-간질장애
N17,Acute renal failure,N17,Acute renal failure,급성 신부전
N18,Chronic kidney disease,N18,Chronic kidney disease,만성 콩팥병
N19,Unspecified kidney failure,N19,Unspecified kidney failure,상세불명의 신부전
N20,Calculus of kidney and ureter,N20,Calculus of kidney and ureter,신장 및 요관의 결석
N21,Calculus of lower urinary tract,N21,Calculus of lower urinary tract,하부요로의 결석
N22,Calculus of urinary tract in diseases classified elsewhere,N22,Calculus of urinary tract in diseases classified elsewhere,달리 분류된 질환에서의 요로의 결석
N23,Unspecified renal colic,N23,Unspecified renal colic,상세불명의 신장 급통증
N25,Disorders resulting from impaired renal tubular function,N25,Disorders resulting from impaired renal tubular function,신세뇨관기능손상으로 인한 장애
N26,Unspecified contracted kidney,N26,Unspecified contracted kidney,상세불명의 신장위축
N27,Small kidney of unknown cause,N27,Small kidney of unknown cause,원인불명의 작은 신장
N28,"Other disorders of kidney and ureter, NEC",N28,"Other disorders of kidney and ureter, NEC",달리 분류되지 않은 신장 및 요관의 기타 장애
N29,Other disorders of kidney and ureter in diseases classified elsewhere,N29,Other disorders of kidney and ureter in diseases classified elsewhere,달리 분류된 질환에서의 신장 및 요관의 기타 장애
N30,Cystitis,N30,Cystitis,방광염
N31,"Neuromuscular dysfunction of bladder, NEC",N31,"Neuromuscular dysfunction of bladder, NEC",달리 분류되지 않은 방광의 신경근육기능장애
N32,Other disorders of bladder,N32,Other disorders of bladder,방광의 기타 장애
N33,Bladder disorders in diseases classified elsewhere,N33,Bladder disorders in diseases classified elsewhere,달리 분류된 질환에서의 방광장애
N34,Urethritis and urethral syndrome,N34,Urethritis and urethral syndrome,요도염 및 요도증후군
N35,Urethral stricture,N35,Urethral stricture,요도협착
N36,Other disorders of urethra,N36,Other disorders of urethra,요도의 기타 장애
N37,Urethral disorders in diseases classified elsewhere,N37,Urethral disorders in diseases classified elsewhere,달리 분류된 질환에서의 요도장애
N39,Other disorders of urinary system,N39,Other disorders of urinary system,비뇨계통의 기타 장애
N40,Hyperplasia of prostate,N40,Hyperplasia of prostate,전립선증식증
N41,Inflammatory diseases of prostate,N41,Inflammatory diseases of prostate,전립선의 염증성 질환
N42,Other disorders of prostate,N42,Other disorders of prostate,전립선의 기타 장애
N43,Hydrocele and spermatocele,N43,Hydrocele and spermatocele,음낭수종 및 정액류
N44,Torsion of testis,N44,Torsion of testis,고환의 염전
N45,Orchitis and epididymitis,N45,Orchitis and epididymitis,고환염 및 부고환염
N46,Male infertility,N46,Male infertility,남성불임
N47,"Redundant prepuce, phimosis and paraphimosis",N47,"Redundant prepuce, phimosis and paraphimosis","과잉포피, 포경 및 감돈포경"
N48,Other disorders of penis,N48,Other disorders of penis,음경의 기타 장애
N49,"Inflammatory disorders of male genital organs, NEC",N49,"Inflammatory disorders of male genital organs, NEC",달리 분류되지 않은 남성생식기관의 염증성 장애
N50,Other disorders of male genital organs,N50,Other disorders of male genital organs,남성생식기관의 기타 장애
N51,Disorders of male genital organs in diseases classified elsewhere,N51,Disorders of male genital organs in diseases classified elsewhere,달리 분류된 질환에서의 남성생식기관의 장애
N60,Benign mammary dysplasia,N60,Benign mammary dysplasia,양성 유방형성이상
N61,Inflammatory disorders of breast,N61,Inflammatory disorders of breast,유방의 염증성 장애
N62,Hypertrophy of breast,N62,Hypertrophy of breast,유방의 비대
N63,Unspecified lump in breast,N63,Unspecified lump in breast,유방의 상세불명의 덩이
N64,Other disorders of breast,N64,Other disorders of breast,유방의 기타 장애
N70,Salpingitis and oophoritis,N70,Salpingitis and oophoritis,난관염 및 난소염
N71,"Inflammatory disease of uterus, except cervix",N71,"Inflammatory disease of uterus, except cervix",자궁경부를 제외한 자궁의 염증성 질환
N72,Inflammatory disease of cervix uteri,N72,Inflammatory disease of cervix uteri,자궁경부의 염증성 질환
N73,Other female pelvic inflammatory diseases,N73,Other female pelvic inflammatory diseases,기타 여성골반염증질환
N74,Female pelvic inflammatory disorders in diseases classified elsewhere,N74,Female pelvic inflammatory disorders in diseases classified elsewhere,달리 분류된 질환에서의 여성골반염증장애
N75,Diseases of Bartholin’s gland,N75,Diseases of Bartholin’s gland,바르톨린선의 질환
N76,Other inflammation of vagina and vulva,N76,Other inflammation of vagina and vulva,질 및 외음부의 기타 염증
N77,Vulvovaginal ulceration and inflammation in diseases classified elsewhere,N77,Vulvovaginal ulceration and inflammation in diseases classified elsewhere,달리 분류된 질환에서의 외음질의 궤양 및 염증
N80,Endometriosis,N80,Endometriosis,자궁내막증
N81,Female genital prolapse,N81,Female genital prolapse,여성생식기탈출
N82,Fistulae involving female genital tract,N82,Fistulae involving female genital tract,여성생식관을 침범한 누공
N83,"Noninflammatory disorders of ovary, fallopian tube and broad ligament",N83,"Noninflammatory disorders of ovary, fallopian tube and broad ligament","난소, 난관 및 넓은인대의 비염증성 장애"
N84,Polyp of female genital tract,N84,Polyp of female genital tract,여성생식관의 용종
N85,"Other noninflammatory disorders of uterus, except cervix",N85,"Other noninflammatory disorders of uterus, except cervix",자궁경부를 제외한 자궁의 기타 비염증성 장애
N86,Erosion and ectropion of cervix uteri,N86,Erosion and ectropion of cervix uteri,자궁경부의 미란 및 외반
N87,Dysplasia of cervix uteri,N87,Dysplasia of cervix uteri,자궁경부의 이형성
N88,Other noninflammatory disorders of cervix uteri,N88,Other noninflammatory disorders of cervix uteri,자궁경부의 기타 비염증성 장애
N89,Other noninflammatory disorders of vagina,N89,Other noninflammatory disorders of vagina,질의 기타 비염증성 장애
N90,Other noninflammatory disorders of vulva and perineum,N90,Other noninflammatory disorders of vulva and perineum,외음부 및 회음부의 기타 비염증성 장애
N91,"Absent, scanty and rare menstruation",N91,"Absent, scanty and rare menstruation","무월경, 소량 및 희발 월경"
N92,"Excessive, frequent and irregular menstruation",N92,"Excessive, frequent and irregular menstruation","과다, 빈발 및 불규칙 월경"
N93,Other abnormal uterine and vaginal bleeding,N93,Other abnormal uterine and vaginal bleeding,기타 이상 자궁 및 질 출혈
N94,Pain and other conditions associated with female genital organs and menstrual cycle,N94,Pain and other conditions associated with female genital organs and menstrual cycle,여성생식기관 및 월경주기와 관련된 통증 및 기타 병태
N95,Menopausal and other perimenopausal disorders,N95,Menopausal and other perimenopausal disorders,폐경 및 기타 폐경전후 장애
N96,Habitual aborter,N96,Habitual aborter,습관적 유산자
N97,Female infertility,N97,Female infertility,여성불임
N98,Complications associated with artificial fertilization,N98,Complications associated with artificial fertilization,인공수정과 관련된 합병증
N99,"Postprocedural disorders of genitourinary system, NEC",N99,"Postprocedural disorders of genitourinary system, NEC",달리 분류되지 않은 비뇨생식계통의 처치후 장애
O00,Ectopic pregnancy,O00,Ectopic pregnancy,자궁외임신
O01,Hydatidiform mole,O01,Hydatidiform mole,포상기태
O02,Other abnormal products of conception,O02,Other abnormal products of conception,기타 비정상적 수태부산물
O03,Spontaneous abortion,O03,Spontaneous abortion,자연유산
O04,Medical abortion,O04,Medical abortion,의학적 유산
O05,Other abortion,O05,Other abortion,기타 유산
O06,Unspecified abortion,O06,Unspecified abortion,상세불명의 유산
O07,Failed attempted abortion,O07,Failed attempted abortion,시도된 유산의 실패
O08,Complications following abortion and ectopic and molar pregnancy,O08,Complications following abortion and ectopic and molar pregnancy,"유산, 자궁외임신 및 기태임신에 따른 합병증"
O10,"Pre-existing hypertension complicating pregnancy, childbirth and the puerperium",O10,"Pre-existing hypertension complicating pregnancy, childbirth and the puerperium","임신, 출산 및 산후기에 합병된 전에 있던 고혈압"
O11,Pre-eclampsia superimposed on chronic hypertension,O11,Pre-eclampsia superimposed on chronic hypertension,만성 고혈압에 겹친 전자간증
O12,Gestational [pregnancy- induced] oedema and proteinuria without hypertension,O12,Gestational [pregnancy- induced] oedema and proteinuria without hypertension,고혈압을 동반하지 않은 임신성[임신-유발] 부종 및 단백뇨
O13,Gestational [pregnancy-induced] hypertension,O13,Gestational [pregnancy-induced] hypertension,임신[임신-유발]고혈압
O14,Pre-eclampsia,O14,Pre-eclampsia,전자간증
O15,Eclampsia,O15,Eclampsia,자간증
O16,Unspecified maternal hypertension,O16,Unspecified maternal hypertension,상세불명의 산모고혈압
O20,Haemorrhage in early pregnancy,O20,Haemorrhage in early pregnancy,초기임신중 출혈
O21,Excessive vomiting in pregnancy,O21,Excessive vomiting in pregnancy,임신중 과다구토
O22,Venous complications and haemorrhoids in pregnancy,O22,Venous complications and haemorrhoids in pregnancy,임신중 정맥합병증 및 치핵
O23,Infections of genitourinary tract in pregnancy,O23,Infections of genitourinary tract in pregnancy,임신중 비뇨생식관의 감염
O24,Diabetes mellitus in pregnancy,O24,Diabetes mellitus in pregnancy,임신중 당뇨병
O25,Malnutrition in pregnancy,O25,Malnutrition in pregnancy,임신중 영양실조
O26,Maternal care for other conditions predominantly related to pregnancy,O26,Maternal care for other conditions predominantly related to pregnancy,주로 임신에 관련된 기타 병태의 산모관리
O28,Abnormal findings on antenatal screening of mother,O28,Abnormal findings on antenatal screening of mother,산모의 출산전 선별검사의 이상소견
O29,Complications of anaesthesia during pregnancy,O29,Complications of anaesthesia during pregnancy,임신중 마취의 합병증
O30,Multiple gestation,O30,Multiple gestation,다태임신
O31,Complications specific to multiple gestation,O31,Complications specific to multiple gestation,다태임신에 특이한 합병증
O32,Maternal care for known or suspected malpresentation of fetus,O32,Maternal care for known or suspected malpresentation of fetus,태아의 알려진 또는 의심되는 이상태위에 대한 산모관리
O33,Maternal care for known or suspected disproportion,O33,Maternal care for known or suspected disproportion,알려진 또는 의심되는 불균형에 대한 산모관리
O34,Maternal care for known or suspected abnormality of pelvic organs,O34,Maternal care for known or suspected abnormality of pelvic organs,골반기관의 알려진 또는 의심되는 이상에 대한 산모관리
O35,Maternal care for known or suspected fetal abnormality and damage,O35,Maternal care for known or suspected fetal abnormality and damage,알려진 또는 의심되는 태아 이상 및 손상에 대한 산모관리
O36,Maternal care for other known or suspected fetal problems,O36,Maternal care for other known or suspected fetal problems,기타 알려진 또는 의심되는 태아문제에 대한 산모관리
O40,Polyhydramnios,O40,Polyhydramnios,양수과다증
O41,Other disorders of amniotic fluid and membranes,O41,Other disorders of amniotic fluid and membranes,양수 및 양막의 기타 장애
O42,Premature rupture of membranes,O42,Premature rupture of membranes,양막의 조기파열
O43,Placental disorders,O43,Placental disorders,태반장애
O44,Placenta praevia,O44,Placenta praevia,전치태반
O45,Premature separation of placenta [abruptio placentae],O45,Premature separation of placenta [abruptio placentae],태반의 조기분리[태반조기박리]
O46,"Antepartum haemorrhage, NEC",O46,"Antepartum haemorrhage, NEC",달리 분류되지 않은 분만전 출혈
O47,False labour,O47,False labour,가진통
O48,Prolonged pregnancy,O48,Prolonged pregnancy,지연임신
O60,Preterm labour and delivery,O60,Preterm labour and delivery,조기진통 및 분만
O61,Failed induction of labour,O61,Failed induction of labour,유도분만의 실패
O62,Abnormalities of forces of labour,O62,Abnormalities of forces of labour,분만힘의 이상
O63,Long labour,O63,Long labour,지연진통
O64,Obstructed labour due to malposition and malpresentation of fetus,O64,Obstructed labour due to malposition and malpresentation of fetus,태아의 이상태위로 인한 난산
O65,Obstructed labour due to maternal pelvic abnormality,O65,Obstructed labour due to maternal pelvic abnormality,산모골반이상으로 인한 난산
O66,Other obstructed labour,O66,Other obstructed labour,기타 난산
O67,"Labour and delivery complicated by intrapartum haemorrhage, NEC",O67,"Labour and delivery complicated by intrapartum haemorrhage, NEC",달리 분류되지 않은 분만중 출혈이 합병된 진통 및 분만
O68,Labour and delivery complicated by fetal stress [distress],O68,Labour and delivery complicated by fetal stress [distress],태아스트레스[절박]가 합병된 진통 및 분만
O69,Labour and delivery complicated by umbilical cord complications,O69,Labour and delivery complicated by umbilical cord complications,탯줄합병증이 합병된 진통 및 분만
O70,Perineal laceration during delivery,O70,Perineal laceration during delivery,분만중 회음열상
O71,Other obstetric trauma,O71,Other obstetric trauma,기타 산과적 외상
O72,Postpartum haemorrhage,O72,Postpartum haemorrhage,분만후 출혈
O73,"Retained placenta and membranes, without haemorrhage",O73,"Retained placenta and membranes, without haemorrhage",출혈이 없는 잔류 태반 및 양막
O74,Complications of anaesthesia during labour and delivery,O74,Complications of anaesthesia during labour and delivery,진통 및 분만중 마취의 합병증
O75,"Other complications of labour and delivery, NEC",O75,"Other complications of labour and delivery, NEC",달리 분류되지 않은 진통 및 분만의 기타 합병증
O80,Single spontaneous delivery,O80,Single spontaneous delivery,단일자연분만
O81,Single delivery by forceps and vacuum extractor,O81,Single delivery by forceps and vacuum extractor,집게 및 진공흡착기에 의한 단일분만
O82,Single delivery by caesarean section,O82,Single delivery by caesarean section,제왕절개에 의한 단일분만
O83,Other assisted single delivery,O83,Other assisted single delivery,기타 보조단일분만
O84,Multiple delivery,O84,Multiple delivery,다태분만
O85,Puerperal sepsis,O85,Puerperal sepsis,산후기 패혈증
O86,Other puerperal infections,O86,Other puerperal infections,기타 산후기감염
O87,Venous complications and haemorrhoids in the puerperium,O87,Venous complications and haemorrhoids in the puerperium,산후기중 정맥합병증 및 치핵
O88,Obstetric embolism,O88,Obstetric embolism,산과적 색전증
O89,Complications of anaesthesia during the puerperium,O89,Complications of anaesthesia during the puerperium,산후기중 마취의 합병증
O90,"Complications of the puerperium, NEC",O90,"Complications of the puerperium, NEC",달리 분류되지 않은 산후기의 합병증
O91,Infections of breast associated with childbirth,O91,Infections of breast associated with childbirth,출산과 관련된 유방의 감염
O92,Other disorders of breast and lactation associated with childbirth,O92,Other disorders of breast and lactation associated with childbirth,출산과 관련된 유방 및 수유의 기타 장애
O94,"Sequelae of complication of pregnancy, childbirth and the puerperium",O94,"Sequelae of complication of pregnancy, childbirth and the puerperium","임신, 출산 및 산후기 합병증의 후유증"
O95,Obstetric death of unspecified cause,O95,Obstetric death of unspecified cause,상세불명의 원인에 의한 산과적 사망
O96,Death from any obstetric cause occurring more than 42days but less than one year after delivery,O96,Death from any obstetric cause occurring more than 42days but less than one year after delivery,분만후 42일 초과 1년 이내에 일어난 모든 산과적 원인에 의한 사망
O97,Death from sequelae of obstetric causes,O97,Death from sequelae of obstetric causes,산과적 원인의 후유증에 의한 사망
O98,"Maternal infectious and parasitic diseases classifiable elsewhere but complicating pregnancy, childbirth and the puerperium",O98,"Maternal infectious and parasitic diseases classifiable elsewhere but complicating pregnancy, childbirth and the puerperium","달리 분류될 수 있지만 임신, 출산 및 산후기에 합병된 산모의 감염성 및 기생충성 질환"
O99,"Other maternal diseases classifiable elsewhere but complicating pregnancy, childbirth and the puerperium",O99,"Other maternal diseases classifiable elsewhere but complicating pregnancy, childbirth and the puerperium","달리 분류될 수 있지만 임신, 출산 및 산후기에 합병된 기타 산모질환"
P00,Fetus and newborn affected by maternal conditions that may be unrelated to present pregnancy,P00,Fetus and newborn affected by maternal conditions that may be unrelated to present pregnancy,현재 임신과는 관계 없을 것 같은 산모병태에 의해 영향받은 태아 및 신생아
P01,Fetus and newborn affected by maternal complications of pregnancy,P01,Fetus and newborn affected by maternal complications of pregnancy,임신의 산모합병증에 의해 영향을 받은 태아 및 신생아
P02,"Fetus and newborn affected by complications of placenta, cord and membranes",P02,"Fetus and newborn affected by complications of placenta, cord and membranes","태반, 탯줄 및 태아막의 합병증에 의해 영향을 받은 태아 및 신생아"
P03,Fetus and newborn affected by other complications of labour and delivery,P03,Fetus and newborn affected by other complications of labour and delivery,진통 및 분만의 기타 합병증에 의해 영향을 받은 태아 및 신생아
P04,Fetus and newborn affected by noxious influences transmitted via placenta or breast milk,P04,Fetus and newborn affected by noxious influences transmitted via placenta or breast milk,태반 또는 모유를 통해 전달된 해로운 작용에 의해 영향을 받은 태아 및 신생아
P05,Slow fetal growth and fetal malnutrition,P05,Slow fetal growth and fetal malnutrition,태아성장지연 및 태아영양실조
P07,"Disorders related to short gestation and low birth weight, NEC",P07,"Disorders related to short gestation and low birth weight, NEC",달리 분류되지 않은 단기임신 및 저체중출산에 관련된 장애
P08,Disorders related to long gestation and high birth weight,P08,Disorders related to long gestation and high birth weight,장기임신 및 고체중출산에 관련된 장애
P10,Intracranial laceration and haemorrhage due to birth injury,P10,Intracranial laceration and haemorrhage due to birth injury,출산손상으로 인한 두개내 열상 및 출혈
P11,Other birth injuries to central nervous system,P11,Other birth injuries to central nervous system,중추신경계통에 대한 기타 출산손상
P12,Birth injury to scalp,P12,Birth injury to scalp,두피의 출산손상
P13,Birth injury to skeleton,P13,Birth injury to skeleton,골격의 출산손상
P14,Birth injury to peripheral nervous system,P14,Birth injury to peripheral nervous system,말초 신경계통의 출산손상
P15,Other birth injuries,P15,Other birth injuries,기타 출산손상
P20,Intrauterine hypoxia,P20,Intrauterine hypoxia,자궁내저산소증
P21,Birth asphyxia,P21,Birth asphyxia,출산질식
P22,Respiratory distress of newborn,P22,Respiratory distress of newborn,신생아의 호흡곤란
P23,Congenital pneumonia,P23,Congenital pneumonia,선천폐렴
P24,Neonatal aspiration syndromes,P24,Neonatal aspiration syndromes,신생아흡인증후군
P25,Interstitial emphysema and related conditions originating in the perinatal period,P25,Interstitial emphysema and related conditions originating in the perinatal period,출생전후기에 기원한 간질성 폐기종 및 관련 병태
P26,Pulmonary haemorrhage originating in the perinatal period,P26,Pulmonary haemorrhage originating in the perinatal period,출생전후기에 기원한 폐출혈
P27,Chronic respiratory disease originating in the perinatal period,P27,Chronic respiratory disease originating in the perinatal period,출생전후기에 기원한 만성 호흡기질환
P28,Other respiratory conditions originating in the perinatal period,P28,Other respiratory conditions originating in the perinatal period,출생전후기에 기원한 기타 호흡기병태
P29,Cardiovascular disorders originating in the perinatal period,P29,Cardiovascular disorders originating in the perinatal period,출생전후기에 기원한 심혈관장애
P35,Congenital viral diseases,P35,Congenital viral diseases,선천성 바이러스질환
P36,Bacterial sepsis of newborn,P36,Bacterial sepsis of newborn,신생아의 세균패혈증
P37,Other congenital infectious and parasitic diseases,P37,Other congenital infectious and parasitic diseases,기타 선천성 감염 및 기생충질환
P38,Omphalitis of newborn with or without mild haemorrhage,P38,Omphalitis of newborn with or without mild haemorrhage,경도의 출혈을 동반하거나 동반하지 않은 신생아배꼽염
P39,Other infections specific to the perinatal period,P39,Other infections specific to the perinatal period,출생전후기에 특이한 기타 감염
P50,Fetal blood loss,P50,Fetal blood loss,태아실혈
P51,Umbilical haemorrhage of newborn,P51,Umbilical haemorrhage of newborn,신생아의 탯줄출혈
P52,Intracranial nontraumatic haemorrhage of fetus and newborn,P52,Intracranial nontraumatic haemorrhage of fetus and newborn,태아 및 신생아의 두개내 비외상성 출혈
P53,Haemorrhagic disease of fetus and newborn,P53,Haemorrhagic disease of fetus and newborn,태아 및 신생아의 출혈성 질환
P54,Other neonatal haemorrhages,P54,Other neonatal haemorrhages,기타 신생아출혈
P55,Haemolytic disease of fetus and newborn,P55,Haemolytic disease of fetus and newborn,태아 및 신생아의 용혈질환
P56,Hydrops fetalis due to haemolytic disease,P56,Hydrops fetalis due to haemolytic disease,용혈질환으로 인한 태아수종
P57,Kernicterus,P57,Kernicterus,핵황달
P58,Neonatal jaundice due to other excessive haemolysis,P58,Neonatal jaundice due to other excessive haemolysis,기타 과다용혈로 인한 신생아황달
P59,Neonatal jaundice from other and unspecified causes,P59,Neonatal jaundice from other and unspecified causes,기타 및 상세불명의 원인으로 인한 신생아황달
P60,Disseminated intravascular coagulation of fetus and newborn,P60,Disseminated intravascular coagulation of fetus and newborn,태아 및 신생아의 파종성 혈관내응고
P61,Other perinatal haematological disorders,P61,Other perinatal haematological disorders,기타 출생전후기 혈액학적 장애
P70,Transitory disorders of carbohydrate metabolism specific to fetus and newborn,P70,Transitory disorders of carbohydrate metabolism specific to fetus and newborn,태아 및 신생아에 특이한 일과성 탄수화물대사장애
P71,Transitory neonatal disorders of calcium and magnesium metabolism,P71,Transitory neonatal disorders of calcium and magnesium metabolism,일과성 신생아 칼슘 및 마그네슘 대사장애
P72,Other transitory neonatal endocrine disorders,P72,Other transitory neonatal endocrine disorders,기타 일과성 신생아내분비장애
P74,Other transitory neonatal electrolyte and metabolic disturbances,P74,Other transitory neonatal electrolyte and metabolic disturbances,기타 일과성 신생아 전해질 및 대사 장애
P75,Meconium ileus in cystic fibrosis(E84.1†),P75,Meconium ileus in cystic fibrosis(E84.1†),낭성 섬유증에서의 태변장폐색(E84.1†)
P76,Other intestinal obstruction of newborn,P76,Other intestinal obstruction of newborn,신생아의 기타 장폐쇄
P77,Necrotizing enterocolitis of fetus and newborn,P77,Necrotizing enterocolitis of fetus and newborn,태아 및 신생아의 괴사성 장결장염
P78,Other perinatal digestive system disorders,P78,Other perinatal digestive system disorders,기타 출생전후기 소화계통장애
P80,Hypothermia of newborn,P80,Hypothermia of newborn,신생아의 저체온증
P81,Other disturbances of temperature regulation of newborn,P81,Other disturbances of temperature regulation of newborn,신생아 체온조절의 기타 장애
P83,Other conditions of integument specific to fetus and newborn,P83,Other conditions of integument specific to fetus and newborn,태아 및 신생아에 특이한 피부의 기타 병태
P90,Convulsions of newborn,P90,Convulsions of newborn,신생아의 경련
P91,Other disturbances of cerebral status of newborn,P91,Other disturbances of cerebral status of newborn,신생아 대뇌상태의 기타 장애
P92,Feeding problems of newborn,P92,Feeding problems of newborn,신생아의 수유문제
P93,Reactions and intoxications due to drugs administered to fetus and newborn,P93,Reactions and intoxications due to drugs administered to fetus and newborn,태아 및 신생아에게 투여한 약물의 반응 및 중독
P94,Disorders of muscle tone of newborn,P94,Disorders of muscle tone of newborn,신생아의 근긴장도의 장애
P95,Fetal death of unspecified cause,P95,Fetal death of unspecified cause,상세불명 원인의 태아사망
P96,Other conditions originating in the perinatal period,P96,Other conditions originating in the perinatal period,출생전후기에 기원한 기타 병태
Q00,Anencephaly and similar malformations,Q00,Anencephaly and similar malformations,무뇌증 및 유사 기형
Q01,Encephalocele,Q01,Encephalocele,뇌류(腦瘤)
Q02,Microcephaly,Q02,Microcephaly,소두증
Q03,Congenital hydrocephalus,Q03,Congenital hydrocephalus,선천수두증
Q04,Other congenital malformations of brain,Q04,Other congenital malformations of brain,뇌의 기타 선천기형
Q05,Spina bifida,Q05,Spina bifida,이분척추
Q06,Other congenital malformations of spinal cord,Q06,Other congenital malformations of spinal cord,척수의 기타 선천기형
Q07,Other congenital malformations of nervous system,Q07,Other congenital malformations of nervous system,신경계통의 기타 선천기형
Q10,"Congenital malformations of eyelid, lacrimal apparatus and orbit",Q10,"Congenital malformations of eyelid, lacrimal apparatus and orbit","눈꺼풀, 눈물기관 및 안와의 선천기형"
Q11,"Anophthalmos, microphthalmos and macrophthalmos",Q11,"Anophthalmos, microphthalmos and macrophthalmos","무안구증, 소안구증 및 대안구증"
Q12,Congenital lens malformations,Q12,Congenital lens malformations,선천성 수정체기형
Q13,Congenital malformations of anterior segment of eye,Q13,Congenital malformations of anterior segment of eye,전안부의 선천기형
Q14,Congenital malformations of posterior segment of eye,Q14,Congenital malformations of posterior segment of eye,후안부의 선천기형
Q15,Other congenital malformations of eye,Q15,Other congenital malformations of eye,눈의 기타 선천기형
Q16,Congenital malformations of ear causing impairment of hearing,Q16,Congenital malformations of ear causing impairment of hearing,청력장애를 유발하는 귀의 선천기형
Q17,Other congenital malformations of ear,Q17,Other congenital malformations of ear,귀의 기타 선천기형
Q18,Other congenital malformations of face and neck,Q18,Other congenital malformations of face and neck,얼굴 및 목의 기타 선천기형
Q20,Congenital malformations of cardiac chambers and connections,Q20,Congenital malformations of cardiac chambers and connections,심장 방실 및 연결의 선천기형
Q21,Congenital malformations of cardiac septa,Q21,Congenital malformations of cardiac septa,심장중격의 선천기형
Q22,Congenital malformations of pulmonary and tricuspid valves,Q22,Congenital malformations of pulmonary and tricuspid valves,폐동맥판 및 삼첨판의 선천기형
Q23,Congenital malformations of aortic and mitral valves,Q23,Congenital malformations of aortic and mitral valves,대동맥판 및 승모판의 선천기형
Q24,Other congenital malformations of heart,Q24,Other congenital malformations of heart,심장의 기타 선천기형
Q25,Congenital malformations of great arteries,Q25,Congenital malformations of great arteries,대동맥혈관의 선천기형
Q26,Congenital malformations of great veins,Q26,Congenital malformations of great veins,대정맥혈관의 선천기형
Q27,Other congenital malformations of peripheral vascular system,Q27,Other congenital malformations of peripheral vascular system,말초혈관계통의 기타 선천기형
Q28,Other congenital malformations of circulatory system,Q28,Other congenital malformations of circulatory system,순환계통의 기타 선천기형
Q30,Congenital malformations of nose,Q30,Congenital malformations of nose,코의 선천기형
Q31,Congenital malformations of larynx,Q31,Congenital malformations of larynx,후두의 선천기형
Q32,Congenital malformations of trachea and bronchus,Q32,Congenital malformations of trachea and bronchus,기관 및 기관지의 선천기형
Q33,Congenital malformations of lung,Q33,Congenital malformations of lung,폐의 선천기형
Q34,Other congenital malformations of respiratory system,Q34,Other congenital malformations of respiratory system,호흡계통의 기타 선천기형
Q35,Cleft palate,Q35,Cleft palate,구개열
Q36,Cleft lip,Q36,Cleft lip,구순열
Q37,Cleft palate with cleft lip,Q37,Cleft palate with cleft lip,구순열을 동반한 구개열
Q38,"Other congenital malformations of tongue, mouth and pharynx",Q38,"Other congenital malformations of tongue, mouth and pharynx","혀, 입 및 인두의 기타 선천기형"
Q39,Congenital malformations of oesophagus,Q39,Congenital malformations of oesophagus,식도의 선천기형
Q40,Other congenital malformations of upper alimentary tract,Q40,Other congenital malformations of upper alimentary tract,상부소화관의 기타 선천기형
Q41,"Congenital absence, atresia and stenosis of small intestine",Q41,"Congenital absence, atresia and stenosis of small intestine","소장의 선천성 결여, 폐쇄 및 협착"
Q42,"Congenital absence, atresia and stenosis of large intestine",Q42,"Congenital absence, atresia and stenosis of large intestine","대장의 선천 결여, 폐쇄 및 협착"
Q43,Other congenital malformations of intestine,Q43,Other congenital malformations of intestine,장의 기타 선천기형
Q44,"Congenital malformations of gallbladder, bile ducts and liver",Q44,"Congenital malformations of gallbladder, bile ducts and liver","담낭, 담관 및 간의 선천기형"
Q45,Other congenital malformations of digestive system,Q45,Other congenital malformations of digestive system,소화계통의 기타 선천기형
Q50,"Congenital malformations of ovaries, fallopian tubes and broad ligaments",Q50,"Congenital malformations of ovaries, fallopian tubes and broad ligaments","난소, 난관 및 넓은인대의 선천기형"
Q51,Congenital malformations of uterus and cervix,Q51,Congenital malformations of uterus and cervix,자궁 및 자궁경부의 선천기형
Q52,Other congenital malformations of female genitalia,Q52,Other congenital malformations of female genitalia,여성생식기의 기타 선천기형
Q53,Undescended testicle,Q53,Undescended testicle,미하강고환
Q54,Hypospadias,Q54,Hypospadias,요도하열
Q55,Other congenital malformations of male genital organs,Q55,Other congenital malformations of male genital organs,남성생식기관의 기타 선천기형
Q56,Indeterminate sex and pseudohermaphroditism,Q56,Indeterminate sex and pseudohermaphroditism,불확정 성 및 거짓반음양증
Q60,Renal agenesis and other reduction defects of kidney,Q60,Renal agenesis and other reduction defects of kidney,신장무발생 및 신장의 기타 감소결손
Q61,Cystic kidney disease,Q61,Cystic kidney disease,낭성 신장병
Q62,Congenital obstructive defects of renal pelvis and congenital malformations of ureter,Q62,Congenital obstructive defects of renal pelvis and congenital malformations of ureter,신우의 선천성 폐색성 결손 및 요관의 선천기형
Q63,Other congenital malformations of kidney,Q63,Other congenital malformations of kidney,신장의 기타 선천기형
Q64,Other congenital malformations of urinary system,Q64,Other congenital malformations of urinary system,비뇨계통의 기타 선천기형
Q65,Congenital deformities of hip,Q65,Congenital deformities of hip,고관절의 선천변형
Q66,Congenital deformities of feet,Q66,Congenital deformities of feet,발의 선천변형
Q67,"Congenital musculoskeletal deformities of head, face, spine and chest",Q67,"Congenital musculoskeletal deformities of head, face, spine and chest","머리, 얼굴, 척추 및 흉부의 선천성 근골격변형"
Q68,Other congenital musculoskeletal deformities,Q68,Other congenital musculoskeletal deformities,기타 선천성 근골격변형
Q69,Polydactyly,Q69,Polydactyly,다지증
Q70,Syndactyly,Q70,Syndactyly,합지증
Q71,Reduction defects of upper limb,Q71,Reduction defects of upper limb,팔의 감소결손
Q72,Reduction defects of lower limb,Q72,Reduction defects of lower limb,다리의 감소결손
Q73,Reduction defects of unspecified limb,Q73,Reduction defects of unspecified limb,상세불명 사지의 감소결손
Q74,Other congenital malformations of limb(s),Q74,Other congenital malformations of limb(s),사지의 기타 선천기형
Q75,Other congenital malformations of skull and face bones,Q75,Other congenital malformations of skull and face bones,두개골 및 안면골의 기타 선천기형
Q76,Congenital malformations of spine and bony thorax,Q76,Congenital malformations of spine and bony thorax,척추 및 골성 흉곽의 선천기형
Q77,Osteochondrodysplasia with defects of growth of tubular bones and spine,Q77,Osteochondrodysplasia with defects of growth of tubular bones and spine,관상골 및 척추의 성장결손을 동반한 골연골형성이상
Q78,Other osteochondrodysplasias,Q78,Other osteochondrodysplasias,기타 골연골형성이상
Q79,"Congenital malformations of musculoskeletal system, NEC",Q79,"Congenital malformations of musculoskeletal system, NEC",달리 분류되지 않은 근골격계통의 선천기형
Q80,Congenital ichthyosis,Q80,Congenital ichthyosis,선천비늘증
Q81,Epidermolysis bullosa,Q81,Epidermolysis bullosa,수포성 표피박리증
Q82,Other congenital malformations of skin,Q82,Other congenital malformations of skin,피부의 기타 선천기형
Q83,Congenital malformations of breast,Q83,Congenital malformations of breast,유방의 선천기형
Q84,Other congenital malformations of integument,Q84,Other congenital malformations of integument,외피의 기타 선천기형
Q85,"Phakomatoses, NEC",Q85,"Phakomatoses, NEC",달리 분류되지 않은 모반증
Q86,"Congenital malformation syndromes due to known exogenous causes, NEC",Q86,"Congenital malformation syndromes due to known exogenous causes, NEC",달리 분류되지 않은 알려진 외인으로 인한 선천기형증후군
Q87,Other specified congenital malformation syndromes affecting multiple systems,Q87,Other specified congenital malformation syndromes affecting multiple systems,다발계통에 영향을 주는 기타 명시된 선천기형증후군
Q89,"Other congenital malformations, NEC",Q89,"Other congenital malformations, NEC",달리 분류되지 않은 기타 선천기형
Q90,Down’s syndrome,Q90,Down’s syndrome,다운증후군
Q91,Edwards’ syndrome and Patau’s syndrome,Q91,Edwards’ syndrome and Patau’s syndrome,에드워즈증후군 및 파타우증후군
Q92,"Other trisomies and partial trisomies of the autosomes, NEC",Q92,"Other trisomies and partial trisomies of the autosomes, NEC",달리 분류되지 않은 보통염색체의 기타 삼염색체증 및 부분삼염색체증
Q93,"Monosomies and deletions from the autosomes, NEC",Q93,"Monosomies and deletions from the autosomes, NEC",달리 분류되지 않은 보통염색체의 단일염색체증 및 결손
Q95,"Balanced rearrangements and structural markers, NEC",Q95,"Balanced rearrangements and structural markers, NEC",달리 분류되지 않은 균형된 재배열 및 구조표지자
Q96,Turner’s syndrome,Q96,Turner’s syndrome,터너증후군
Q97,"Other sex chromosome abnormalities, female phenotype, NEC",Q97,"Other sex chromosome abnormalities, female phenotype, NEC",달리 분류되지 않은 여성표현형의 기타 성염색체이상
Q98,"Other sex chromosome abnormalities, male phenotype, NEC",Q98,"Other sex chromosome abnormalities, male phenotype, NEC",달리 분류되지 않은 남성표현형의 기타 성염색체이상
Q99,"Other chromosome abnormalities, NEC",Q99,"Other chromosome abnormalities, NEC",달리 분류되지 않은 기타 염색체이상
R00,Abnormalities of heart beat,R00,Abnormalities of heart beat,심장박동의 이상
R01,Cardiac murmurs and other cardiac sounds,R01,Cardiac murmurs and other cardiac sounds,심잡음 및 기타 심음
R02,"Gangrene, NEC",R02,"Gangrene, NEC",달리 분류되지 않은 괴저
R03,"Abnormal blood-pressure reading, without diagnosis",R03,"Abnormal blood-pressure reading, without diagnosis",진단명 없는 혈압수치이상
R04,Haemorrhage from respiratory passages,R04,Haemorrhage from respiratory passages,기도출혈
R05,Cough,R05,Cough,기침
R06,Abnormalities of breathing,R06,Abnormalities of breathing,호흡의 이상
R07,Pain in throat and chest,R07,Pain in throat and chest,목구멍 및 가슴의 통증
R09,Other symptoms and signs involving the circulatory and respiratory systems,R09,Other symptoms and signs involving the circulatory and respiratory systems,순환계통 및 호흡계통의 기타 증상 및 징후
R10,Abdominal and pelvic pain,R10,Abdominal and pelvic pain,복부 및 골반 통증
R11,Nausea and vomiting,R11,Nausea and vomiting,구역 및 구토
R12,Heartburn,R12,Heartburn,속쓰림
R13,Dysphagia,R13,Dysphagia,삼킴곤란
R14,Flatulence and related conditions,R14,Flatulence and related conditions,고창 및 연관된 병태
R15,Faecal incontinence,R15,Faecal incontinence,대변실금
R16,"Hepatomegaly and splenomegaly, NEC",R16,"Hepatomegaly and splenomegaly, NEC",달리 분류되지 않은 간비대 및 비장비대
R17,"Hyperbilirubinaemia, with or without jaundice, not elsewhere classified",R17,"Hyperbilirubinaemia, with or without jaundice, not elsewhere classified",황달을 동반하거나 동반하지 않은 달리 분류되지 않은 과빌리루빈혈증
R18,Ascites,R18,Ascites,복수
R19,Other symptoms and signs involving the digestive system and abdomen,R19,Other symptoms and signs involving the digestive system and abdomen,소화계통 및 복부의 기타 증상 및 징후
R20,Disturbances of skin sensation,R20,Disturbances of skin sensation,피부감각의 장애
R21,Rash and other nonspecific skin eruption,R21,Rash and other nonspecific skin eruption,발진 및 기타 비특이성 피부발진
R22,"Localized swelling, mass and lump of skin and subcutaneous tissue",R22,"Localized swelling, mass and lump of skin and subcutaneous tissue","피부 및 피하조직의 국소적 부기, 종괴 및 덩이"
R23,Other skin changes,R23,Other skin changes,기타 피부변화
R25,Abnormal involuntary movements,R25,Abnormal involuntary movements,이상불수의운동
R26,Abnormalities of gait and mobility,R26,Abnormalities of gait and mobility,보행과 이동의 이상
R27,Other lack of coordination,R27,Other lack of coordination,기타 협조결여
R29,Other symptoms and signs involving the nervous and musculoskeletal systems,R29,Other symptoms and signs involving the nervous and musculoskeletal systems,신경계통 및 근골격계통의 기타 증상 및 징후
R30,Pain associated with micturition,R30,Pain associated with micturition,배뇨와 연관된 통증
R31,Unspecified haematuria,R31,Unspecified haematuria,상세불명의 혈뇨
R32,Unspecified urinary incontinence,R32,Unspecified urinary incontinence,상세불명의 요실금
R33,Retention of urine,R33,Retention of urine,소변정체
R34,Anuria and oliguria,R34,Anuria and oliguria,무뇨 및 핍뇨
R35,Polyuria,R35,Polyuria,다뇨
R36,Urethral discharge,R36,Urethral discharge,요도분비물
R39,Other symptoms and signs involving the urinary system,R39,Other symptoms and signs involving the urinary system,비뇨계통의 기타 증상 및 징후
R40,"Somnolence, stupor and coma",R40,"Somnolence, stupor and coma","기면, 혼미 및 혼수"
R41,Other symptoms and signs involving cognitive functions and awareness,R41,Other symptoms and signs involving cognitive functions and awareness,인지기능 및 자각에 관련된 기타 증상 및 징후
R42,Dizziness and giddiness,R42,Dizziness and giddiness,어지럼증 및 어지럼
R43,Disturbances of smell and taste,R43,Disturbances of smell and taste,후각 및 미각 장애
R44,Other symptoms and signs involving general sensations and perceptions,R44,Other symptoms and signs involving general sensations and perceptions,일반적 감각 및 지각에 관련된 기타 증상 및 징후
R45,Symptoms and signs involving emotional state,R45,Symptoms and signs involving emotional state,정서상태에 관련된 증상 및 징후
R46,Symptoms and signs involving appearance and behaviour,R46,Symptoms and signs involving appearance and behaviour,외양 및 행동에 관련된 증상 및 징후
R47,"Speech disturbances, NEC",R47,"Speech disturbances, NEC",달리 분류되지 않은 언어장애
R48,"Dyslexia and other symbolic dysfunctions, NEC",R48,"Dyslexia and other symbolic dysfunctions, NEC",달리 분류되지 않은 난독증 및 기타 상징적 기능이상
R49,Voice disturbances,R49,Voice disturbances,음성장애
R50,Fever of other and unknown origin,R50,Fever of other and unknown origin,기타 및 원인미상의 열
R51,Headache,R51,Headache,두통
R52,"Pain, NEC",R52,"Pain, NEC",달리 분류되지 않은 통증
R53,Malaise and fatigue,R53,Malaise and fatigue,병감 및 피로
R54,Senility,R54,Senility,노쇠
R55,Syncope and collapse,R55,Syncope and collapse,실신 및 허탈
R56,"Convulsions, NEC",R56,"Convulsions, NEC",달리 분류되지 않은 경련
R57,"Shock, NEC",R57,"Shock, NEC",달리 분류되지 않은 쇼크
R58,"Haemorrhage, NEC",R58,"Haemorrhage, NEC",달리 분류되지 않은 출혈
R59,Enlarged lymph nodes,R59,Enlarged lymph nodes,림프절비대
R60,"Oedema, NEC",R60,"Oedema, NEC",달리 분류되지 않은 부종
R61,Hyperhidrosis,R61,Hyperhidrosis,다한증
R62,Lack of expected normal physiological development,R62,Lack of expected normal physiological development,기대되는 정상 생리학적 발달의 결여
R63,Symptoms and signs concerning food and fluid intake,R63,Symptoms and signs concerning food and fluid intake,음식 및 수액 섭취에 관계된 증상 및 징후
R64,Cachexia,R64,Cachexia,카켁시아
R65,Systemic Inflammatory Response Syndrome,R65,Systemic Inflammatory Response Syndrome,전신염증반응증후군
R68,Other general symptoms and signs,R68,Other general symptoms and signs,기타 전신 증상 및 징후
R69,Unknown and unspecified causes of morbidity,R69,Unknown and unspecified causes of morbidity,미상 및 상세불명의 병인
R70,Elevated erythrocyte sedimentation rate and abnormality of plasma viscosity,R70,Elevated erythrocyte sedimentation rate and abnormality of plasma viscosity,적혈구침강속도의 상승 및 혈장점도의 이상
R71,Abnormality of red blood cells,R71,Abnormality of red blood cells,적혈구의 이상
R72,"Abnormality of white blood cells, NEC",R72,"Abnormality of white blood cells, NEC",달리 분류되지 않은 백혈구의 이상
R73,Elevated blood glucose level,R73,Elevated blood glucose level,혈당치상승
R74,Abnormal serum enzyme levels,R74,Abnormal serum enzyme levels,이상혈청효소수치
R75,Laboratory evidence of human immunodeficiency virus[HIV],R75,Laboratory evidence of human immunodeficiency virus[HIV],사람면역결핍바이러스의 검사실 증거
R76,Other abnormal immunological findings in serum,R76,Other abnormal immunological findings in serum,혈청의 기타 면역학적 이상소견
R77,Other abnormalities of plasma proteins,R77,Other abnormalities of plasma proteins,혈장단백질의 기타 이상
R78,"Findings of drugs and other substances, not normally found in blood",R78,"Findings of drugs and other substances, not normally found in blood",정상적으로는 혈액내에 없는 약물 및 기타 물질의 소견
R79,Other abnormal findings of blood chemistry,R79,Other abnormal findings of blood chemistry,혈액화학의 기타 이상소견
R80,Isolated proteinuria,R80,Isolated proteinuria,고립된 단백뇨
R81,Glycosuria,R81,Glycosuria,당뇨
R82,Other abnormal findings in urine,R82,Other abnormal findings in urine,요의 기타 이상소견
R83,Abnormal findings in cerebrospinal fluid,R83,Abnormal findings in cerebrospinal fluid,뇌척수액의 이상소견
R84,Abnormal findings in specimens from respiratory organs and thorax,R84,Abnormal findings in specimens from respiratory organs and thorax,호흡기관 및 흉부 검사물의 이상소견
R85,Abnormal findings in specimens from digestive organs and abdominal cavity,R85,Abnormal findings in specimens from digestive organs and abdominal cavity,소화기관 및 복강 검사물의 이상소견
R86,Abnormal findings in specimens from male genital organs,R86,Abnormal findings in specimens from male genital organs,남성생식기관 검사물의 이상소견
R87,Abnormal findings in specimens from female genital organs,R87,Abnormal findings in specimens from female genital organs,여성생식기관 검사물의 이상소견
R89,"Abnormal findings in specimens from other organs, systems and tissues",R89,"Abnormal findings in specimens from other organs, systems and tissues","기타 기관, 계통 및 조직 검사물의 이상소견"
R90,Abnormal findings on diagnostic imaging of central nervous system,R90,Abnormal findings on diagnostic imaging of central nervous system,중추신경계통의 진단영상검사상 이상소견
R91,Abnormal findings on diagnostic imaging of lung,R91,Abnormal findings on diagnostic imaging of lung,폐의 진단영상검사상 이상소견
R92,Abnormal findings on diagnostic imaging of breast,R92,Abnormal findings on diagnostic imaging of breast,유방의 진단영상검사상 이상소견
R93,Abnormal findings on diagnostic imaging of other body structures,R93,Abnormal findings on diagnostic imaging of other body structures,기타 신체구조의 진단영상검사상 이상소견
R94,Abnormal results of function studies,R94,Abnormal results of function studies,기능검사의 이상결과
R95,Sudden infant death syndrome,R95,Sudden infant death syndrome,영아돌연사증후군
R96,"Other sudden death, cause unknown",R96,"Other sudden death, cause unknown",원인 미상의 기타 돌연사
R98,Unattended death,R98,Unattended death,지켜본 사람이 없었던 사망
R99,Other ill-defined and unspecified causes of mortality,R99,Other ill-defined and unspecified causes of mortality,기타 불명확하고 상세불명의 사망원인
S00,Superficial injury of head,S00,Superficial injury of head,머리의 표재성 손상
S01,Open wound of head,S01,Open wound of head,머리의 열린상처
S02,Fracture of skull and facial bones,S02,Fracture of skull and facial bones,두개골 및 안면골의 골절
S03,"Dislocation, sprain and strain of joints and ligaments of head",S03,"Dislocation, sprain and strain of joints and ligaments of head","머리의 관절 및 인대의 탈구, 염좌 및 긴장"
S04,Injury of cranial nerves,S04,Injury of cranial nerves,뇌신경의 손상
S05,Injury of eye and orbit,S05,Injury of eye and orbit,눈 및 안와의 손상
S06,Intracranial injury,S06,Intracranial injury,두개내손상
S07,Crushing injury of head,S07,Crushing injury of head,머리의 으깸손상
S08,Traumatic amputation of part of head,S08,Traumatic amputation of part of head,머리 부분의 외상성 절단
S09,Other and unspecified injuries of head,S09,Other and unspecified injuries of head,머리의 기타 및 상세불명의 손상
S10,Superficial injury of neck,S10,Superficial injury of neck,목의 표재성 손상
S11,Open wound of neck,S11,Open wound of neck,목의 열린상처
S12,Fracture of neck,S12,Fracture of neck,목의 골절
S13,"Dislocation, sprain and strain of joints and ligaments at neck level",S13,"Dislocation, sprain and strain of joints and ligaments at neck level","목부위의 관절 및 인대의 탈구, 염좌 및 긴장"
S14,Injury of nerves and spinal cord at neck level,S14,Injury of nerves and spinal cord at neck level,목부위의 신경 및 척수의 손상
S15,Injury of blood vessels at neck level,S15,Injury of blood vessels at neck level,목부위의 혈관의 손상
S16,Injury of muscle and tendon at neck level,S16,Injury of muscle and tendon at neck level,목부위의 근육 및 힘줄의 손상
S17,Crushing injury of neck,S17,Crushing injury of neck,목의 으깸손상
S18,Traumatic amputation at neck level,S18,Traumatic amputation at neck level,목부위의 외상성 절단
S19,Other and unspecified injuries of neck,S19,Other and unspecified injuries of neck,목의 기타 및 상세불명의 손상
S20,Superficial injury of thorax,S20,Superficial injury of thorax,흉부의 표재성 손상
S21,Open wound of thorax,S21,Open wound of thorax,흉부의 열린상처
S22,"Fracture of rib(s), sternum and thoracic spine",S22,"Fracture of rib(s), sternum and thoracic spine","늑골, 흉골 및 흉추의 골절"
S23,"Dislocation, sprain and strain of joints and ligaments of thorax",S23,"Dislocation, sprain and strain of joints and ligaments of thorax","흉곽의 관절 및 인대의 탈구, 염좌 및 긴장"
S24,Injury of nerves and spinal cord at thorax level,S24,Injury of nerves and spinal cord at thorax level,흉부부위의 신경 및 척수의 손상
S25,Injury of blood vessels of thorax,S25,Injury of blood vessels of thorax,흉부 혈관의 손상
S26,Injury of heart,S26,Injury of heart,심장의 손상
S27,Injury of other and unspecified intrathoracic organs,S27,Injury of other and unspecified intrathoracic organs,기타 및 상세불명의 흉곽내기관의 손상
S28,Crushing injury of thorax and traumatic amputation of part of thorax,S28,Crushing injury of thorax and traumatic amputation of part of thorax,흉부의 으깸손상 및 흉부 부분의 외상성 절단
S29,Other and unspecified injuries of thorax,S29,Other and unspecified injuries of thorax,흉부의 기타 및 상세불명의 손상
S30,"Superficial injury of abdomen, lower back and pelvis",S30,"Superficial injury of abdomen, lower back and pelvis","복부, 아래등 및 골반의 표재성 손상"
S31,"Open wound of abdomen, lower back and pelvis",S31,"Open wound of abdomen, lower back and pelvis","복부, 아래등 및 골반의 열린상처"
S32,Fracture of lumbar spine and pelvis,S32,Fracture of lumbar spine and pelvis,요추 및 골반의 골절
S33,"Dislocation, sprain and strain of joints and ligaments of lumbar spine and pelvis",S33,"Dislocation, sprain and strain of joints and ligaments of lumbar spine and pelvis","요추 및 골반의 관절 및 인대의 탈구, 염좌 및 긴장"
S34,"Injury of nerves and lumbar spinal cord at abdomen, lower back and pelvis level",S34,"Injury of nerves and lumbar spinal cord at abdomen, lower back and pelvis level","복부, 아래등 및 골반 부위의 신경 및 허리척수의 손상"
S35,"Injury of blood vessels at abdomen, lower back and pelvis level",S35,"Injury of blood vessels at abdomen, lower back and pelvis level","복부, 아래등 및 골반 부위의 혈관의 손상"
S36,Injury of intra-abdominal organs,S36,Injury of intra-abdominal organs,복강내기관의 손상
S37,Injury of urinary and pelvic organs,S37,Injury of urinary and pelvic organs,비뇨 및 골반 기관의 손상
S38,"Crushing injury and traumatic amputation of part of abdomen, lower back and pelvis",S38,"Crushing injury and traumatic amputation of part of abdomen, lower back and pelvis","복부, 아래등 및 골반의 으깸손상 및 외상성 절단"
S39,"Other and unspecified injuries of abdomen, lower back and pelvis",S39,"Other and unspecified injuries of abdomen, lower back and pelvis","복부, 아래등 및 골반의 기타 및 상세불명의 손상"
S40,Superficial injury of shoulder and upper arm,S40,Superficial injury of shoulder and upper arm,어깨 및 위팔의 표재성 손상
S41,Open wound of shoulder and upper arm,S41,Open wound of shoulder and upper arm,어깨 및 위팔의 열린상처
S42,Fracture of shoulder and upper arm,S42,Fracture of shoulder and upper arm,어깨 및 위팔의 골절
S43,"Dislocation, sprain and strain of joints and ligaments of shoulder girdle",S43,"Dislocation, sprain and strain of joints and ligaments of shoulder girdle","견갑대의 관절 및 인대의 탈구, 염좌 및 긴장"
S44,Injury of nerves at shoulder and upper arm level,S44,Injury of nerves at shoulder and upper arm level,어깨 및 위팔 부위의 신경의 손상
S45,Injury of blood vessels at shoulder and upper arm level,S45,Injury of blood vessels at shoulder and upper arm level,어깨 및 위팔 부위의 혈관의 손상
S46,Injury of muscle and tendon at shoulder and upper arm level,S46,Injury of muscle and tendon at shoulder and upper arm level,어깨 및 위팔 부위의 근육 및 힘줄의 손상
S47,Crushing injury of shoulder and upper arm,S47,Crushing injury of shoulder and upper arm,어깨 및 위팔의 으깸손상
S48,Traumatic amputation of shoulder and upper arm,S48,Traumatic amputation of shoulder and upper arm,어깨 및 위팔의 외상성 절단
S49,Other and unspecified injuries of shoulder and upper arm,S49,Other and unspecified injuries of shoulder and upper arm,어깨 및 위팔의 기타 및 상세불명의 손상
S50,Superficial injury of forearm,S50,Superficial injury of forearm,아래팔의 표재성 손상
S51,Open wound of forearm,S51,Open wound of forearm,아래팔의 열린상처
S52,Fracture of forearm,S52,Fracture of forearm,아래팔의 골절
S53,"Dislocation, sprain and strain of joints and ligaments of elbow",S53,"Dislocation, sprain and strain of joints and ligaments of elbow","팔꿈치의 관절 및 인대의 탈구, 염좌 및 긴장"
S54,Injury of nerves at forearm level,S54,Injury of nerves at forearm level,아래팔 부위의 신경의 손상
S55,Injury of blood vessels at forearm level,S55,Injury of blood vessels at forearm level,아래팔 부위의 혈관의 손상
S56,Injury of muscle and tendon at forearm level,S56,Injury of muscle and tendon at forearm level,아래팔 부위의 근육 및 힘줄의 손상
S57,Crushing injury of forearm,S57,Crushing injury of forearm,아래팔의 으깸손상
S58,Traumatic amputation of forearm,S58,Traumatic amputation of forearm,아래팔의 외상성 절단
S59,Other and unspecified injuries of forearm,S59,Other and unspecified injuries of forearm,아래팔의 기타 및 상세불명의 손상
S60,Superficial injury of wrist and hand,S60,Superficial injury of wrist and hand,손목 및 손의 표재성 손상
S61,Open wound of wrist and hand,S61,Open wound of wrist and hand,손목 및 손의 열린상처
S62,Fracture at wrist and hand level,S62,Fracture at wrist and hand level,손목 및 손부위의 골절
S63,"Dislocation, sprain and strain of joints and ligaments at wrist and hand level",S63,"Dislocation, sprain and strain of joints and ligaments at wrist and hand level","손목 및 손부위의 관절 및 인대의 탈구, 염좌 및 긴장"
S64,Injury of nerves at wrist and hand level,S64,Injury of nerves at wrist and hand level,손목 및 손 부위의 신경의 손상
S65,Injury of blood vessels at wrist and hand level,S65,Injury of blood vessels at wrist and hand level,손목 및 손 부위의 혈관의 손상
S66,Injury of muscle and tendon at wrist and hand level,S66,Injury of muscle and tendon at wrist and hand level,손목 및 손 부위의 근육 및 힘줄의 손상
S67,Crushing injury of wrist and hand,S67,Crushing injury of wrist and hand,손목 및 손의 으깸손상
S68,Traumatic amputation of wrist and hand,S68,Traumatic amputation of wrist and hand,손목 및 손의 외상성 절단
S69,Other and unspecified injuries of wrist and hand,S69,Other and unspecified injuries of wrist and hand,손목 및 손의 기타 및 상세불명의 손상
S70,Superficial injury of hip and thigh,S70,Superficial injury of hip and thigh,엉덩이 및 대퇴의 표재성 손상
S71,Open wound of hip and thigh,S71,Open wound of hip and thigh,엉덩이 및 대퇴의 열린상처
S72,Fracture of femur,S72,Fracture of femur,대퇴골의 골절
S73,"Dislocation, sprain and strain of joint and ligaments of hip",S73,"Dislocation, sprain and strain of joint and ligaments of hip","고관절의 관절 및 인대의 탈구, 염좌 및 긴장"
S74,Injury of nerves at hip and thigh level,S74,Injury of nerves at hip and thigh level,엉덩이 및 대퇴 부위의 신경의 손상
S75,Injury of blood vessels at hip and thigh level,S75,Injury of blood vessels at hip and thigh level,엉덩이 및 대퇴 부위의 혈관의 손상
S76,Injury of muscle and tendon at hip and thigh level,S76,Injury of muscle and tendon at hip and thigh level,엉덩이 및 대퇴 부위의 근육 및 힘줄의 손상
S77,Crushing injury of hip and thigh,S77,Crushing injury of hip and thigh,엉덩이 및 대퇴의 으깸손상
S78,Traumatic amputation of hip and thigh,S78,Traumatic amputation of hip and thigh,엉덩이 및 대퇴의 외상성 절단
S79,Other and unspecified injuries of hip and thigh,S79,Other and unspecified injuries of hip and thigh,엉덩이 및 대퇴의 기타 및 상세불명의 손상
S80,Superficial injury of lower leg,S80,Superficial injury of lower leg,아래다리의 표재성 손상
S81,Open wound of lower leg,S81,Open wound of lower leg,아래다리의 열린상처
S82,"Fracture of lower leg, including ankle",S82,"Fracture of lower leg, including ankle",발목을 포함한 아래다리의 골절
S83,"Dislocation, sprain and strain of joints and ligaments of knee",S83,"Dislocation, sprain and strain of joints and ligaments of knee","무릎의 관절 및 인대의 탈구, 염좌 및 긴장"
S84,Injury of nerves at lower leg level,S84,Injury of nerves at lower leg level,아래다리 부위의 신경손상
S85,Injury of blood vessels at lower leg level,S85,Injury of blood vessels at lower leg level,아래다리 부위의 혈관의 손상
S86,Injury of muscle and tendon at lower leg level,S86,Injury of muscle and tendon at lower leg level,아래다리 부위의 근육 및 힘줄의 손상
S87,Crushing injury of lower leg,S87,Crushing injury of lower leg,아래다리의 으깸손상
S88,Traumatic amputation of lower leg,S88,Traumatic amputation of lower leg,아래다리의 외상성 절단
S89,Other and unspecified injuries of lower leg,S89,Other and unspecified injuries of lower leg,아래다리의 기타 및 상세불명의 손상
S90,Superficial injury of ankle and foot,S90,Superficial injury of ankle and foot,발목 및 발의 표재성 손상
S91,Open wound of ankle and foot,S91,Open wound of ankle and foot,발목 및 발의 열린상처
S92,"Fracture of foot, except ankle",S92,"Fracture of foot, except ankle",발목을 제외한 발의 골절
S93,"Dislocation, sprain and strain of joints and ligaments at ankle and foot level",S93,"Dislocation, sprain and strain of joints and ligaments at ankle and foot level","발목 및 발 부위의 관절 및 인대의 탈구, 염좌 및 긴장"
S94,Injury of nerves at ankle and foot level,S94,Injury of nerves at ankle and foot level,발목 및 발 부위의 신경의 손상
S95,Injury of blood vessels at ankle and foot level,S95,Injury of blood vessels at ankle and foot level,발목 및 발 부위의 혈관의 손상
S96,Injury of muscle and tendon at ankle and foot level,S96,Injury of muscle and tendon at ankle and foot level,발목 및 발 부위의 근육 및 힘줄의 손상
S97,Crushing injury of ankle and foot,S97,Crushing injury of ankle and foot,발목 및 발의 으깸손상
S98,Traumatic amputation of ankle and foot,S98,Traumatic amputation of ankle and foot,발목 및 발의 외상성 절단
S99,Other and unspecified injuries of ankle and foot,S99,Other and unspecified injuries of ankle and foot,발목 및 발의 기타 및 상세불명의 손상
T00,Superficial injuries involving multiple body regions,T00,Superficial injuries involving multiple body regions,여러 신체부위를 침범한 표재성 손상
T01,Open wounds involving multiple body regions,T01,Open wounds involving multiple body regions,여러 신체부위를 침범한 열린상처
T02,Fractures involving multiple body regions,T02,Fractures involving multiple body regions,여러 신체부위를 침범한 골절
T03,"Dislocations, sprains and strains involving multiple body regions",T03,"Dislocations, sprains and strains involving multiple body regions","여러 신체부위를 침범한 탈구, 염좌 및 긴장"
T04,Crushing injuries involving multiple body regions,T04,Crushing injuries involving multiple body regions,여러 신체부위를 침범한 으깸손상
T05,Traumatic amputations involving multiple body regions,T05,Traumatic amputations involving multiple body regions,여러 신체부위를 침범한 외상성 절단
T06,"Other injuries involving multiple body regions, NEC",T06,"Other injuries involving multiple body regions, NEC",달리 분류되지 않은 여러 신체부위를 침범한 기타 손상
T07,Unspecified multiple injuries,T07,Unspecified multiple injuries,상세불명의 다발손상
T08,"Fracture of spine, level unspecified",T08,"Fracture of spine, level unspecified",척추의 상세불명 부위의 골절
T09,"Other injuries of spine and trunk, level unspecified",T09,"Other injuries of spine and trunk, level unspecified",척추 및 몸통의 상세불명 부위의 기타 손상
T10,"Fracture of upper limb, level unspecified",T10,"Fracture of upper limb, level unspecified",팔의 상세불명 부위의 골절
T11,"Other injuries of upper limb, level unspecified",T11,"Other injuries of upper limb, level unspecified",팔의 상세불명 부위의 기타 손상
T12,"Fracture of lower limb, level unspecified",T12,"Fracture of lower limb, level unspecified",다리의 상세불명 부위의 골절
T13,"Other injuries of lower limb, level unspecified",T13,"Other injuries of lower limb, level unspecified",다리의 상세불명 부위의 기타 손상
T14,Injury of unspecified body region,T14,Injury of unspecified body region,상세불명의 신체부위의 손상
T15,Foreign body on external eye,T15,Foreign body on external eye,외안의 이물
T16,Foreign body in ear,T16,Foreign body in ear,귀의 이물
T17,Foreign body in respiratory tract,T17,Foreign body in respiratory tract,기도의 이물
T18,Foreign body in alimentary tract,T18,Foreign body in alimentary tract,소화관속의 이물
T19,Foreign body in genitourinary tract,T19,Foreign body in genitourinary tract,비뇨생식관의 이물
T20,Burn and corrosion of head and neck,T20,Burn and corrosion of head and neck,머리 및 목의 화상 및 부식
T21,Burn and corrosion of trunk,T21,Burn and corrosion of trunk,몸통의 화상 및 부식
T22,"Burn and corrosion of shoulder and upper limb, except wrist and hand",T22,"Burn and corrosion of shoulder and upper limb, except wrist and hand",손목 및 손을 제외한 어깨와 팔의 화상 및 부식
T23,Burn and corrosion of wrist and hand,T23,Burn and corrosion of wrist and hand,손목 및 손의 화상 및 부식
T24,"Burn and corrosion of hip and lower limb, except ankle and foot",T24,"Burn and corrosion of hip and lower limb, except ankle and foot",발목 및 발을 제외한 엉덩이 및 다리의 화상 및 부식
T25,Burn and corrosion of ankle and foot,T25,Burn and corrosion of ankle and foot,발목 및 발의 화상 및 부식
T26,Burn and corrosion confined to eye and adnexa,T26,Burn and corrosion confined to eye and adnexa,눈 및 부속기에 국한된 화상 및 부식
T27,Burn and corrosion of respiratory tract,T27,Burn and corrosion of respiratory tract,기도의 화상 및 부식
T28,Burn and corrosion of other internal organs,T28,Burn and corrosion of other internal organs,기타 내부기관의 화상 및 부식
T29,Burns and corrosions of multiple body regions,T29,Burns and corrosions of multiple body regions,여러 신체부위를 침범하는 화상 및 부식
T30,"Burn and corrosion, body region unspecified",T30,"Burn and corrosion, body region unspecified",상세불명 신체부위의 화상 및 부식
T31,Burns classified according to extent of body surface involved,T31,Burns classified according to extent of body surface involved,포함된 신체표면의 정도에 따라 분류된 화상
T32,Corrosions classified according to extent of body surface involved,T32,Corrosions classified according to extent of body surface involved,포함된 신체표면의 정도에 따라 분류된 부식
T33,Superficial frostbite,T33,Superficial frostbite,표재성 동상
T34,Frostbite with tissue necrosis,T34,Frostbite with tissue necrosis,조직괴사를 동반한 동상
T35,Frostbite involving multiple body regions and unspecified frostbite,T35,Frostbite involving multiple body regions and unspecified frostbite,여러 신체부위를 침범한 동상 및 상세불명의 동상
T36,Poisoning by systemic antibiotics,T36,Poisoning by systemic antibiotics,전신항생제에 의한 중독
T37,Poisoning by other systemic anti-infectives and antiparasitics,T37,Poisoning by other systemic anti-infectives and antiparasitics,기타 전신 항감염제 및 항기생충제에 의한 중독
T38,"Poisoning by hormones and their synthetic substitutes and antagonists, NEC",T38,"Poisoning by hormones and their synthetic substitutes and antagonists, NEC","달리 분류되지 않은 호르몬, 합성호르몬대치물 및 길항제에 의한 중독"
T39,"Poisoning by nonopioid analgesics, antipyretics and antirheumatics",T39,"Poisoning by nonopioid analgesics, antipyretics and antirheumatics","비아편유사진통제, 해열제 및 항류마티스제에 의한 중독"
T40,Poisoning by narcotics and psychodysleptics [hallucinogens],T40,Poisoning by narcotics and psychodysleptics [hallucinogens],마약 및 정신이상약[환각제]에 의한 중독
T41,Poisoning by anaesthetics and therapeutic gases,T41,Poisoning by anaesthetics and therapeutic gases,마취제 및 각종 치료용가스에 의한 중독
T42,"Poisoning by antiepileptic, sedative-hypnotic and antiparkinsonism drugs",T42,"Poisoning by antiepileptic, sedative-hypnotic and antiparkinsonism drugs","항뇌전증제, 진정제-수면제 및 항파킨슨제에 의한 중독"
T43,"Poisoning by psychotropic drugs, NEC",T43,"Poisoning by psychotropic drugs, NEC",달리 분류되지 않은 정신작용제에 의한 중독
T44,Poisoning by drugs primarily affecting the autonomic nervous system,T44,Poisoning by drugs primarily affecting the autonomic nervous system,일차적으로 자율신경계통에 작용하는 약물에 의한 중독
T45,"Poisoning by primarily systemic and haematological agents, NEC",T45,"Poisoning by primarily systemic and haematological agents, NEC",달리 분류되지 않은 주로 전신 및 혈액에 작용하는 제제에 의한 중독
T46,Poisoning by agents primarily affecting the cardiovascular system,T46,Poisoning by agents primarily affecting the cardiovascular system,주로 심혈관계통에 영향을 주는 제제에 의한 중독
T47,Poisoning by agents primarily affecting the gastrointestinal system,T47,Poisoning by agents primarily affecting the gastrointestinal system,주로 위장계통에 영향을 주는 제제에 의한 중독
T48,Poisoning by agents primarily acting on smooth and skeletal muscles and the respiratory system,T48,Poisoning by agents primarily acting on smooth and skeletal muscles and the respiratory system,"주로 평활근, 골격근 및 호흡계통에 작용하는 제제에 의한 중독"
T49,"Poisoning by topical agents primarily affecting skin and mucous membrane and by ophthalmological, otorhinolaryngological and dental drugs",T49,"Poisoning by topical agents primarily affecting skin and mucous membrane and by ophthalmological, otorhinolaryngological and dental drugs","주로 피부 및 점막에 영향을 주는 국소제제와 안과, 이비인후과 및 치과 약물에 의한 중독"
T50,"Poisoning by diuretics and other and unspecified drugs, medicaments and biological substances",T50,"Poisoning by diuretics and other and unspecified drugs, medicaments and biological substances","이뇨제 및 기타 상세불명의 약물, 약제 및 생물학적 물질에 의한 중독"
T51,Toxic effect of alcohol,T51,Toxic effect of alcohol,알코올의 독성효과
T52,Toxic effect of organic solvents,T52,Toxic effect of organic solvents,유기용제의 독성효과
T53,Toxic effect of halogen derivatives of aliphatic and aromatic hydrocarbons,T53,Toxic effect of halogen derivatives of aliphatic and aromatic hydrocarbons,지방족 및 방향족탄화수소의 할로겐유도체의 독성효과
T54,Toxic effect of corrosive substances,T54,Toxic effect of corrosive substances,부식물질의 독성효과
T55,Toxic effect of soaps and detergents,T55,Toxic effect of soaps and detergents,비누 및 세제의 독성효과
T56,Toxic effect of metals,T56,Toxic effect of metals,금속의 독성효과
T57,Toxic effect of other inorganic substances,T57,Toxic effect of other inorganic substances,기타 무기물질의 독성효과
T58,Toxic effect of carbon monoxide,T58,Toxic effect of carbon monoxide,일산화탄소의 독성효과
T59,"Toxic effect of other gases, fumes and vapours",T59,"Toxic effect of other gases, fumes and vapours","기타 가스, 연무 또는 물김의 독성효과"
T60,Toxic effect of pesticides,T60,Toxic effect of pesticides,유해생물방제제(농약)의 독성효과
T61,Toxic effect of noxious substances eaten as seafood,T61,Toxic effect of noxious substances eaten as seafood,해산물로 섭취한 유해물질의 독성효과
T62,Toxic effect of other noxious substances eaten as food,T62,Toxic effect of other noxious substances eaten as food,식품으로 섭취한 기타 유해물질의 독성효과
T63,Toxic effect of contact with venomous animals,T63,Toxic effect of contact with venomous animals,독액성 동물과의 접촉의 독성효과
T64,Toxic effect of aflatoxin and other mycotoxin food contaminants,T64,Toxic effect of aflatoxin and other mycotoxin food contaminants,아플라톡신 및 기타 진균독소 식품오염물질의 독성효과
T65,Toxic effect of other and unspecified substances,T65,Toxic effect of other and unspecified substances,기타 및 상세불명 물질의 독성효과
T66,Unspecified effects of radiation,T66,Unspecified effects of radiation,방사선의 상세불명의 영향
T67,Effects of heat and light,T67,Effects of heat and light,열 및 빛의 영향
T68,Hypothermia,T68,Hypothermia,저체온증
T69,Other effects of reduced temperature,T69,Other effects of reduced temperature,저하된 온도의 기타 영향
T70,Effects of air pressure and water pressure,T70,Effects of air pressure and water pressure,기압 및 수압의 영향
T71,Asphyxiation,T71,Asphyxiation,질식
T73,Effects of other deprivation,T73,Effects of other deprivation,기타 박탈의 영향
T74,Maltreatment syndromes,T74,Maltreatment syndromes,학대증후군
T75,Effects of other external causes,T75,Effects of other external causes,기타 외인의 영향
T76,Unspecified effects of external causes,T76,Unspecified effects of external causes,외부원인의 상세불명의 영향
T78,"Adverse effects, NEC",T78,"Adverse effects, NEC",달리 분류되지 않은 유해작용
T79,"Certain early complications of trauma, NEC",T79,"Certain early complications of trauma, NEC",달리 분류되지 않은 외상의 특정 조기합병증
T80,"Complications following infusion, transfusion and therapeutic injection",T80,"Complications following infusion, transfusion and therapeutic injection","주입, 수혈 및 치료용 주사에 따른 합병증"
T81,"Complications of procedures, NEC",T81,"Complications of procedures, NEC",달리 분류되지 않은 처치의 합병증
T82,"Complications of cardiac and vascular prosthetic devices, implants and grafts",T82,"Complications of cardiac and vascular prosthetic devices, implants and grafts","심장 및 혈관 인공삽입장치, 삽입물 및 이식편의 합병증"
T83,"Complications of genitourinary prosthetic devices, implants and grafts",T83,"Complications of genitourinary prosthetic devices, implants and grafts","비뇨생식기 인공삽입장치, 삽입물 및 이식편의 합병증"
T84,"Complications of internal orthopaedic prosthetic devices, implants and grafts",T84,"Complications of internal orthopaedic prosthetic devices, implants and grafts","내부 정형외과적 인공삽입장치, 삽입물 및 이식편의 합병증"
T85,"Complications of other internal prosthetic devices, implants and grafts",T85,"Complications of other internal prosthetic devices, implants and grafts","기타 내부 인공삽입장치, 삽입물 및 이식편의 합병증"
T86,Failure and rejection of transplanted organs and tissues,T86,Failure and rejection of transplanted organs and tissues,이식된 기관 및 조직의 실패 및 거부
T87,Complications peculiar to reattachment and amputation,T87,Complications peculiar to reattachment and amputation,재부착 및 절단에 특이한 합병증
T88,"Other complications of surgical and medical care, NEC",T88,"Other complications of surgical and medical care, NEC",달리 분류되지 않은 외과적 및 내과적 치료의 기타 합병증
T90,Sequelae of injuries of head,T90,Sequelae of injuries of head,머리손상의 후유증
T91,Sequelae of injuries of neck and trunk,T91,Sequelae of injuries of neck and trunk,목 및 몸통 손상의 후유증
T92,Sequelae of injuries of upper limb,T92,Sequelae of injuries of upper limb,팔손상의 후유증
T93,Sequelae of injuries of lower limb,T93,Sequelae of injuries of lower limb,다리손상의 후유증
T94,Sequelae of injuries involving multiple and unspecified body regions,T94,Sequelae of injuries involving multiple and unspecified body regions,다발성 및 상세불명의 신체부위를 침범한 손상의 후유증
T95,"Sequelae of burns, corrosions and frostbite",T95,"Sequelae of burns, corrosions and frostbite","화상, 부식 및 동상의 후유증"
T96,"Sequelae of poisoning by drugs, medicaments and biological substances",T96,"Sequelae of poisoning by drugs, medicaments and biological substances","약물, 약제 및 생물학적 물질에 의한 중독의 후유증"
T97,Sequelae of toxic effects of substances chiefly nonmedicinal as to source,T97,Sequelae of toxic effects of substances chiefly nonmedicinal as to source,출처가 주로 비의약품인 물질의 독성효과의 후유증
T98,Sequelae of other and unspecified effects of external causes,T98,Sequelae of other and unspecified effects of external causes,외인의 기타 및 상세불명 영향의 후유증
U04,Severe acute respiratory syndrome[SARS],U04,Severe acute respiratory syndrome[SARS],중증급성호흡증후군[SARS]
U06,Emergency use of U06,U06,Emergency use of U06,U06의 응급사용
U07,Emergency use of U07,U07,Emergency use of U07,U07의 응급사용
U08,Personal history of COVID-19,U08,Personal history of COVID-19,코로나19의 개인력
U09,Post COVID-19 condition,U09,Post COVID-19 condition,코로나19 이후 병태
U10,Multisystem inflammatory syndrome associated with COVID-19,U10,Multisystem inflammatory syndrome associated with COVID-19,코로나19와 관련된 다발계통염증성증후군
U11,Need for immunization against COVID-19,U11,Need for immunization against COVID-19,코로나19에 대한 예방접종의 필요
U12,COVID-19 vaccines causing adverse effects in therapeutic use,U12,COVID-19 vaccines causing adverse effects in therapeutic use,치료용으로 사용시 유해작용을 나타내는 코로나19 백신
U18,Provisional assignment of new diseases or emergency use at a national level,U18,Provisional assignment of new diseases or emergency use at a national level,신종질환의 국내 임시적 지정이나 응급사용
U19,Middle east respiratory syndrome [MERS],U19,Middle east respiratory syndrome [MERS],중동호흡기증후군 [MERS]
U80,Agent resistant to penicillin and related antibiotics,U80,Agent resistant to penicillin and related antibiotics,페니실린 및 연관된 항생제에 내성이 있는 감염체
U81,Agent resistant to vancomycin and related antibiotics,U81,Agent resistant to vancomycin and related antibiotics,밴코마이신 및 연관된 항생제내성 감염체
U82,Resistance to betalactam antibiotics,U82,Resistance to betalactam antibiotics,베타락탐항생제 내성
U83,Resistance to other antibiotics,U83,Resistance to other antibiotics,기타 항생제 내성
U84,Resistance to other antimicrobial drugs,U84,Resistance to other antimicrobial drugs,기타 항균제 내성
U85,Resistance to antineoplastic drugs,U85,Resistance to antineoplastic drugs,항암제 내성
U88,Agent resistant to multiple antibiotics,U88,Agent resistant to multiple antibiotics,여러 항생제에 내성을 보이는 감염체
U89,Agent resistant to other and unspecified antibiotics,U89,Agent resistant to other and unspecified antibiotics,기타 및 상세불명의 항생제내성 감염체
U99,Recurrent malignant neoplasm,U99,Recurrent malignant neoplasm,재발한 악성 신생물
V01,Pedestrian injured in collision with pedal cycle,V01,Pedestrian injured in collision with pedal cycle,자전거와 충돌로 다친 보행자
V02,Pedestrian injured in collision with two- or three-wheeled motor vehicle,V02,Pedestrian injured in collision with two- or three-wheeled motor vehicle,이륜 또는 삼륜자동차와 충돌로 다친 보행자
V03,"Pedestrian injured in collision with car, pick-up truck or van",V03,"Pedestrian injured in collision with car, pick-up truck or van","승용차, 픽업트럭 또는 밴과 충돌로 다친 보행자"
V04,Pedestrian injured in collision with heavy transport vehicle or bus,V04,Pedestrian injured in collision with heavy transport vehicle or bus,대형화물차 또는 버스와 충돌로 다친 보행자
V05,Pedestrian injured in collision with railway train or railway vehicle,V05,Pedestrian injured in collision with railway train or railway vehicle,열차 또는 철도차량과 충돌로 다친 보행자
V06,Pedestrian injured in collision with other nonmotor vehicle,V06,Pedestrian injured in collision with other nonmotor vehicle,기타 무동력 차량과 충돌로 다친 보행자
V09,Pedestrian injured in other and unspecified transport accidents,V09,Pedestrian injured in other and unspecified transport accidents,기타 및 상세불명의 운수사고에서 다친 보행자
V10,Pedal cyclist injured in collision with pedestrian or animal,V10,Pedal cyclist injured in collision with pedestrian or animal,보행자 또는 동물과 충돌로 다친 자전거 탑승자
V11,Pedal cyclist injured in collision with other pedal cycle,V11,Pedal cyclist injured in collision with other pedal cycle,다른 자전거와 충돌로 다친 자전거 탑승자
V12,Pedal cyclist injured in collision with two-or three-wheeled motor vehicle,V12,Pedal cyclist injured in collision with two-or three-wheeled motor vehicle,이륜 또는 삼륜자동차와 충돌로 다친 자전거 탑승자
V13,"Pedal cyclist injured in collision with car,pick-up truck or van",V13,"Pedal cyclist injured in collision with car,pick-up truck or van","승용차, 픽업트럭 또는 밴과 충돌로 다친 자전거 탑승자"
V14,Pedal cyclist injured in collision with heavy transport vehicle or bus,V14,Pedal cyclist injured in collision with heavy transport vehicle or bus,대형화물차 또는 버스와 충돌로 다친 자전거 탑승자
V15,Pedal cyclist injured in collision with railway train or railway vehicle,V15,Pedal cyclist injured in collision with railway train or railway vehicle,열차 또는 철도차량과 충돌로 다친 자전거 탑승자
V16,Pedal cyclist injured in collision with other nonmotor vehicle,V16,Pedal cyclist injured in collision with other nonmotor vehicle,기타 무동력차량과 충돌로 다친 자전거 탑승자
V17,Pedal cyclist injured in collision with fixed or stationary object,V17,Pedal cyclist injured in collision with fixed or stationary object,고정 또는 정지된 물체와의 충돌로 다친 자전거 탑승자
V18,Pedal cyclist injured in noncollision transport accident,V18,Pedal cyclist injured in noncollision transport accident,비충돌 운수사고에서 다친 자전거 탑승자
V19,Pedal cyclist injured in other and unspecified transport accidents,V19,Pedal cyclist injured in other and unspecified transport accidents,기타 및 상세불명의 운수사고에서 다친 자전거 탑승자
V20,Motorcycle rider injured in collision with pedestrian or animal,V20,Motorcycle rider injured in collision with pedestrian or animal,보행자 또는 동물과 충돌로 다친 모터사이클 탑승자
V21,Motorcycle rider injured in collision with pedal cycle,V21,Motorcycle rider injured in collision with pedal cycle,자전거와 충돌로 다친 모터사이클 탑승자
V22,Motorcycle rider injured in collision with two-or three-wheeled motor vehicle,V22,Motorcycle rider injured in collision with two-or three-wheeled motor vehicle,이륜 또는 삼륜자동차와 충돌로 다친 모터사이클 탑승자
V23,"Motorcycle rider injured in collision with car, pick-up truck or van",V23,"Motorcycle rider injured in collision with car, pick-up truck or van","승용차, 픽업트럭 또는 밴과 충돌로 다친 모터사이클 탑승자"
V24,Motorcycle rider injured in collision with heavy transport vehicle or bus,V24,Motorcycle rider injured in collision with heavy transport vehicle or bus,대형화물차 또는 버스와 충돌로 다친 모터사이클 탑승자
V25,Motorcycle rider injured in collision with railway train or railway vehicle,V25,Motorcycle rider injured in collision with railway train or railway vehicle,열차 또는 철도차량과 충돌로 다친 모터사이클 탑승자
V26,Motorcycle rider injured in collision with other nonmotor vehicle,V26,Motorcycle rider injured in collision with other nonmotor vehicle,기타 무동력차량과 충돌로 다친 모터사이클 탑승자
V27,Motorcycle rider injured in collision with fixed or stationary object,V27,Motorcycle rider injured in collision with fixed or stationary object,고정 또는 정지된 물체와의 충돌로 다친 모터사이클 탑승자
V28,Motorcycle rider injured in noncollision transport accident,V28,Motorcycle rider injured in noncollision transport accident,비충돌 운수사고에서 다친 모터사이클 탑승자
V29,Motorcycle rider injured in other and unspecified transport accidents,V29,Motorcycle rider injured in other and unspecified transport accidents,기타 및 상세불명의 운수사고에서 다친 모터사이클 탑승자
V30,Occupant of three-wheeled motor vehicle injured in collision with pedestrian or animal,V30,Occupant of three-wheeled motor vehicle injured in collision with pedestrian or animal,보행자 또는 동물과 충돌로 다친 삼륜자동차 탑승자
V31,Occupant of three-wheeled motor vehicle injured in collision with pedal cycle,V31,Occupant of three-wheeled motor vehicle injured in collision with pedal cycle,자전거와 충돌로 다친 삼륜자동차 탑승자
V32,Occupant of three-wheeled motor vehicle injured in collision with two-or three-wheeled motor vehicle,V32,Occupant of three-wheeled motor vehicle injured in collision with two-or three-wheeled motor vehicle,이륜 또는 삼륜자동차와 충돌로 다친 삼륜자동차 탑승자
V33,"Occupant of three-wheeled motor vehicle injured in collision with car, pick-up truck or van",V33,"Occupant of three-wheeled motor vehicle injured in collision with car, pick-up truck or van","승용차, 픽업트럭 또는 밴과 충돌로 다친 삼륜자동차 탑승자"
V34,Occupant of three-wheeled motor vehicle injured in collision with heavy transport vehicle or bus,V34,Occupant of three-wheeled motor vehicle injured in collision with heavy transport vehicle or bus,대형화물차 또는 버스와 충돌로 다친 삼륜자동차 탑승자
V35,Occupant of three-wheeled motor vehicle injured in collision with railway train or railway vehicle,V35,Occupant of three-wheeled motor vehicle injured in collision with railway train or railway vehicle,열차 또는 철도차량과 충돌로 다친 삼륜자동차 탑승자
V36,Occupant of three-wheeled motor vehicle injured in collision with other nonmotor vehicle,V36,Occupant of three-wheeled motor vehicle injured in collision with other nonmotor vehicle,기타 무동력차량과 충돌로 다친 삼륜자동차 탑승자
V37,Occupant of three-wheeled motor vehicle injured in collision with fixed or stationary object,V37,Occupant of three-wheeled motor vehicle injured in collision with fixed or stationary object,고정 또는 정지된 물체와의 충돌로 다친 삼륜자동차 탑승자
V38,Occupant of three-wheeled motor vehicle injured in noncollision transport accident,V38,Occupant of three-wheeled motor vehicle injured in noncollision transport accident,비충돌 운수사고에서 다친 삼륜자동차 탑승자
V39,Occupant of three-wheeled motor vehicle injured in other and unspecified transport accidents,V39,Occupant of three-wheeled motor vehicle injured in other and unspecified transport accidents,기타 및 상세불명의 운수사고에서 다친 삼륜자동차 탑승자
V40,Car occupant injured in collision with pedestrian or animal,V40,Car occupant injured in collision with pedestrian or animal,보행자 또는 동물과의 충돌로 다친 승용차 탑승자
V41,Car occupant injured in collision with pedal cycle,V41,Car occupant injured in collision with pedal cycle,자전거와 충돌로 다친 승용차 탑승자
V42,Car occupant injured in collision with two-or three-wheeled motor vehicle,V42,Car occupant injured in collision with two-or three-wheeled motor vehicle,이륜 또는 삼륜자동차와의 충돌로 다친 승용차 탑승자
V43,"Car occupant injured in collision with car, pick-up truck or van",V43,"Car occupant injured in collision with car, pick-up truck or van","승용차, 픽업트럭 또는 밴과 충돌로 다친 승용차 탑승자"
V44,Car occupant injured in collision with heavy transport vehicle or bus,V44,Car occupant injured in collision with heavy transport vehicle or bus,대형화물차 또는 버스와의 충돌로 다친 승용차 탑승자
V45,Car occupant injured in collision with railway train or railway vehicle,V45,Car occupant injured in collision with railway train or railway vehicle,열차 또는 철도차량과의 충돌로 다친 승용차 탑승자
V46,Car occupant injured in collision with other nonmotor vehicle,V46,Car occupant injured in collision with other nonmotor vehicle,기타 무동력 차량과의 충돌로 다친 승용차 탑승자
V47,Car occupant injured in collision with fixed or stationary object,V47,Car occupant injured in collision with fixed or stationary object,고정 또는 정지된 물체와의 충돌로 다친 승용차 탑승자
V48,Car occupant injured in noncollision transport accident,V48,Car occupant injured in noncollision transport accident,비충돌 운수사고에서 다친 승용차 탑승자
V49,Car occupant injured in other and unspecified transport accidents,V49,Car occupant injured in other and unspecified transport accidents,기타 및 상세불명의 운수사고에서 다친 승용차 탑승자
V50,Occupant of pick-up truck or van injured in collision with pedestrian or animal,V50,Occupant of pick-up truck or van injured in collision with pedestrian or animal,보행자 또는 동물과의 충돌로 다친 픽업트럭 또는 밴 탑승자
V51,Occupant of pick-up truck or van injured in collision with pedal cycle,V51,Occupant of pick-up truck or van injured in collision with pedal cycle,자전거와의 충돌로 다친 픽업트럭 또는 밴 탑승자
V52,Occupant of pick-up truck or van injured in collision with two- or three-wheeled motor vehicle,V52,Occupant of pick-up truck or van injured in collision with two- or three-wheeled motor vehicle,이륜 또는 삼륜자동차와의 충돌로 다친 픽업트럭 또는 밴 탑승자
V53,"Occupant of pick-up truck or van injured in collision with car, pick-up truck or van",V53,"Occupant of pick-up truck or van injured in collision with car, pick-up truck or van","승용차, 픽업트럭 또는 밴과의 충돌로 다친 픽업트럭 또는 밴 탑승자"
V54,Occupant of pick-up truck or van injured in collision with heavy transport vehicle or bus,V54,Occupant of pick-up truck or van injured in collision with heavy transport vehicle or bus,대형화물차 또는 버스와의 충돌로 다친 픽업트럭 또는 밴 탑승자
V55,Occupant of pick-up truck or van injured in collision with railway train or railway vehicle,V55,Occupant of pick-up truck or van injured in collision with railway train or railway vehicle,열차 또는 철도차량과의 충돌로 다친 픽업트럭 또는 밴 탑승자
V56,Occupant of pick-up truck or van injured in collision with other nonmotor vehicle,V56,Occupant of pick-up truck or van injured in collision with other nonmotor vehicle,기타 무동력차량과의 충돌로 다친 픽업트럭 또는 밴 탑승자
V57,Occupant of pick-up truck or van injured in collision with fixed or stationary object,V57,Occupant of pick-up truck or van injured in collision with fixed or stationary object,고정 또는 정지된 물체와의 충돌로 다친 픽업트럭 또는 밴 탑승자
V58,Occupant of pick-up truck or van injured in noncollision transport accident,V58,Occupant of pick-up truck or van injured in noncollision transport accident,비충돌 운수사고에서 다친 픽업트럭 또는 밴 탑승자
V59,Occupant of pick-up truck or van injured in other and unspecified transport accidents,V59,Occupant of pick-up truck or van injured in other and unspecified transport accidents,기타 및 상세불명의 운수사고에서 다친 픽업트럭 또는 밴 탑승자
V60,Occupant of heavy transport vehicle injured in collision with pedestrian or animal,V60,Occupant of heavy transport vehicle injured in collision with pedestrian or animal,보행자 또는 동물과의 충돌로 다친 대형화물차 탑승자
V61,Occupant of heavy transport vehicle injured in collision with pedal cycle,V61,Occupant of heavy transport vehicle injured in collision with pedal cycle,자전거와의 충돌로 다친 대형화물차 탑승자
V62,Occupant of heavy transport vehicle injured in collision with two-or three-wheeled motor vehicle,V62,Occupant of heavy transport vehicle injured in collision with two-or three-wheeled motor vehicle,이륜 또는 삼륜자동차와의 충돌로 다친 대형화물차 탑승자
V63,"Occupant of heavy transport vehicle injured in collision with car,pick-up truck or van",V63,"Occupant of heavy transport vehicle injured in collision with car,pick-up truck or van","승용차, 픽업트럭 또는 밴과의 충돌로 다친 대형화물차 탑승자"
V64,Occupant of heavy transport vehicle injured in collision with heavy transport vehicle or bus,V64,Occupant of heavy transport vehicle injured in collision with heavy transport vehicle or bus,대형화물차 또는 버스와의 충돌로 다친 대형화물차 탑승자
V65,Occupant of heavy transport vehicle injured in collision with railway train or railway vehicle,V65,Occupant of heavy transport vehicle injured in collision with railway train or railway vehicle,열차 또는 철도차량과의 충돌로 다친 대형화물차 탑승자
V66,Occupant of heavy transport vehicle in collision with other nonmotor vehicle,V66,Occupant of heavy transport vehicle in collision with other nonmotor vehicle,기타 무동력차량과의 충돌로 다친 대형화물차 탑승자
V67,Occupant of heavy transport vehicle injured in collision with fixed or stationary object,V67,Occupant of heavy transport vehicle injured in collision with fixed or stationary object,고정 또는 정지된 물체와의 충돌로 다친 대형화물차 탑승자
V68,Occupant of heavy transport vehicle injured in noncollision transport accident,V68,Occupant of heavy transport vehicle injured in noncollision transport accident,비충돌 운수사고에서 다친 대형화물차 탑승자
V69,Occupant of heavy transport vehicle injured in other and unspecified transport accidents,V69,Occupant of heavy transport vehicle injured in other and unspecified transport accidents,기타 및 상세불명의 운수사고에서 다친 대형화물차 탑승자
V70,Bus occupant injured in collision with pedestrian or animal,V70,Bus occupant injured in collision with pedestrian or animal,보행자 또는 동물과의 충돌로 다친 버스 탑승자
V71,Bus occupant injured in collision with pedal cycle,V71,Bus occupant injured in collision with pedal cycle,자전거와 충돌로 다친 버스 탑승자
V72,Bus occupant injured in collision with two- or three-wheeled motor vehicle in nontraffic accident,V72,Bus occupant injured in collision with two- or three-wheeled motor vehicle in nontraffic accident,이륜 또는 삼륜자동차와 충돌로 다친 버스 탑승자
V73,"Bus occupant injured in collision with car, pick-up truck or van",V73,"Bus occupant injured in collision with car, pick-up truck or van","승용차, 픽업트럭 또는 밴과 충돌로 다친 버스 탑승자"
V74,Bus occupant injured in collision with heavy transport vehicle or bus,V74,Bus occupant injured in collision with heavy transport vehicle or bus,대형화물차 또는 버스와 충돌로 다친 버스 탑승자
V75,Bus occupant injured in collision with railway train or railway vehicle,V75,Bus occupant injured in collision with railway train or railway vehicle,열차 또는 철도차량과의 충돌로 다친 버스 탑승자
V76,Bus occupant injured in collision with other nonmotor vehicle,V76,Bus occupant injured in collision with other nonmotor vehicle,기타 무동력차량과 충돌로 다친 버스 탑승자
V77,Bus occupant injured in collision with fixed or stationary object,V77,Bus occupant injured in collision with fixed or stationary object,고정 또는 정지된 물체와의 충돌로 다친 버스 탑승자
V78,Bus occupant injured in noncollision transport accident,V78,Bus occupant injured in noncollision transport accident,비충돌 운수사고에서 다친 버스 탑승자
V79,Bus occupant injured in other and unspecified transport accidents,V79,Bus occupant injured in other and unspecified transport accidents,기타 및 상세불명의 운수사고에서 다친 버스 탑승자
V80,Animal-rider or occupant of animal-drawn vehicle injured in transport accident,V80,Animal-rider or occupant of animal-drawn vehicle injured in transport accident,운수사고에서 다친 동물 또는 동물-견인차량 탑승자
V81,Occupant of railway train or railway vehicle injured in transport accident,V81,Occupant of railway train or railway vehicle injured in transport accident,운수사고에서 다친 열차 또는 철도차량 탑승자
V82,Occupant of streetcar injured in transport accident,V82,Occupant of streetcar injured in transport accident,운수사고에서 다친 전차 탑승자
V83,Occupant of special vehicle mainly used on industrial premises injured in transport accident,V83,Occupant of special vehicle mainly used on industrial premises injured in transport accident,운수사고에서 다친 주로 산업구내에서 사용되는 특수차량 탑승자
V84,Occupant of special vehicle mainly used in agriculture injured in transport accident,V84,Occupant of special vehicle mainly used in agriculture injured in transport accident,운수사고에서 다친 주로 농업에 사용되는 특수차량의 탑승자
V85,Occupant of special construction vehicle injured in transport accident,V85,Occupant of special construction vehicle injured in transport accident,운수사고에서 다친 특수건설용 차량 탑승자
V86,"Occupant of special all-terrain or other motor vehicle designed primarily for off-road use, injured in transport accident",V86,"Occupant of special all-terrain or other motor vehicle designed primarily for off-road use, injured in transport accident",운수사고에서 다친 주로 비도로 주행을 위해 설계된 특수 전지형차량 또는 기타 자동차 탑승자
V87,Traffic accident of specified type but victim’s mode of transport unknown,V87,Traffic accident of specified type but victim’s mode of transport unknown,피해자의 교통수단을 알지 못하는 명시된 형태의 교통사고
V88,Nontraffic accident of specified type but victim’s mode of transport unknown,V88,Nontraffic accident of specified type but victim’s mode of transport unknown,피해자의 교통수단을 알지 못하는 명시된 형태의 비교통사고
V89,"Motor- or nonmotor-vehicle accident, type of vehicle unspecified",V89,"Motor- or nonmotor-vehicle accident, type of vehicle unspecified",상세불명 차량형태의 자동차 또는 무동력차 사고
V90,Accident to watercraft causing drowning and submersion,V90,Accident to watercraft causing drowning and submersion,익사 및 익수의 원인이 된 선박사고
V91,Accident to watercraft causing other injury,V91,Accident to watercraft causing other injury,기타 손상의 원인이 된 선박사고
V92,Water-transport-related drowning or submersion without accident to watercraft,V92,Water-transport-related drowning or submersion without accident to watercraft,선박사고가 없는 수상운수 관련 익사 및 익수
V93,"Accident on board watercraft without accident to watercraft, not causing drowning and submersion",V93,"Accident on board watercraft without accident to watercraft, not causing drowning and submersion",익사 및 익수의 원인이 아닌 선박사고가 없는 선상사고
V94,Other and unspecified water transport accidents,V94,Other and unspecified water transport accidents,기타 및 상세불명의 수상운수사고
V95,Accident to powered aircraft causing injury to occupant,V95,Accident to powered aircraft causing injury to occupant,탑승자가 다친 동력항공기 사고
V96,Accident to nonpowered aircraft causing injury to occupant,V96,Accident to nonpowered aircraft causing injury to occupant,탑승자가 다친 무동력항공기 사고
V97,Other specified air transport accidents,V97,Other specified air transport accidents,기타 명시된 항공운수사고
V98,Other specified transport accidents,V98,Other specified transport accidents,기타 명시된 운수사고
V99,Unspecified transport accident,V99,Unspecified transport accident,상세불명의 운수사고
W00,Fall on same level involving ice and snow,W00,Fall on same level involving ice and snow,얼음 또는 눈에 의한 동일 면상에서의 낙상
W01,"Fall on same level from slipping, tripping and stumbling",W01,"Fall on same level from slipping, tripping and stumbling","미끄러짐, 걸림 및 헛디딤에 의한 동일 면상에서의 낙상"
W02,"Fall involving ice-skates, skis, roller-skates or skateboards",W02,"Fall involving ice-skates, skis, roller-skates or skateboards","스케이트, 스키, 롤러-스케이트 또는 스케이트보드에 의한 낙상"
W03,"Other fall on same level due to collision with, or pushing by, another person",W03,"Other fall on same level due to collision with, or pushing by, another person",타인과 충돌이나 타인의 밀치기에 의한 동일면상에서의 기타 낙상
W04,Fall while being carried or supported by other persons,W04,Fall while being carried or supported by other persons,타인에 의한 운반이나 지지를 받는 동안의 낙상
W05,Fall involving wheelchair,W05,Fall involving wheelchair,휠체어가 관여된 낙상
W06,Fall involving bed,W06,Fall involving bed,침대가 관여된 낙상
W07,Fall involving chair,W07,Fall involving chair,의자가 관여된 낙상
W08,Fall involving other furniture,W08,Fall involving other furniture,기타 가구가 관여된 낙상
W09,Fall involving playground equipment,W09,Fall involving playground equipment,운동장비가 관여된 낙상
W10,Fall on and from stairs and steps,W10,Fall on and from stairs and steps,계단에서의 낙상
W11,Fall on and from ladder,W11,Fall on and from ladder,사다리에서의 낙상
W12,Fall on and from scaffolding,W12,Fall on and from scaffolding,비계발판에서의 낙상
W13,"Fall from, out of or through building or structure",W13,"Fall from, out of or through building or structure",빌딩 또는 구조물에서의 낙상
W14,Fall from tree,W14,Fall from tree,나무에서의 낙상
W15,Fall from cliff,W15,Fall from cliff,절벽에서의 낙상
W16,Diving or jumping into water causing injury other than drowning or submersion,W16,Diving or jumping into water causing injury other than drowning or submersion,익사 및 익수 이외 손상의 원인인 물로 다이빙 또는 뛰어듬
W17,Other fall from one level to another,W17,Other fall from one level to another,기타 한 면에서 다른 면으로 넘어짐
W18,Other fall on same level,W18,Other fall on same level,동일면상에서의 기타 낙상
W19,Unspecified fall,W19,Unspecified fall,상세불명의 낙상
W20,"Struck by thrown, projected or falling object(s)",W20,"Struck by thrown, projected or falling object(s)","던져진, 쏘아진 또는 떨어지는 물체에 의한 타격"
W21,Striking against or struck by sports equipment,W21,Striking against or struck by sports equipment,스포츠장비에 의한 타격
W22,Striking against or struck by other object(s),W22,Striking against or struck by other object(s),다른 물체에 의한 타격
W23,"Caught, crushed, jammed or pinched in or between objects",W23,"Caught, crushed, jammed or pinched in or between objects","물체 속이나 사이에 붙잡힘, 으깨짐, 뭉개짐 또는 끼임"
W24,"Contact with lifting and transmission device(s), NEC",W24,"Contact with lifting and transmission device(s), NEC",달리 분류되지 않은 인양 및 변속장치와의 접촉
W25,Contact with sharp glass,W25,Contact with sharp glass,날카로운 유리와 접촉
W26,Contact with other sharp object(s),W26,Contact with other sharp object(s),기타 날카로운 물체와 접촉
W27,Contact with nonpowered hand tool,W27,Contact with nonpowered hand tool,무동력 손공구와 접촉
W28,Contact with powered lawnmower,W28,Contact with powered lawnmower,동력잔디깎기와의 접촉
W29,Contact with other powered hand tools and household machinery,W29,Contact with other powered hand tools and household machinery,기타 동력손공구 및 가정용 기계류와의 접촉
W30,Contact with agricultural machinery,W30,Contact with agricultural machinery,농업용기계와 접촉
W31,Contact with other and unspecified machinery,W31,Contact with other and unspecified machinery,기타 및 상세불명의 기계류와 접촉
W32,Handgun discharge,W32,Handgun discharge,권총 발사
W33,"Rifle, shotgun and larger firearm discharge",W33,"Rifle, shotgun and larger firearm discharge","라이플, 엽총 및 기타 큰 화기발사"
W34,Discharge from other and unspecified firearms,W34,Discharge from other and unspecified firearms,기타 및 상세불명의 화기발사
W35,Explosion and rupture of boiler,W35,Explosion and rupture of boiler,보일러 폭발 및 파열
W36,Explosion and rupture of gas cylinder,W36,Explosion and rupture of gas cylinder,가스통 폭발 및 파열
W37,"Explosion and rupture of pressurized tire, pipe or hose",W37,"Explosion and rupture of pressurized tire, pipe or hose","압축 타이어, 파이프 또는 호스의 폭발 및 파열"
W38,Explosion and rupture of other specified pressurized devices,W38,Explosion and rupture of other specified pressurized devices,기타 명시된 가압장치의 폭발 및 파열
W39,Discharge of firework,W39,Discharge of firework,불꽃발사
W40,Explosion of other materials,W40,Explosion of other materials,기타 물질의 폭발
W41,Exposure to high-pressure jet,W41,Exposure to high-pressure jet,고압 분사에 노출
W42,Exposure to noise,W42,Exposure to noise,소음에 노출
W43,Exposure to vibration,W43,Exposure to vibration,진동에 노출
W44,Foreign body entering into or through eye or natural orifice,W44,Foreign body entering into or through eye or natural orifice,눈 또는 인체의 개구부를 통하여 들어온 이물
W45,Foreign body or object entering through skin,W45,Foreign body or object entering through skin,피부를 통하여 들어온 이물 또는 물체
W46,Contact with hypodermic needle,W46,Contact with hypodermic needle,피하 주사바늘과 접촉
W49,Exposure to other and unspecified inanimate mechanical forces,W49,Exposure to other and unspecified inanimate mechanical forces,기타 및 상세불명의 무생물성 기계적 힘에 노출
W50,"Hit, struck, kicked, twisted, bitten or scratched by another person",W50,"Hit, struck, kicked, twisted, bitten or scratched by another person","타인에 의해 맞음, 부딪힘, 차임, 비틀림, 물림 또는 찰과"
W51,Striking against or bumped into another person,W51,Striking against or bumped into another person,타인과 부딪힘 또는 받힘
W52,"Crushed, pushed or stepped on by crowd or human stampede",W52,"Crushed, pushed or stepped on by crowd or human stampede","군중 또는 사람의 쇄도에 의한 으깨짐, 밀림 또는 밟힘"
W53,Bitten by rat,W53,Bitten by rat,쥐에 물림
W54,Bitten or struck by dog,W54,Bitten or struck by dog,개에 물림 또는 부딪힘
W55,Bitten or struck by other mammals,W55,Bitten or struck by other mammals,기타 포유동물에 의한 물림 또는 부딪힘
W56,Contact with marine animal,W56,Contact with marine animal,바다 동물과 접촉
W57,Bitten or stung by nonvenomous insect and other nonvenomous arthropods,W57,Bitten or stung by nonvenomous insect and other nonvenomous arthropods,무독액성 곤충 및 기타 무독액성 절지동물에 물림 또는 쏘임
W58,Bitten or struck by crocodile or alligator,W58,Bitten or struck by crocodile or alligator,악어에 물림 또는 부딪힘
W59,Bitten or crushed by other reptiles,W59,Bitten or crushed by other reptiles,기타 파충류에 물림 또는 으깨짐
W60,"Contact with plant thorns, and spines and sharp leaves",W60,"Contact with plant thorns, and spines and sharp leaves",식물의 가시 및 날카로운 잎사귀와 접촉
W64,Exposure to other and unspecified animate mechanical forces,W64,Exposure to other and unspecified animate mechanical forces,기타 및 상세불명의 생물성 기계적 힘에 노출
W65,Drowning and submersion while in bath-tub,W65,Drowning and submersion while in bath-tub,목욕통 안에 있는 동안의 익사 및 익수
W66,Drowning and submersion following fall into bath-tub,W66,Drowning and submersion following fall into bath-tub,목욕통으로 떨어진 후의 익사 및 익수
W67,Drowning and submersion while in swimming-pool,W67,Drowning and submersion while in swimming-pool,수영장 안에 있는 동안의 익사 및 익수
W68,Drowning and submersion following fall into swimming-pool,W68,Drowning and submersion following fall into swimming-pool,수영장으로 떨어진 후의 익사 및 익수
W69,Drowning and submersion while in natural water,W69,Drowning and submersion while in natural water,자연수 안에 있는 동안의 익사 및 익수
W70,Drowning and submersion following fall into natural water,W70,Drowning and submersion following fall into natural water,자연수로 떨어진 후의 익사 및 익수
W73,Other specified drowning and submersion,W73,Other specified drowning and submersion,기타 명시된 익사 및 익수
W74,Unspecified drowning and submersion,W74,Unspecified drowning and submersion,상세불명의 익사 및 익수
W75,Accidental suffocation and strangulation in bed,W75,Accidental suffocation and strangulation in bed,침대에서의 우발적 질식 및 교액
W76,Other accidental hanging and strangulation,W76,Other accidental hanging and strangulation,기타 불의의 목맴 및 교액
W77,"Threats to breathing due to cave-in, falling earth and other substances",W77,"Threats to breathing due to cave-in, falling earth and other substances","붕괴, 떨어지는 흙 및 기타 물질에 의한 호흡 위협"
W78,Inhalation of gastric contents,W78,Inhalation of gastric contents,위 내용물의 흡입
W79,Inhalation and ingestion of food causing obstruction of respiratory tract,W79,Inhalation and ingestion of food causing obstruction of respiratory tract,기도폐색의 원인이 된 음식물의 흡입 및 섭취
W80,Inhalation and ingestion of other objects causing obstruction of respiratory tract,W80,Inhalation and ingestion of other objects causing obstruction of respiratory tract,기도 폐색의 원인이 된 기타 물건의 흡입 및 섭취
W81,Confined to or trapped in a low-oxygen environment,W81,Confined to or trapped in a low-oxygen environment,저산소환경에 갇힘
W83,Other specified threats to breathing,W83,Other specified threats to breathing,호흡의 기타 명시된 위협
W84,Unspecified threats to breathing,W84,Unspecified threats to breathing,호흡의 상세불명 위협
W85,Exposure to electric transmission lines,W85,Exposure to electric transmission lines,송전선에 노출
W86,Exposure to other specified electric current,W86,Exposure to other specified electric current,기타 명시된 전류에 노출
W87,Exposure to unspecified electric current,W87,Exposure to unspecified electric current,상세불명의 전류에 노출
W88,Exposure to ionizing radiation,W88,Exposure to ionizing radiation,이온화 방사선에 노출
W89,Exposure to man-made visible and ultraviolet light,W89,Exposure to man-made visible and ultraviolet light,인공 가시광선 및 자외선에 노출
W90,Exposure to other nonionizing radiation,W90,Exposure to other nonionizing radiation,기타 비이온화방사선에의 노출
W91,Exposure to unspecified type of radiation,W91,Exposure to unspecified type of radiation,상세불명의 형태의 방사선에 노출
W92,Exposure to excessive heat of man-made origin,W92,Exposure to excessive heat of man-made origin,인공적 과잉열에 노출
W93,Exposure to excessive cold of man-made origin,W93,Exposure to excessive cold of man-made origin,인공적 과잉한랭에 노출
W94,Exposure to high and low air pressure and changes in air pressure,W94,Exposure to high and low air pressure and changes in air pressure,고압 및 저압 및 기압의 변화에 노출
W99,Exposure to other and unspecified man-made environmental factors,W99,Exposure to other and unspecified man-made environmental factors,기타 및 상세불명의 인공환경 요인에 노출
X00,Exposure to uncontrolled fire in building or structure,X00,Exposure to uncontrolled fire in building or structure,건물 또는 구조물 안에서 통제되지 않은 불에 노출
X01,"Exposure to uncontrolled fire, not in building or structure",X01,"Exposure to uncontrolled fire, not in building or structure",건물 또는 구조물이 아닌 곳에서 통제되지 않은 불에 노출
X02,Exposure to controlled fire in building or structure,X02,Exposure to controlled fire in building or structure,건물 또는 구조물안에서 통제된 불에 노출
X03,"Exposure to controlled fire, not in building or structure",X03,"Exposure to controlled fire, not in building or structure",건물 또는 구조물이 아닌 곳에서 통제된 불에 노출
X04,Exposure to ignition of highly flammable material,X04,Exposure to ignition of highly flammable material,높은 가연성 물질의 발화에 노출
X05,Exposure to ignition or melting of nightwear,X05,Exposure to ignition or melting of nightwear,잠옷의 발화 또는 녹아내림에 노출
X06,Exposure to ignition or melting of other clothing and apparel,X06,Exposure to ignition or melting of other clothing and apparel,기타 의류의 발화 또는 녹아내림에 노출
X08,"Exposure to other specified smoke, fire and flames",X08,"Exposure to other specified smoke, fire and flames","기타 명시된 연기, 불 및 불꽃에 노출"
X09,"Exposure to unspecified smoke, fire and flames",X09,"Exposure to unspecified smoke, fire and flames","상세불명의 연기, 불 및 불꽃에의 노출"
X10,"Contact with hot drinks, food, fats and cooking oils",X10,"Contact with hot drinks, food, fats and cooking oils","뜨거운 음료 식품, 지방 및 조리용 기름과 접촉"
X11,Contact with hot tap-water,X11,Contact with hot tap-water,뜨거운 수돗물과 접촉
X12,Contact with other hot fluids,X12,Contact with other hot fluids,기타 뜨거운 용액과 접촉
X13,Contact with steam and hot vapours,X13,Contact with steam and hot vapours,증기 및 뜨거운 김과 접촉
X14,Contact with hot air and gases,X14,Contact with hot air and gases,뜨거운 공기 및 가스와 접촉
X15,Contact with hot household appliances,X15,Contact with hot household appliances,뜨거운 가정기기와 접촉
X16,"Contact with hot heating appliances, radiators and pipe",X16,"Contact with hot heating appliances, radiators and pipe","뜨거운 난방장치, 방열기 및 파이프와 접촉"
X17,"Contact with hot engines, machinery and tools",X17,"Contact with hot engines, machinery and tools","뜨거운 엔진, 기계 및 공구와 접촉"
X18,Contact with other hot metals,X18,Contact with other hot metals,기타 뜨거운 금속과 접촉
X19,Contact with other and unspecified heat and hot substances,X19,Contact with other and unspecified heat and hot substances,기타 및 상세불명의 열 및 뜨거운 물질과 접촉
X20,Contact with venomous snakes and lizards,X20,Contact with venomous snakes and lizards,독액성 뱀 및 도마뱀과 접촉
X21,Contact with venomous spiders,X21,Contact with venomous spiders,독거미와 접촉
X22,Contact with scorpions,X22,Contact with scorpions,전갈과 접촉
X23,"Contact with hornets, wasps and bees",X23,"Contact with hornets, wasps and bees","장수말벌, 말벌 및 꿀벌과 접촉"
X24,Contact with centipedes and venomous millipedes (tropical),X24,Contact with centipedes and venomous millipedes (tropical),지네 및 독액성 노래기(열대성)와 접촉
X25,Contact with other venomous arthropods,X25,Contact with other venomous arthropods,기타 독액성 절지동물과 접촉
X26,Contact with venomous marine animals and plants,X26,Contact with venomous marine animals and plants,독액성 해양동물 및 식물과 접촉
X27,Contact with other specified venomous animals,X27,Contact with other specified venomous animals,기타 명시된 독액성 동물과 접촉
X28,Contact with other specified venomous plants,X28,Contact with other specified venomous plants,기타 명시된 독액성 식물과 접촉
X29,Contact with unspecified venomous animal or plant,X29,Contact with unspecified venomous animal or plant,상세불명의 독액성 동물 또는 식물과 접촉
X30,Exposure to excessive natural heat,X30,Exposure to excessive natural heat,과다한 자연열에 노출
X31,Exposure to excessive natural cold,X31,Exposure to excessive natural cold,과다한 자연한랭에 노출
X32,Exposure to sunlight,X32,Exposure to sunlight,일광에 노출
X33,Victim of lightning,X33,Victim of lightning,벼락에 의한 피해
X34,Victim of earthquake,X34,Victim of earthquake,지진에 의한 피해
X35,Victim of volcanic eruption,X35,Victim of volcanic eruption,화산폭발에 의한 피해
X36,"Victim of avalanche, landslide and other earth movements",X36,"Victim of avalanche, landslide and other earth movements","눈사태, 산사태 및 기타 지각운동에 의한 피해"
X37,Victim of cataclysmic storm,X37,Victim of cataclysmic storm,지각변동 폭풍의 피해
X38,Victim of flood,X38,Victim of flood,홍수의 피해
X39,Exposure to other and unspecified forces of nature,X39,Exposure to other and unspecified forces of nature,자연의 기타 및 상세불명 힘에 노출
X40,"Accidental poisoning by and exposure to nonopioid analgesics, antipyretics and antirheumatics",X40,"Accidental poisoning by and exposure to nonopioid analgesics, antipyretics and antirheumatics","비아편유사진통제, 해열제 및 항류마티스제에 의한 불의의 중독 및 노출"
X41,"Accidental poisoning by and exposure to antiepileptic, sedative-hypnotic, antiparkinsonism and psychotropic drugs, NEC",X41,"Accidental poisoning by and exposure to antiepileptic, sedative-hypnotic, antiparkinsonism and psychotropic drugs, NEC","달리 분류되지 않은 항뇌전증제, 진정제-수면제, 항파킨슨제, 정신작용제에 의한 불의의 중독 및 노출"
X42,"Accidental poisoning by and exposure to narcotics and psychodysleptics[hallucinogens], NEC",X42,"Accidental poisoning by and exposure to narcotics and psychodysleptics[hallucinogens], NEC",달리 분류되지 않은 마약 및 환각제에 의한 불의의 중독 및 노출
X43,Accidental poisoning by and exposure to other drugs acting on the autonomic nervous system,X43,Accidental poisoning by and exposure to other drugs acting on the autonomic nervous system,자율신경계통에 작용하는 기타 약물에 의한 불의의 중독 및 노출
X44,"Accidental poisoning by and exposure to other and unspecified drugs, medicaments and biological substances",X44,"Accidental poisoning by and exposure to other and unspecified drugs, medicaments and biological substances","기타 및 상세불명의 약물, 약제 및 생물학적 물질에 의한 불의의 중독 및 노출"
X45,Accidental poisoning by and exposure to alcohol,X45,Accidental poisoning by and exposure to alcohol,알코올에 의한 불의의 중독 및 노출
X46,Accidental poisoning by and exposure to organic solvents and halogenated hydrocarbons and their vapours,X46,Accidental poisoning by and exposure to organic solvents and halogenated hydrocarbons and their vapours,유기용제 및 할로겐화 탄화수소 및 그 휘발성 물질에 의한 불의의 중독 및 노출
X47,Accidental poisoning by and exposure to carbon monoxide and other gases and vapours,X47,Accidental poisoning by and exposure to carbon monoxide and other gases and vapours,"일산화탄소 및 기타 가스, 휘발성 물질에 의한 불의의 중독 및 노출"
X48,Accidental poisoning by and exposure to pesticides,X48,Accidental poisoning by and exposure to pesticides,유해생물방제제(농약)에 의한 불의의 중독 및 노출
X49,Accidental poisoning by and exposure to other and unspecified chemicals and noxious substances,X49,Accidental poisoning by and exposure to other and unspecified chemicals and noxious substances,기타 및 상세불명의 화학물질 및 독성물질에 의한 불의의 중독 및 노출
X50,Overexertion and strenuous or repetitive movements,X50,Overexertion and strenuous or repetitive movements,과잉노력 및 격심한 또는 반복적 운동
X51,Travel and motion,X51,Travel and motion,여행 및 이동
X52,Prolonged stay in weightless environment,X52,Prolonged stay in weightless environment,무중력환경에서의 장기간 체류
X53,Lack of food,X53,Lack of food,식량부족
X54,Lack of water,X54,Lack of water,물부족
X57,Unspecified privation,X57,Unspecified privation,상세불명의 결핍
X58,Exposure to other specified factors,X58,Exposure to other specified factors,기타 명시된 요인에 노출
X59,Exposure to unspecified factor,X59,Exposure to unspecified factor,상세불명의 요인에 노출
X60,"Intentional self-poisoning by and exposure to nonopioid analgesics, antipyretics and antirheumatics",X60,"Intentional self-poisoning by and exposure to nonopioid analgesics, antipyretics and antirheumatics","비아편유사진통제, 해열제, 항류마티스제에 의한 자의적 중독 및 노출"
X61,"Intentional self-poisoning by and exposure to antiepileptic, sedative-hypnotic, antiparkinsonism and psychotropic drugs, NEC",X61,"Intentional self-poisoning by and exposure to antiepileptic, sedative-hypnotic, antiparkinsonism and psychotropic drugs, NEC","달리 분류되지 않은 항뇌전증제, 진정제-수면제, 항파킨슨제 및 정신작용제에 의한 자의의 중독 및 노출"
X62,"Intentional self-poisoning by and exposure to narcotics and psychodysleptics [hallucinogens], NEC",X62,"Intentional self-poisoning by and exposure to narcotics and psychodysleptics [hallucinogens], NEC",달리 분류되지 않은 마약 및 환각제에 의한 자의의 중독 및 노출
X63,Intentional self- poisoning by and exposure to other drugs acting on the autonomic nervous system,X63,Intentional self- poisoning by and exposure to other drugs acting on the autonomic nervous system,자율신경계통에 작용하는 기타 약물에 의한 자의의 중독 및 노출
X64,"Intentional self-poisoning by and exposure to other and unspecified drugs, medicaments and biological substances",X64,"Intentional self-poisoning by and exposure to other and unspecified drugs, medicaments and biological substances","기타 및 상세불명의 약물, 약제 및 생물학적 물질에 의한 자의의 중독 및 노출"
X65,Intentional self-poisoning by and exposure to alcohol,X65,Intentional self-poisoning by and exposure to alcohol,알코올에 의한 자의의 중독 및 노출
X66,Intentional self-poisoning by and exposure to organic solvents and halogenated hydrocarbons and their vapours,X66,Intentional self-poisoning by and exposure to organic solvents and halogenated hydrocarbons and their vapours,유기용제 및 할로겐화 탄화수소 및 그 휘발성 물질에 의한 자의의 중독 및 노출
X67,Intentional self-poisoning by and exposure to carbon monoxide and other gases and vapours,X67,Intentional self-poisoning by and exposure to carbon monoxide and other gases and vapours,"일산화탄소 및 기타 가스, 휘발성 물질에 의한 자의의 중독 및 노출"
X68,Intentional self-poisoning by and exposure to pesticides,X68,Intentional self-poisoning by and exposure to pesticides,유해생물방제제(농약)에 의한 자의의 중독 및 노출
X69,Intentional self-poisoning by and exposure to other and unspecified chemicals and noxious substances,X69,Intentional self-poisoning by and exposure to other and unspecified chemicals and noxious substances,기타 및 상세불명의 화학물질 및 독성물질에 의한 자의의 중독 및 노출
X70,"Intentional self-harm by hanging, strangulation and suffocation",X70,"Intentional self-harm by hanging, strangulation and suffocation","목맴, 교액 및 질식에 의한 의도적 자해"
X71,Intentional self-harm by drowning and submersion,X71,Intentional self-harm by drowning and submersion,익사 및 익수에 의한 의도적 자해
X72,Intentional self-harm by handgun discharge,X72,Intentional self-harm by handgun discharge,권총발사에 의한 의도적 자해
X73,"Intentional self-harm by rifle, shotgun and larger firearm discharge",X73,"Intentional self-harm by rifle, shotgun and larger firearm discharge","라이플, 엽총 및 기타 큰 화기발사에 의한 의도적 자해"
X74,Intentional self-harm by other and unspecified firearm discharge,X74,Intentional self-harm by other and unspecified firearm discharge,기타 및 상세불명의 화기발사에 의한 의도적 자해
X75,Intentional self-harm by explosive material,X75,Intentional self-harm by explosive material,폭발성 물질에 의한 의도적 자해
X76,"Intentional self-harm by smoke, fire and flames",X76,"Intentional self-harm by smoke, fire and flames","연기, 불 및 불꽃에 의한 의도적 자해"
X77,"Intentional self-harm by steam, hot vapours and hot objects",X77,"Intentional self-harm by steam, hot vapours and hot objects","증기, 뜨거운 김 및 뜨거운 물체에 의한 의도적 자해"
X78,Intentional self-harm by sharp object,X78,Intentional self-harm by sharp object,예리한 물체에 의한 의도적 자해
X79,Intentional self-harm by blunt object,X79,Intentional self-harm by blunt object,둔한 물체에 의한 의도적 자해
X80,Intentional self-harm by jumping from a high place,X80,Intentional self-harm by jumping from a high place,높은 곳에서 뛰어내림에 의한 의도적 자해
X81,Intentional self-harm by jumping or lying before moving object,X81,Intentional self-harm by jumping or lying before moving object,움직이는 물체 앞에 뛰어들거나 누움에 의한 의도적 자해
X82,Intentional self-harm by crashing of motor vehicle,X82,Intentional self-harm by crashing of motor vehicle,자동차의 충돌에 의한 의도적 자해
X83,Intentional self-harm by other specified means,X83,Intentional self-harm by other specified means,기타 명시된 수단에 의한 의도적 자해
X84,Intentional self-harm by unspecified means,X84,Intentional self-harm by unspecified means,상세불명의 수단에 의한 의도적 자해
X85,"Assault by drugs, medicaments and biological substances",X85,"Assault by drugs, medicaments and biological substances","약물, 약제 및 생물학적 물질에 의한 가해"
X86,Assault by corrosive substance,X86,Assault by corrosive substance,부식성 물질에 의한 가해
X87,Assault by pesticides,X87,Assault by pesticides,유해생물방제제(농약)에 의한 가해
X88,Assault by carbon monoxide and other gases and vapours,X88,Assault by carbon monoxide and other gases and vapours,"일산화탄소, 기타 가스 및 휘발성 물질에 의한 가해"
X89,Assault by other specified chemicals and noxious substances,X89,Assault by other specified chemicals and noxious substances,기타 명시된 화학물질 및 독성물질에 의한 가해
X90,Assault by unspecified chemical or noxious substances,X90,Assault by unspecified chemical or noxious substances,상세불명의 화학물질 또는 독성물질에 의한 가해
X91,"Assault by hanging, strangulation and suffocation",X91,"Assault by hanging, strangulation and suffocation","목맴, 교액 및 질식에 의한 가해"
X92,Assault by drowning and submersion,X92,Assault by drowning and submersion,익사 및 익수에 의한 가해
X93,Assault by handgun discharge,X93,Assault by handgun discharge,권총발사에 의한 가해
X94,"Assault by rifle, shotgun and larger firearm discharge",X94,"Assault by rifle, shotgun and larger firearm discharge","라이플, 엽총 및 기타 소화기발사에 의한 가해"
X95,Assault by other and unspecified firearm discharge,X95,Assault by other and unspecified firearm discharge,기타 및 상세불명의 화기발사에 의한 가해
X96,Assault by explosive material,X96,Assault by explosive material,폭발성 물질에 의한 가해
X97,"Assault by smoke, fire and flames",X97,"Assault by smoke, fire and flames","연기, 불 및 불꽃에 의한 가해"
X98,"Assault by steam, hot vapours and hot objects",X98,"Assault by steam, hot vapours and hot objects","증기, 뜨거운 김 및 뜨거운 물체에 의한 가해"
X99,Assault by sharp object,X99,Assault by sharp object,예리한 물체에 의한 가해
Y00,Assault by blunt object,Y00,Assault by blunt object,둔한 물체에 의한 가해
Y01,Assault by pushing from high place,Y01,Assault by pushing from high place,높은 곳에서 떠밀음에 의한 가해
Y02,Assault by pushing or placing victim before moving object,Y02,Assault by pushing or placing victim before moving object,피해자를 움직이는 물체앞에 밀거나 놓이게 하여 가해
Y03,Assault by crashing of motor vehicle,Y03,Assault by crashing of motor vehicle,자동차충돌에 의한 가해
Y04,Assault by bodily force,Y04,Assault by bodily force,완력에 의한 가해
Y05,Sexual assault by bodily force,Y05,Sexual assault by bodily force,완력에 의한 성적 학대
Y06,Neglect and abandonment,Y06,Neglect and abandonment,방치 및 유기
Y07,Other maltreatment,Y07,Other maltreatment,기타 학대
Y08,Assault by other specified means,Y08,Assault by other specified means,기타 명시된 수단에 의한 가해
Y09,Assault by unspecified means,Y09,Assault by unspecified means,상세불명의 수단에 의한 가해
Y10,"Poisoning by and exposure to nonopioid analgesics, antipyretics and antirheumatics, undetermined intent",Y10,"Poisoning by and exposure to nonopioid analgesics, antipyretics and antirheumatics, undetermined intent","의도 미확인의 비아편유사진통제, 해열제, 항류마티스제에 의한 중독 및 노출"
Y11,"Poisoning by and exposure to antiepileptic, sedative-hypnotic, antiparkinsonism and psychotropic drugs, undetermined intent, NEC",Y11,"Poisoning by and exposure to antiepileptic, sedative-hypnotic, antiparkinsonism and psychotropic drugs, undetermined intent, NEC","의도 미확인의 달리 분류되지 않은 항뇌전증제, 진정제-수면제, 항파킨슨제 및 정신작용제에 의한 중독 및 노출"
Y12,"Poisoning by and exposure to narcotics and psychodysleptics [hallucinogens], undetermined intent, NEC",Y12,"Poisoning by and exposure to narcotics and psychodysleptics [hallucinogens], undetermined intent, NEC",의도 미확인의 달리 분류되지 않은 마약 및 환각제에 의한 중독 및 노출
Y13,"Poisoning by and exposure to other drugs acting on the autonomic nervous system, undetermined intent",Y13,"Poisoning by and exposure to other drugs acting on the autonomic nervous system, undetermined intent",의도 미확인의 자율신경계통에 작용하는 기타 약물에 의한 중독 및 노출
Y14,"Poisoning by and exposure to other and unspecified drugs, medicaments and biological substances, undetermined intent",Y14,"Poisoning by and exposure to other and unspecified drugs, medicaments and biological substances, undetermined intent","의도 미확인의 기타 및 상세불명의 약물, 약제 및 생물학적 물질에 의한 중독 및 노출"
Y15,"Poisoning by and exposure to alcohol, undetermined intent",Y15,"Poisoning by and exposure to alcohol, undetermined intent",의도 미확인의 알코올에 의한 중독 및 노출
Y16,"Poisoning by and exposure to organic solvents and halogenated hydrocarbons and their vapours, undetermined intent",Y16,"Poisoning by and exposure to organic solvents and halogenated hydrocarbons and their vapours, undetermined intent",의도 미확인의 유기용제 및 할로젠화 탄화수소 및 그 휘발성 물질에 의한 중독 및 노출
Y17,"Poisoning by and exposure to carbon monoxide and other gases and vapours, undetermined intent",Y17,"Poisoning by and exposure to carbon monoxide and other gases and vapours, undetermined intent",의도 미확인의 일산화탄소 및 기타 가스 및 휘발성 물질에 의한 중독 및 노출
Y18,"Poisoning by and exposure to pesticides, undetermined intent",Y18,"Poisoning by and exposure to pesticides, undetermined intent",의도 미확인의 유해생물방제제(농약)에 의한 중독 및 노출
Y19,"Poisoning by and exposure to other and unspecified chemicals and noxious substances, undetermined intent",Y19,"Poisoning by and exposure to other and unspecified chemicals and noxious substances, undetermined intent",의도 미확인의 기타 및 상세불명의 화학물질 및 유독성 물질에 의한 중독 및 노출
Y20,"Hanging, strangulation and suffocation, undetermined intent",Y20,"Hanging, strangulation and suffocation, undetermined intent","의도 미확인의 목맴, 교액 및 질식"
Y21,"Drowning and submersion, undetermined intent",Y21,"Drowning and submersion, undetermined intent",의도 미확인의 익사 및 익수
Y22,"Handgun discharge, undetermined intent",Y22,"Handgun discharge, undetermined intent",의도 미확인의 권총발사
Y23,"Rifle, shotgun and larger firearm discharge, undetermined intent",Y23,"Rifle, shotgun and larger firearm discharge, undetermined intent","의도 미확인의 라이플, 엽총 및 기타 큰 화기발사"
Y24,"Other and unspecified firearm discharge, undetermined intent",Y24,"Other and unspecified firearm discharge, undetermined intent",의도 미확인의 기타 및 상세불명의 화기발사
Y25,"Contact with explosive material, undetermined intent",Y25,"Contact with explosive material, undetermined intent",의도 미확인의 폭발성 물질에 접촉
Y26,"Exposure to smoke, fire and flames, undetermined intent",Y26,"Exposure to smoke, fire and flames, undetermined intent","의도 미확인의 연기, 불 및 불꽃에 노출"
Y27,"Contact with steam, hot vapours and hot objects, undetermined intent",Y27,"Contact with steam, hot vapours and hot objects, undetermined intent","의도 미확인의 증기, 뜨거운 김 및 뜨거운 물체에 접촉"
Y28,"Contact with sharp object, undetermined intent",Y28,"Contact with sharp object, undetermined intent",의도 미확인의 예리한 물체에 접촉
Y29,"Contact with blunt object, undetermined intent",Y29,"Contact with blunt object, undetermined intent",의도 미확인의 둔한 물체에 접촉
Y30,"Falling, jumping or pushed from a high place, undetermined intent",Y30,"Falling, jumping or pushed from a high place, undetermined intent","의도 미확인의 높은 곳에서 떨어짐, 뛰어내림 또는 떠밀림"
Y31,"Falling, lying or running before or into moving object, undetermined intent",Y31,"Falling, lying or running before or into moving object, undetermined intent","의도 미확인의 움직이는 물체 앞에 또는 안으로 뛰어내림, 누움 또는 떨어짐"
Y32,"Crashing of motor vehicle, undetermined intent",Y32,"Crashing of motor vehicle, undetermined intent",의도 미확인의 자동차의 충돌
Y33,"Other specified events, undetermined intent",Y33,"Other specified events, undetermined intent",의도 미확인의 기타 명시된 사건
Y34,"Unspecified event, undetermined intent",Y34,"Unspecified event, undetermined intent",의도 미확인의 상세불명의 사건
Y35,Legal intervention,Y35,Legal intervention,법적 개입
Y36,Operations of war,Y36,Operations of war,전쟁행위
Y40,Systemic antibiotics causing adverse effects in therapeutic use,Y40,Systemic antibiotics causing adverse effects in therapeutic use,치료용으로 사용시 유해작용을 나타내는 전신항생제
Y41,Other systemic anti-infectives and antiparasitics causing adverse effects in therapeutic use,Y41,Other systemic anti-infectives and antiparasitics causing adverse effects in therapeutic use,치료용으로 사용시 유해작용을 나타내는 기타 전신 항감염제 및 항기생충제
Y42,"Hormones and their synthetic substitutes and antagonists, NEC causing adverse effects in therapeutic use",Y42,"Hormones and their synthetic substitutes and antagonists, NEC causing adverse effects in therapeutic use",치료용으로 사용시 유해작용을 나타내는 달리 분류되지 않은 호르몬 및 그들의 합성 대치물 및 길항제
Y43,Primarily systemic agents causing adverse effects in therapeutic use,Y43,Primarily systemic agents causing adverse effects in therapeutic use,치료용으로 사용시 유해작용을 나타내는 주로 전신에 작용하는 제제
Y44,Agents primarily affecting blood constituents causing adverse effects in therapeutic use,Y44,Agents primarily affecting blood constituents causing adverse effects in therapeutic use,치료용으로 사용시 유해작용을 나타내는 주로 혈액성분에 영향을 주는 제제
Y45,"Analgesics, antipyretics and anti-inflammatory drugs causing adverse effects in therapeutic use",Y45,"Analgesics, antipyretics and anti-inflammatory drugs causing adverse effects in therapeutic use","치료용으로 사용시 유해작용을 나타내는 진통제, 해열제 및 항염증제"
Y46,Antiepileptics and antiparkinsonism drugs causing adverse effects in therapeutic use,Y46,Antiepileptics and antiparkinsonism drugs causing adverse effects in therapeutic use,치료용으로 사용시 유해작용을 나타내는 항뇌전증제 및 항파킨슨제
Y47,"Sedatives, hypnotics and antianxiety drugs causing adverse effects in therapeutic use",Y47,"Sedatives, hypnotics and antianxiety drugs causing adverse effects in therapeutic use","치료용으로 사용시 유해작용을 나타내는 진정제, 수면제 및 항불안제"
Y48,Anaesthetics and therapeutic gases causing adverse effects in therapeutic use,Y48,Anaesthetics and therapeutic gases causing adverse effects in therapeutic use,치료용으로 사용시 유해작용을 나타내는 마취제 및 각종 치료용 가스
Y49,"Psychotropic drugs, NEC causing adverse effects in therapeutic use",Y49,"Psychotropic drugs, NEC causing adverse effects in therapeutic use",치료용으로 사용시 유해작용을 나타내는 달리 분류되지 않은 정신작용제
Y50,"Central nervous system stimulants, NEC causing adverse effects in therapeutic use",Y50,"Central nervous system stimulants, NEC causing adverse effects in therapeutic use",치료용으로 사용시 유해작용을 나타내는 달리 분류되지 않은 중추신경계통 흥분제
Y51,Drugs primarily affecting the autonomic nervous system causing adverse effects in therapeutic use,Y51,Drugs primarily affecting the autonomic nervous system causing adverse effects in therapeutic use,치료용으로 사용시 유해작용을 나타내는 주로 자율신경계통에 영향을 주는 약제
Y52,Agents primarily affecting the cardiovascular system causing adverse effects in therapeutic use,Y52,Agents primarily affecting the cardiovascular system causing adverse effects in therapeutic use,치료용으로 사용시 유해작용을 나타내는 주로 심혈관계통에 영향을 주는 제제
Y53,Agents primarily affecting the gastrointestinal system causing adverse effects in therapeutic use,Y53,Agents primarily affecting the gastrointestinal system causing adverse effects in therapeutic use,치료용으로 사용시 유해작용을 나타내는 주로 위장계통에 영향을 주는 제제
Y54,Agents primarily affecting water-balance and mineral and uric acid metabolism causing adverse effects in therapeutic use,Y54,Agents primarily affecting water-balance and mineral and uric acid metabolism causing adverse effects in therapeutic use,치료용으로 사용시 유해작용을 나타내는 주로 수분균형과 무기물 및 요산 대사에 영향을 주는 제제
Y55,Agents primarily acting on smooth and skeletal muscles and the respiratory system causing adverse effects in therapeutic use,Y55,Agents primarily acting on smooth and skeletal muscles and the respiratory system causing adverse effects in therapeutic use,치료용으로 사용시 유해작용을 나타내는 주로 평활근 및 골격근과 호흡계통에 작용하는 제제
Y56,"Topical agents primarily affecting skin and mucous membrane and ophthalmological, otorhinolaryngological and dental drugs causing adverse effects in therapeutic use",Y56,"Topical agents primarily affecting skin and mucous membrane and ophthalmological, otorhinolaryngological and dental drugs causing adverse effects in therapeutic use","치료용으로 사용시 유해작용을 나타내는 주로 피부 및 점막에 영향을 주는 국소약제와 안과, 이비인후과 및 치과 약물"
Y57,Other and unspecified drugs and medicaments causing adverse effects in therapeutic use,Y57,Other and unspecified drugs and medicaments causing adverse effects in therapeutic use,치료용으로 사용시 유해작용을 나타내는 기타 및 상세불명의 약물 및 약제
Y58,Bacterial vaccines causing adverse effects in therapeutic use,Y58,Bacterial vaccines causing adverse effects in therapeutic use,치료용으로 사용시 유해작용을 나타내는 세균백신
Y59,Other and unspecified vaccines and biological substances causing adverse effects in therapeutic use,Y59,Other and unspecified vaccines and biological substances causing adverse effects in therapeutic use,치료용으로 사용시 유해작용을 나타내는 기타 및 상세불명의 백신 및 생물학적 물질
Y60,"Unintentional cut, puncture, perforation or haemorrhage during surgical and medical care",Y60,"Unintentional cut, puncture, perforation or haemorrhage during surgical and medical care","외과적 및 내과적 치료 중 생긴 비의도적 절단, 천자, 천공 또는 출혈"
Y61,Foreign object accidentally left in body during surgical and medical care,Y61,Foreign object accidentally left in body during surgical and medical care,외과적 및 내과적 치료 중에 체내에 불의로 남겨진 이물
Y62,Failure of sterile precautions during surgical and medical care,Y62,Failure of sterile precautions during surgical and medical care,외과적 및 내과적 치료 중 무균예방의 실패
Y63,Failure in dosage during surgical and medical care,Y63,Failure in dosage during surgical and medical care,외과적 및 내과적 치료 중 용량 착오
Y64,Contaminated medical or biological substances,Y64,Contaminated medical or biological substances,오염된 의료제제 또는 생물학적 물질
Y65,Other misadventures during surgical and medical care,Y65,Other misadventures during surgical and medical care,외과적 및 내과적 치료 중 기타 재난
Y66,Nonadministration of surgical and medical care,Y66,Nonadministration of surgical and medical care,외과적 및 내과적 치료의 불이행
Y69,Unspecified misadventures during surgical and medical care,Y69,Unspecified misadventures during surgical and medical care,외과적 및 내과적 치료 중 상세불명의 재난
Y70,Anaesthesiology devices associated with adverse incidents,Y70,Anaesthesiology devices associated with adverse incidents,유해사건과 관련된 마취장치
Y71,Cardiovascular devices associated with adverse incidents,Y71,Cardiovascular devices associated with adverse incidents,유해사건과 관련된 심혈관장치
Y72,Otorhinolaryngological devices associated with adverse incidents,Y72,Otorhinolaryngological devices associated with adverse incidents,유해사건과 관련된 이비인후과적 장치
Y73,Gastroenterology and urology devices associated with adverse incidents,Y73,Gastroenterology and urology devices associated with adverse incidents,유해사건과 관련된 소화기과 및 비뇨기과장치
Y74,General hospital and personal- use devices associated with adverse incidents,Y74,General hospital and personal- use devices associated with adverse incidents,유해사건과 관련된 일반병원 및 개인용 장치
Y75,Neurological devices associated with adverse incidents,Y75,Neurological devices associated with adverse incidents,유해사건과 관련된 신경과적 장치
Y76,Obstetric and gynaecological devices associated with adverse incidents,Y76,Obstetric and gynaecological devices associated with adverse incidents,유해사건과 관련된 산과 및 부인과적 장치
Y77,Ophthalmic devices associated with adverse incidents,Y77,Ophthalmic devices associated with adverse incidents,유해사건과 관련된 안과적 장치
Y78,Radiological devices associated with adverse incidents,Y78,Radiological devices associated with adverse incidents,유해사건과 관련된 방사선과적 장치
Y79,Orthopaedic devices associated with adverse incidents,Y79,Orthopaedic devices associated with adverse incidents,유해사건과 관련된 정형외과적 장치
Y80,Physical medicine devices associated with adverse incidents,Y80,Physical medicine devices associated with adverse incidents,유해사건과 관련된 물리치료장치
Y81,General- and plastic-surgery devices associated with adverse incidents,Y81,General- and plastic-surgery devices associated with adverse incidents,유해사건과 관련된 일반 및 성형외과적 장치
Y82,Other and unspecified medical devices associated with adverse incidents,Y82,Other and unspecified medical devices associated with adverse incidents,유해사건과 관련된 기타 및 상세불명의 의료장치
Y83,"Surgical operation and other surgical procedures as the cause of abnormal reaction of the patient, or of later complication, without mention of misadventure at the time of the procedure",Y83,"Surgical operation and other surgical procedures as the cause of abnormal reaction of the patient, or of later complication, without mention of misadventure at the time of the procedure",처치 당시에는 재난에 대한 언급이 없었으나 환자의 이상반응 또는 이후 합병증의 원인이 된 외과적 수술 및 기타 외과적 처치
Y84,"Other medical procedures as the cause of abnormal reaction of the patient, or of later complication, without mention of misadventure at the time of the procedure",Y84,"Other medical procedures as the cause of abnormal reaction of the patient, or of later complication, without mention of misadventure at the time of the procedure",처치 당시에는 재난에 대한 언급이 없었으나 환자의 이상반응 또는 이후 합병증의 원인이 된 기타 내과적 처치
Y85,Sequelae of transport accidents,Y85,Sequelae of transport accidents,운수사고의 후유증
Y86,Sequelae of other accidents,Y86,Sequelae of other accidents,기타 사고의 후유증
Y87,"Sequelae of intentional self- harm, assault and events of undetermined intent",Y87,"Sequelae of intentional self- harm, assault and events of undetermined intent","의도적 자해, 가해 및 의도 미확인 사건의 후유증"
Y88,Sequelae with surgical and medical care as external cause,Y88,Sequelae with surgical and medical care as external cause,외인으로서의 외과적 및 내과적 치료의 후유증
Y89,Sequelae of other external causes,Y89,Sequelae of other external causes,기타 외인의 후유증
Y90,Evidence of alcohol involvement determined by blood alcohol level,Y90,Evidence of alcohol involvement determined by blood alcohol level,혈액 알코올농도로 확인된 알코올 관여의 증거
Y91,Evidence of alcohol involvement determined by level intoxication,Y91,Evidence of alcohol involvement determined by level intoxication,중독의 농도가 확인된 알코올 관여의 증거
Y95,Nosocomial condition,Y95,Nosocomial condition,병원과 관련된 상태
Y96,Work-related condition,Y96,Work-related condition,업무와 관련된 상태
Y97,Environmental-pollution-related condition,Y97,Environmental-pollution-related condition,환경오염과 관련된 상태
Y98,Lifestyle-related condition,Y98,Lifestyle-related condition,생활방식과 관련된 상태
Z00,General examination and investigation of persons without complaint and reported diagnosis,Z00,General examination and investigation of persons without complaint and reported diagnosis,호소증상 및 보고된 진단명이 없는 사람의 일반적 검사 및 조사
Z01,Other special examination and investigations of persons without complaint or reported diagnosis,Z01,Other special examination and investigations of persons without complaint or reported diagnosis,호소증상 또는 보고된 진단명이 없는 사람의 기타 특수 검사 및 조사
Z02,Examination and encounter for administrative purposes,Z02,Examination and encounter for administrative purposes,행정목적을 위한 검사
Z03,"Medical observation and evaluation for suspected diseases and conditions, ruled out",Z03,"Medical observation and evaluation for suspected diseases and conditions, ruled out","의심되는 질병 및 병태를 위한 의학적 관찰 및 평가, 배제된"
Z04,Examination and observation for other reasons,Z04,Examination and observation for other reasons,기타 이유의 검사 및 관찰
Z08,Follow-up examination after treatment for malignant neoplasms,Z08,Follow-up examination after treatment for malignant neoplasms,악성 신생물에 대한 치료후 추적검사
Z09,Follow-up examination after treatment for conditions other than malignant neoplasms,Z09,Follow-up examination after treatment for conditions other than malignant neoplasms,악성 신생물 이외의 병태에 대한 치료후 추적검사
Z10,Routine general health check-up of defined subpopulation,Z10,Routine general health check-up of defined subpopulation,한정된 소인구집단에 대한 일상적 일반건강검진
Z11,Special screening examination for infectious and parasitic diseases,Z11,Special screening examination for infectious and parasitic diseases,감염성 및 기생충성 질환에 대한 특수선별검사
Z12,Special screening examination for neoplasms,Z12,Special screening examination for neoplasms,신생물에 대한 특수선별검사
Z13,Special screening examination for other diseases and disorders,Z13,Special screening examination for other diseases and disorders,기타 질환 및 장애에 대한 특수선별검사
Z20,Contact with and exposure to communicable diseases,Z20,Contact with and exposure to communicable diseases,전염성 질환에 접촉 및 노출
Z21,Asymptomatic human immunodeficiency virus [HIV] infection status,Z21,Asymptomatic human immunodeficiency virus [HIV] infection status,무증상 사람면역결핍바이러스 감염상태
Z22,Carrier of infectious disease,Z22,Carrier of infectious disease,감염성 질환의 보균자
Z23,Need for immunization against single bacterial diseases,Z23,Need for immunization against single bacterial diseases,단일 세균성 질환에 대한 예방접종의 필요
Z24,Need for immunization against certain single viral diseases,Z24,Need for immunization against certain single viral diseases,특정한 단일 바이러스질환에 대한 예방접종의 필요
Z25,Need for immunization against other single viral diseases,Z25,Need for immunization against other single viral diseases,기타 단일 바이러스질환에 대한 예방접종의 필요
Z26,Need for immunization against other single infectious diseases,Z26,Need for immunization against other single infectious diseases,기타 단일 감염성 질환에 대한 예방접종의 필요
Z27,Need for immunization against combinations of infectious diseases,Z27,Need for immunization against combinations of infectious diseases,감염성 질환의 복합에 대한 예방접종의 필요
Z28,Immunization not carried out,Z28,Immunization not carried out,수행되지 못한 예방접종
Z29,Need for other prophylactic measures,Z29,Need for other prophylactic measures,기타 예방적 조치의 필요
Z30,Contraceptive management,Z30,Contraceptive management,피임관리
Z31,Procreative management,Z31,Procreative management,출산관리
Z32,Pregnancy examination and test,Z32,Pregnancy examination and test,임신검사
Z33,"Pregnant state, incidental",Z33,"Pregnant state, incidental",우연히 확인된 임신상태
Z34,Supervision of normal pregnancy,Z34,Supervision of normal pregnancy,정상임신의 관리
Z35,Supervision of high-risk pregnancy,Z35,Supervision of high-risk pregnancy,고위험임신의 관리
Z36,Antenatal screening,Z36,Antenatal screening,출산전 선별검사
Z37,Outcome of delivery,Z37,Outcome of delivery,분만의 결과
Z38,Liveborn infants according to place of birth,Z38,Liveborn infants according to place of birth,출산장소에 따른 생존출생
Z39,Postpartum care and examination,Z39,Postpartum care and examination,분만후 관리 및 검사
Z40,Persons encountering health services for prophylactic surgery,Z40,Persons encountering health services for prophylactic surgery,예방적 수술을 위하여 보건서비스와 접하고 있는 사람
Z41,Persons encountering health services for procedures for purposes other than remedying health state,Z41,Persons encountering health services for procedures for purposes other than remedying health state,건강상태개선 이외의 목적으로 이루어진 처치를 위하여 보건서비스와 접하고 있는 사람
Z42,Persons encountering health services for follow-up care involving plastic surgery,Z42,Persons encountering health services for follow-up care involving plastic surgery,성형수술을 포함한 추적치료를 위하여 보건서비스와 접하고 있는 사람
Z43,Persons encountering health services for attention to artificial openings,Z43,Persons encountering health services for attention to artificial openings,인공개구에 대한 관리를 위하여 보건서비스와 접하고 있는 사람
Z44,Persons encountering health services for fitting and adjustment of external prosthetic device,Z44,Persons encountering health services for fitting and adjustment of external prosthetic device,외부 인공삽입장치의 부착 및 조정을 위하여 보건서비스와 접하고 있는 사람
Z45,Persons encountering health services for adjustment and management of implanted device,Z45,Persons encountering health services for adjustment and management of implanted device,이식장치의 조정 및 관리를 위하여 보건서비스와 접하고 있는 사람
Z46,Persons encountering health services for fitting and adjustment of other devices,Z46,Persons encountering health services for fitting and adjustment of other devices,기타 장치의 부착 및 조정를 위하여 보건서비스와 접하고 있는 사람
Z47,Persons encountering health services for other orthopaedic follow-up care,Z47,Persons encountering health services for other orthopaedic follow-up care,기타 정형외과적 추적치료를 위하여 보건서비스와 접하고 있는 사람
Z48,Persons encountering health services for other surgical follow-up care,Z48,Persons encountering health services for other surgical follow-up care,기타 외과적 추적치료를 위하여 보건서비스와 접하고 있는 사람
Z49,Persons encountering health services for care involving dialysis,Z49,Persons encountering health services for care involving dialysis,투석을 포함한 치료를 위하여 보건서비스와 접하고 있는 사람
Z50,Persons encountering health services for care involving use of rehabilitation procedures,Z50,Persons encountering health services for care involving use of rehabilitation procedures,재활처치를 포함한 치료를 위하여 보건서비스와 접하고 있는 사람
Z51,Persons encountering health services for other medical care,Z51,Persons encountering health services for other medical care,기타 의학적 관리를 위하여 보건서비스와 접하고 있는 사람
Z52,Donors of organs and tissues,Z52,Donors of organs and tissues,기관 및 조직의 기증자
Z53,"Persons encountering health services for specific procedures, not carried out",Z53,"Persons encountering health services for specific procedures, not carried out",수행되지 않은 특정 처치를 위해 보건서비스에 접하고 있는 사람
Z54,Convalescence,Z54,Convalescence,회복기
Z55,Problems related to education and literacy,Z55,Problems related to education and literacy,교육 및 문해에 관련된 문제
Z56,Problems related to employment and unemployment,Z56,Problems related to employment and unemployment,취업 및 실업에 관련된 문제
Z57,Occupational exposure to risk-factors,Z57,Occupational exposure to risk-factors,위험요인에 직업적 노출
Z58,Problems related to physical environment,Z58,Problems related to physical environment,물리적 환경에 관련된 문제
Z59,Problems related to housing and economic circumstances,Z59,Problems related to housing and economic circumstances,주택 및 경제적 상황에 관련된 문제
Z60,Problems related to social environment,Z60,Problems related to social environment,사회적 환경에 관련된 문제
Z61,Problems related to negative life events in childhood,Z61,Problems related to negative life events in childhood,소아기의 부정적 일상사건에 관련된 문제
Z62,Other problems related to upbringing,Z62,Other problems related to upbringing,양육에 관련된 기타 문제
Z63,"Other problems related to primary support group, including family circumstances",Z63,"Other problems related to primary support group, including family circumstances",가족상황을 포함하여 일차지원집단에 관련된 기타 문제
Z64,Problems related to certain psychosocial circumstances,Z64,Problems related to certain psychosocial circumstances,특정 정신사회적 상황에 관련된 문제
Z65,Problems related to other psychosocial circumstances,Z65,Problems related to other psychosocial circumstances,기타 정신사회적 상황에 관련된 문제
Z70,"Counselling related to sexual attitude, behaviour and orientation",Z70,"Counselling related to sexual attitude, behaviour and orientation","성적 태도, 행동 및 지향에 관련된 상담"
Z71,"Persons encountering health services for other counselling and medical advice, NEC",Z71,"Persons encountering health services for other counselling and medical advice, NEC",달리 분류되지 않은 기타 상담 및 의학적 권고를 위해 보건서비스와 접하고 있는 사람
Z72,Problems related to lifestyle,Z72,Problems related to lifestyle,생활양식에 관련된 문제
Z73,Problems related to life-management difficulty,Z73,Problems related to life-management difficulty,생활-관리의 어려움에 관련된 문제
Z74,Problems related to care-provider dependency,Z74,Problems related to care-provider dependency,간호제공자 의존성에 관련된 문제
Z75,Problems related to medical facilities and other health care,Z75,Problems related to medical facilities and other health care,의료시설 및 기타 보건관리에 관련된 문제
Z76,Persons encountering health services in other circumstances,Z76,Persons encountering health services in other circumstances,기타 상황에서 보건서비스와 접하고 있는 사람
Z80,Family history of malignant neoplasm,Z80,Family history of malignant neoplasm,악성 신생물의 가족력
Z81,Family history of mental and behavioural disorders,Z81,Family history of mental and behavioural disorders,정신 및 행동 장애의 가족력
Z82,Family history of certain disabilities and chronic diseases leading to disablement,Z82,Family history of certain disabilities and chronic diseases leading to disablement,특정 무능력 및 불구의 원인이 되는 만성 질환의 가족력
Z83,Family history of other specific disorders,Z83,Family history of other specific disorders,기타 특정 장애의 가족력
Z84,Family history of other conditions,Z84,Family history of other conditions,기타 병태의 가족력
Z85,Personal history of malignant neoplasm,Z85,Personal history of malignant neoplasm,악성 신생물의 개인력
Z86,Personal history of certain other diseases,Z86,Personal history of certain other diseases,특정 기타 질환의 개인력
Z87,Personal history of other diseases and conditions,Z87,Personal history of other diseases and conditions,기타 질환 및 병태의 개인력
Z88,"Personal history of allergy to drugs, medicaments and biological substances",Z88,"Personal history of allergy to drugs, medicaments and biological substances","약물, 약제 및 생물학적 물질에 대한 알레르기의 개인력"
Z89,Acquired absence of limb,Z89,Acquired absence of limb,후천성 사지결여
Z90,"Acquired absence of organs, NEC",Z90,"Acquired absence of organs, NEC",달리 분류되지 않은 기관의 후천성 결여
Z91,"Personal history of risk-factors, NEC",Z91,"Personal history of risk-factors, NEC",달리 분류되지 않은 위험 요인의 개인력
Z92,Personal history of medical treatment,Z92,Personal history of medical treatment,의학적 치료의 개인력
Z93,Artificial opening status,Z93,Artificial opening status,인공개구상태
Z94,Transplanted organ and tissue status,Z94,Transplanted organ and tissue status,이식된 기관 및 조직의 상태
Z95,Presence of cardiac and vascular implants and grafts,Z95,Presence of cardiac and vascular implants and grafts,심장 및 혈관 삽입물 및 이식편의 존재
Z96,Presence of other functional implants,Z96,Presence of other functional implants,기타 기능성 삽입물의 존재
Z97,Presence of other devices,Z97,Presence of other devices,기타 장치의 존재
Z98,Other postsurgical states,Z98,Other postsurgical states,기타 수술후 상태
Z99,"Dependence on enabling machines and devices, NEC",Z99,"Dependence on enabling machines and devices, NEC",달리 분류되지 않은 기능성 기계 및 장치에 대한 의존
