keyword,department,weight,label
과민성대장,내과,3,과민성 대장 증후군
과민성대장증후군,내과,3,
구강건조,내과,1,구강 건조
메스꺼,내과,2,메스꺼움
몸에열,내과,2,발열
미열,내과,2,
복부불편,내과,2,복부 불편감
속이메스꺼,내과,2,메스꺼움
식도염,내과,3,
역류성식도염,내과,3,
열이나,내과,2,발열
위궤양,내과,3,
입이마름,내과,1,입 마름
소변자주,비뇨의학과,3,빈뇨
오줌을자주,비뇨의학과,3,빈뇨
오줌자주,비뇨의학과,3,빈뇨
잦은소변,비뇨의학과,3,빈뇨
관자놀이,신경과,1,관자놀이 통증
관자놀이통증,신경과,1,
다리가떨,신경과,3,다리 떨림
다리떨림,신경과,3,
손이떨,신경과,3,손 떨림
손떨려,신경외과,3,손 떨림
구강건조,이비인후과,1,구강 건조
귀가먹,이비인후과,3,귀 먹먹함
목간지,이비인후과,3,목 간지러움
목간질,이비인후과,3,목 간지러움
목에이물감,이비인후과,3,목 이물감
목이간,이비인후과,3,목 간지러움
목이물감,이비인후과,3,목 이물감
알레르기,이비인후과,1,
입이마름,이비인후과,1,입 마름
코가간지,이비인후과,3,코 간지러움
코가간질,이비인후과,3,코 간지러움
코가건조,이비인후과,3,코 건조
코가붓,이비인후과,3,코 부음
코가아,이비인후과,3,코 통증
코간질,이비인후과,3,코 간지러움
코건조,이비인후과,3,코 건조
무릎시,정형외과,3,무릎 시림
무릎시림,정형외과,3,
무릎이시려,정형외과,3,무릎 시림
어깨가안올라,정형외과,3,어깨 운동 제한
허리가뻣뻣,정형외과,3,허리 뻣뻣함
허리를삐,정형외과,3,허리 삐끗
허리삐,정형외과,3,허리 삐끗
구강건조,치과,1,구강 건조
입이마름,치과,1,입 마름
알레르기,피부과,1,
피부가가려,피부과,3,피부 가려움
피부가려,피부과,3,피부 가려움
콜레라,내과,3,심한 물설사
물같은설사,내과,3,급성 수양성 설사
심한탈진,내과,2,탈수 증상
장티푸스,내과,3,고열과 복통
지속적고열,내과,3,계단식 고열
복부불편함,내과,2,복부 통증 및 팽만감
살모넬라,내과,3,음식 먹고 복통
음식중독설사,내과,3,설사와 복부 경련
메스꺼움구토,내과,2,구역질과 구토
이질,내과,3,혈변과 복통
피똥,내과,3,혈성 설사
배경련,내과,2,심한 복부 경련
세균성장염,내과,2,자주 보는 설사
배아픔설사,내과,2,설사와 함께하는 복통
식중독,내과,3,음식 후 복부 증상
음식먹은후탈,내과,3,식사 후 설사 및 구토
독소중독,내과,2,복부 불편감과 구역
아메바증,내과,3,만성 설사와 복통
불규칙변,내과,2,번갈아가며 나타나는 설사
원충감염,내과,2,장 불편감과 소화불량
기생충설사,내과,2,지속되는 설사
원충장염,내과,2,잦은 배변과 복부가스
기생충증상,내과,2,소화 장애 및 설사
바이러스장염,내과,3,설사와 구토 반복
로타바이러스,내과,3,물설사와 구역질
바이러스감염배,내과,2,복부 통증과 묽은 변
급성배탈,내과,2,갑자기 생긴 설사
대장염증상,내과,2,설사 및 복부 경련
폐결핵,내과,3,기침과 가래
객혈,내과,3,피 섞인 가래
장기기침,내과,3,3주 이상 지속되는 기침
결핵의심,내과,3,기침과 가래 지속
만성기침,내과,2,오래된 기침 증상
기침가래증상,내과,2,기침과 가래가 계속됨
목뻣뻣,신경과,3,목의 경직과 뻣뻣함
두통심함,신경과,3,심한 두통
저림마비,신경과,2,손발 저림과 마비
임파선부어,내과,3,목과 겨드랑이 임파선 부음
복통설사,내과,3,복통과 설사
뼈아파,정형외과,2,뼈와 관절이 아픔
고열오래,내과,3,고열이 오래 지속됨
온몸쇠약,내과,2,온몸이 쇠약해짐
몸종기,외과,3,몸에 종기가 나서 곪음
고열오한,내과,3,고열과 오한
임파절부음,내과,2,사타구니와 겨드랑이 임파절이 부음
상처붓고아파,외과,3,상처 부위가 부으면서 아픔
열나고피로,내과,2,열이 나고 피로함
피부궤양,피부과,3,피부에 궤양이 생김
비강출혈,이비인후과,2,콧물에서 피가 남
피부검은딱지,피부과,3,피부에 검은 딱지가 생김
관절부음,정형외과,3,관절이 붓고 아픔
열오르락내리락,내과,3,열이 들었다 내렸다 반복됨
피로우울,정신건강의학과,2,만성 피로와 기운 없음
화농상처,외과,3,상처가 곪으면서 고름 남
림프염증,내과,2,림프절이 붓고 염증 생김
호흡기증상,내과,2,기침과 가래
물린곳부음,외과,3,쥐에 물린 곳이 붓고 아픔
재발열,내과,3,열이 반복적으로 올라옴
발진생김,피부과,2,몸에 발진이 생김
피부감염붓기,피부과,3,피부가 붓고 감염된 것 같음
손발끝통증,신경과,2,손발 끝이 따끔거리고 아픔
관절경직,정형외과,2,관절이 경직되고 움직이기 힘듦
황달피부,내과,3,피부가 노래지고 황달 증상
근육통아파,마취통증의학과,3,온몸 근육이 심하게 아픔
신부전,비뇨의학과,2,소변이 줄어들고 신장이 안 좋아 보임
상처열감염,외과,3,동물 물린 상처에서 열과 감염
고름나와,외과,2,감염 부위에서 고름이 남
전신불편,내과,2,전신이 불편하고 열이 남
피부 얼룩,피부과,3,피부의 창백하거나 붉은색 반점
손가락 저림,신경과,2,손가락이나 발가락의 감각 저하
피부 궤양,피부과,2,피부에 아물지 않는 상처
피부 결절,피부과,3,피부에 만져지는 단단한 덩어리
림프절 부음,내과,2,목이나 겨드랑이의 부어오른 혹
피부 고름,피부과,2,피부에서 고름이 나오는 증상
목 경직,신경과,3,목이 뻣뻣하고 움직이기 어려움
고열 감염,내과,2,고열이 나면서 몸이 떨리는 증상
두통 고열,신경과,2,심한 두통과 함께 열이 남
신생아 경련,소아청소년과,3,신생아가 경련을 일으킴
신생아 턱 잠김,소아청소년과,3,신생아가 입을 열 수 없음
신생아 근경직,소아청소년과,2,신생아 몸이 경직되고 뻣뻣함
임신 중 근육 경직,산부인과,3,임신 중 몸의 근육이 뻣뻣해짐
출산 후 경련,산부인과,3,출산 후 몸이 떨리거나 경련함
임신 중 고열,산부인과,2,임신 중 높은 열이 계속됨
턱 잠김,신경과,3,입을 열기 힘들고 턱이 굳음
근육 경직,신경과,3,몸 전체 근육이 뻣뻣하고 경직됨
등 활궁증,신경과,2,등과 목이 뒤로 젖혀지는 증상
목 통증,이비인후과,3,목에 통증이 있고 회색 막이 생김
호흡 곤란감,내과,2,숨을 쉬기 힘들고 쌕쌕거림
코 분비물,이비인후과,2,코에서 피 섞인 분비물이 나옴
기침 심함,소아청소년과,3,개 울음 같은 심한 기침
발작 기침,소아청소년과,3,연속으로 기침하다가 '훙' 소리 냄
기침 후 구토,소아청소년과,2,심하게 기침한 후 구토함
전신 발진,피부과,3,몸 전체에 빨간 작은 발진이 생김
딸기 혀,이비인후과,3,혀가 딸기처럼 울퉁불퉁해짐
목 통증 발열,소아청소년과,2,목이 아프면서 발진과 열이 남
목 경직 고열,신경과,3,목이 뻣뻣하고 심한 열이 남
두통 구토,신경과,3,머리가 심하게 아프고 구토함
피부 반점,피부과,2,피부에 검은 반점 같은 발진이 생김
고열 오한,내과,3,갑자기 고열이 나고 몸이 떨림
신체 쇠약,내과,2,갑자기 몸에 힘이 없고 무기력해짐
혼돈 의식,내과,2,정신이 흐릿하고 헷갈림
급성 고열,내과,3,갑자기 39도 이상 고열이 남
호흡 빨라짐,내과,2,숨이 가쁘고 호흡이 빨라짐
턱 농양,외과,3,턱 부위 농양 및 종기
얼굴 부으면서 곪음,외과,2,얼굴 부종과 함께 고름 배출
목 주변 혹,외과,2,목 주변 혹 및 경결
폐 농양,내과,3,폐 감염으로 인한 농양
호흡곤란 기침,내과,2,기침과 호흡곤란 증상
고양이 할큄 감염,외과,3,고양이 할큄 부위 붓고 곪음
고양이 긁힘 후 림프절,외과,2,긁힘 부위 근처 림프절 부종
동물 접촉 후 발열,내과,2,동물 접촉 후 발열 및 무기력
빨간 팔 종기,외과,3,팔다리에 빨갛게 부은 감염
얼굴 빨간 부종,외과,3,얼굴이 빨갛게 부어오름
경계 뚜렷한 염증,피부과,2,선명한 경계의 피부 염증
상처 곪음,외과,2,상처 부위 감염 및 고름
발열과 염증,내과,2,발열 동반 전신 염증
신생아 피부 발진,소아청소년과,3,신생아 피부에 발진 및 궤양
신생아 매독,소아청소년과,3,출생 시부터의 매독 증상
아기 코 문제,소아청소년과,2,신생아 콧물 및 코 염증
아래 부위 궤양,비뇨의학과,3,성기 부위 궤양 및 통증
사타구니 혹,비뇨의학과,3,사타구니 림프절 부종
피부 발진 전신,피부과,2,몸 전체에 퍼진 발진
뼈 통증,정형외과,2,뼈가 저리고 아픈 통증
신경 증상,신경과,2,마비 및 신경 증상
요도 고름,비뇨의학과,3,요도에서 고름 배출
배뇨 통증 고름,비뇨의학과,3,소변 볼 때 통증 및 분비물
골반 염증,산부인과,2,골반 부위 염증 및 통증
사타구니 혹 종창,비뇨의학과,3,사타구니 림프절 크게 부음
성기 궤양,비뇨의학과,3,성기에 작은 궤양 생김
항문 주변 통증,외과,2,항문 주변 통증 및 분비물
클라미디아,비뇨의학과,3,클라미디아 감염
요도염증,비뇨의학과,2,요도 염증 및 분비물
아래배통증,비뇨의학과,2,하복부 통증
성병궤양,비뇨의학과,3,성기 궤양
성기고름,비뇨의학과,2,성기 부위 고름
사타구니통증,비뇨의학과,2,사타구니 림프절 부종 및 통증
성기육아종,비뇨의학과,3,성기 부위 육아종성 병변
성기출혈,비뇨의학과,2,성기 부위 출혈 및 분비물
서혜부궤양,비뇨의학과,2,서혜부 궤양성 병변
질분비물증가,산부인과,3,질 분비물 증가
배뇨통증,비뇨의학과,2,배뇨 시 통증
성기포진,비뇨의학과,3,성기 헤르페스 물집
성기통증,비뇨의학과,2,성기 부위 통증
항문포진,비뇨의학과,2,항문 주변 포진
성기병변,비뇨의학과,2,성기 부위 병변
성병검진,비뇨의학과,2,성병 검사 및 진단
매독증상,피부과,3,매독 피부 병변
뼈통증,정형외과,2,뼈 통증 및 변형
야우스병변,피부과,3,야우스 피부 병변
류마토이드결절,정형외과,2,관절 주변 결절성 병변
뼈변형,정형외과,2,팔다리 뼈 변형
핀타피부,피부과,3,핀타 색소 변화 병변
피부변색,피부과,2,피부 색소 침착 변화
백반증상,피부과,2,피부 색소 탈실
관절통증,내과,2,관절 및 근육 통증
나선체감염,내과,2,반복적 열감 및 무력감
입궤양,치과,2,입 안 궤양
인후염,이비인후과,2,목 통증 및 염증
앵무새열,내과,3,발열과 오한
앵무병기침,내과,2,마른기침
앵무병근육통,내과,2,전신 근육통
눈보풀,안과,3,눈꺼풀 염증
눈분비물,안과,2,눈에서 고름 같은 분비물
클라미디아열,내과,2,발열
클라미디아복통,내과,2,복부 통증
클라미디아분비물,비뇨의학과,2,비뇨기 분비물
장티푸스열,내과,3,고열
장티푸스발진,내과,3,몸에 붉은 발진
장티푸스두통,내과,2,심한 두통
진드기열,내과,3,고열과 오한
진드기발진,피부과,3,검은 딱지가 있는 피부 발진
진드기근육통,정형외과,2,근육통과 관절통
큐열,내과,3,갑작스런 고열
큐열기침,내과,2,기침과 호흡곤란
큐열피로,내과,2,극심한 피로감
리케차열,내과,2,발열
리케차발진,피부과,2,피부 발진
리케차두통,신경과,2,두통
소아마비,소아청소년과,3,다리 힘이 빠짐
소아마비마비,신경과,3,팔다리 마비
소아마비목경직,신경과,2,목이 경직되고 뻣뻣함
뇌염고열,신경과,2,고열
뇌염의식,신경과,3,의식 변화
뇌염경직,신경과,2,경직되고 뻣뻣한 느낌
광견병유연,신경과,3,침 흘림과 유연
광견병불안,정신건강의학과,2,불안감과 과민성
광견병물놀람,신경과,3,물을 보면 삼키기 어려움
모기뇌염,신경과,3,고열
모기뇌염두통,신경과,3,극심한 두통
모기뇌염경련,신경과,2,경련
진드기뇌염,신경과,3,고열
진드기뇌염목경직,신경과,3,목의 경직
진드기뇌염혼미,신경과,2,의식혼탁
고열,신경과,3,고열
의식혼탁,신경과,2,의식이 흐려짐
목경직,신경과,3,목이 굳어짐
두통근육통,내과,3,두통·근육통
출혈,내과,3,잇몸·코피
뎅기열,내과,3,뎅기열 증상 (고열·근육통)
뎅기 고열,내과,2,뎅기열로 인한 고열
뎅기 뼈 아픔,내과,2,뎅기열로 인한 뼈·관절 통증
출혈열,내과,3,바이러스성 출혈열 증상
출혈열 고열,내과,2,출혈열로 인한 고열
출혈열 출혈,내과,2,출혈열로 인한 출혈 증상
바이러스 출혈열,내과,3,바이러스성 출혈열
입술 포진,피부과,3,헤르페스로 인한 입술 물집
입술 헤르페스,피부과,3,입술 헤르페스
성기 헤르페스,비뇨의학과,2,헤르페스로 인한 성기 증상
수두 가려움,소아청소년과,3,수두로 인한 가려운 물집
수두 고열,소아청소년과,2,수두로 인한 고열
대상포진 통증,마취통증의학과,2,대상포진으로 인한 신경통
띠 모양 발진,피부과,2,띠 모양으로 나타나는 포진
천연두,내과,3,천연두 증상 (고열·발진)
천연두 물집,피부과,2,천연두로 인한 물집
천연두 고열,내과,2,천연두로 인한 고열
원숭이 두창,피부과,3,엠폭스 (발진·열)
엠폭스,피부과,3,엠폭스 증상
원숭이두창 물집,피부과,2,원숭이두창으로 인한 물집
홍역 발진,소아청소년과,3,홍역으로 인한 온몸 발진
홍역 고열,소아청소년과,2,홍역으로 인한 고열
풍진,소아청소년과,3,풍진 (발진·림프절 부음)
풍진 발진,소아청소년과,3,풍진으로 인한 발진
풍진 림프절,소아청소년과,2,풍진으로 인한 목 림프절 부음
사마귀 제거,피부과,3,바이러스 사마귀
발바닥 혹,피부과,2,발바닥 사마귀
입 안 물집,피부과,2,입 안 물집·궤양
점막 물집,피부과,2,입·입술 점막 물집
입술 궤양,피부과,2,입술·입 안 궤양
입안 헐음,이비인후과,2,입 안이 헐고 통증
구역질,내과,2,메스껍고 토할 것 같음
우상복부통증,내과,3,오른쪽 윗배가 아픔
검은소변,내과,3,소변이 갈색·검은색
복부불편감,내과,2,배가 불편하고 복부팽만
간경변,내과,3,간이 딱딱하고 기능이 떨어짐
피부거칠음,내과,2,피부가 거칠고 가려움
우상복통,내과,2,오른쪽 윗배가 아픔
잦은감염,내과,3,감기와 감염이 자주 걸림
폐렴의심,내과,3,기침이 나고 호흡이 힘듦
림프절종대,내과,2,목 근처가 부으면서 덩어리 만져짐
지속적발열,내과,2,열이 자주 나고 내려가지 않음
만성설사,내과,2,설사가 자꾸 반복됨
피부병변,피부과,2,피부에 이상한 발진이 생김
신경증상,신경과,2,손발이 저리고 감각이 둔해짐
야한증,내과,2,밤에 자면서 식은땀을 흠
면역저하,내과,3,감염이 자주 걸리고 면역력이 떨어짐
전신쇠약,내과,2,온몸이 약해지고 힘이 없음
거대세포염,안과,2,눈이 빨갛고 통증이 있음
장염증상,내과,2,배가 아프고 설사가 계속됨
볼이부어,소아청소년과,3,볼 부음
턱밑멍울,소아청소년과,3,턱 아래 부음
침샘부음,소아청소년과,2,침샘 부음
목감염감,내과,2,목이 따끔거림
몸살심함,내과,2,심한 몸살
눈빨개짐,안과,3,눈이 빨개짐
눈가려움,안과,2,눈이 가려움
바이러스감염,내과,2,바이러스 감염 증상
감염증상,내과,2,감염 증상
발백선,피부과,3,발에 백선이 생김
손톱곰팡이,피부과,3,손톱이 변색되고 두꺼워짐
원형탈모같은피부,피부과,2,동전 모양의 피부 손상
비듬많아짐,피부과,2,두피에 비듬이 많음
겨드랑이습진,피부과,2,겨드랑이가 따끔거림
입가염증,피부과,3,입 주변이 헐었음
혀하얀것,피부과,3,혀에 하얀 것이 낌
질분비물많음,산부인과,3,질 분비물이 많음
폐감염,내과,2,폐에서 기침이 나옴
폐침윤,내과,2,기침과 가슴 불편감
폐결절,내과,2,폐에 결절이 있음
화농성상처,피부과,2,고름이 나오는 상처
입주변궤양,이비인후과,2,입 주변에 궤양
림프절화농,내과,2,림프절에서 고름이 남
손가락에 혹,외과,3,손가락에 결절 및 궤양
팔에 줄 따라 부음,외과,3,팔의 림프관염 및 부종
상처가 낫지 않음,외과,2,상처 부위 궤양
검은 딱지 피부,피부과,3,피부에 검은색 병변
피부 진물 나옴,피부과,3,화농성 피부 분비물
피부가 딱딱해짐,피부과,2,피부 경화 및 변색
숨이 차,내과,3,호흡곤란
기침하면서 피 나옴,내과,3,혈담(기침할 때 피)
폐가 아파,내과,2,흉통 및 기침
목이 부었어,내과,2,경부 림프절 종대
자꾸 열이 나,내과,2,발열
피부에 혹이 생겼어,피부과,2,피부 구진 및 궤양
"코, 입 주변 검은색",이비인후과,3,비강 및 구강 궤양
얼굴이 부었어,이비인후과,3,안면 종창
피부가 썩는 것 같아,외과,2,피부 괴사
발에 고름주머니,외과,3,발 부위 화농성 종창
발이 붓고 진물 나옴,외과,3,발 부종 및 분비물
발에서 냄새가 나,외과,2,악취를 동반한 발 병변
피부에 덩어리,피부과,2,피부 종괴
피부가 가렵고 빨개짐,피부과,2,피부 가려움증 및 홍반
자꾸 열이 오르락내리락,내과,3,간헐적 고열
몸이 으슬으슬 떨려,내과,3,오한 및 발한
온몸이 아파,내과,3,전신 근육통 및 관절통
몇 날씩 열이 나,내과,3,주기적 발열
춥다가 더워,내과,3,오한과 고열의 반복
머리가 띵해,내과,2,두통 및 현기증
열이 계속 나,내과,2,지속적 발열
무기력해,내과,2,피로 및 권태감
배가 불러,내과,2,복부 팽만감
열 나면서 오한,내과,2,주기적 고열 및 오한
열감기 같은데,내과,2,발열 및 전신 불편감
말라리아,내과,3,말라리아 의심 증상
말라리아 열,내과,2,주기적인 고열
리슈만편모충,피부과,2,피부 병변과 가려움
내장형 리슈만,내과,2,발열과 비장 종대
아프리카 수면병,내과,3,지속적인 발열
수면병,내과,3,과도한 졸음과 피로
림프절 부종,내과,2,목과 사타구니 림프절 부종
샤가스병,내과,3,샤가스병 의심 증상
심장 두근거림,내과,2,심장 두근거림과 호흡곤란
소화기 증상,내과,2,삼킴곤란과 복부 팽만
톡소플라즈마,내과,3,톡소플라즈마 감염 증상
림프절 종대,내과,2,림프절 붓기
두통 발열,신경과,2,두통과 근육통
흉부 불편감,내과,2,흉부 불편감과 피로
설사 복통,내과,2,설사와 복부 경련
구역질 구토,내과,2,구역질 및 구토
장 증상,내과,2,만성 설사
복부 통증,내과,2,복부 통증과 설사
피부 발진,피부과,2,가려운 피부 발진
흡충 감염,내과,3,흡충 감염 증상
복부 불편감,내과,2,복부 팽만감과 불편감
담도 증상,내과,2,우상복부 통증
포충증,외과,3,포충증 의심
복부 종괴,외과,2,복부에 만져지는 혹
낭종,내과,2,폐에 보이는 낭종
촌충,내과,3,촌충 감염
장 기생충,내과,3,변에서 흰 벌레 발견
복부 증상,내과,2,복부 불편감과 영양 부족
낭충증,신경과,2,근육통증·경련
뇌 기생충,신경과,3,두통·의식변화
피부 혹,피부과,2,피부 결절·혹
생선회 먹고,내과,2,소화불량·복부불편감
빈혈 피로,내과,3,어지럼증·피로
기생충감염,내과,2,소화장애·가스참
장내 벌레,내과,2,항문가려움·불편감
기니아충,피부과,3,다리 궤양·통증
피부궤양 벌레,피부과,2,피부 수포·염증
타는듯한 통증,마취통증의학과,2,국소 열감·부종
온코세르카증,피부과,3,피부가려움·발진
파리물림,안과,2,눈 따끔거림·시력저하
피부 검게변함,피부과,2,색소침착·피부변색
다리부음 코끼리다리,정형외과,3,하지부종·울혈
열나는 기생충,내과,2,반복 고열·오한
생고기 먹고,신경과,3,근육통증·부종
돼지고기 생것,내과,2,얼굴부종·눈 붓기
전신통증,내과,2,고열·근육통
흙먹고,내과,2,복부경련·영양부족
빈혈 쇠약감,내과,3,피로·무기력함
발가락 가려움,피부과,2,발가락·발바닥 가려움
회충,내과,3,배 불편·복통
아이 배 나옴,소아청소년과,2,복부팽만·변비
벌레 변에서,내과,2,설사·소화불량
피부발진 가려움,피부과,2,두드러기·가려움증
반복 설사,내과,3,만성설사·복부통증
폐 기생충,내과,2,기침·숨가쁨
혈변·설사,내과,3,소화장애·혈변
쌀미역살 벌레,내과,2,복부경련·불편감
항문통증 탈수,내과,2,항문통증·불편감
항문 간지러움,소아청소년과,3,항문가려움·밤에 심함
아이 뒷구멍,소아청소년과,2,가려움·짜증·불안
대변에 벌레,내과,3,대변에서 기생충 발견
대변 이상,내과,3,대변 성상 변화
배 아파,내과,2,복통
벌레 감염,내과,3,기생충 감염 의심
피부 가려움,피부과,2,피부 가려움증
머릿니,피부과,3,머릿니 감염
두피 가려움,피부과,3,두피 가려움증
빠질 흔적,피부과,2,탈모 및 두피 손상
옴,피부과,3,옴 감염
손가락 사이 가려움,피부과,3,손가락 사이 가려움증
밤중 가려움,피부과,2,야간 가려움증
피부 파고듦,피부과,3,피부에 구멍 및 터널
상처에 유충,외과,3,상처에서 기생충 유충 발견
살이 썩음,피부과,2,괴저성 피부 병변
피부 기생충,피부과,3,피부 기생충 감염
벌레 물림,피부과,2,곤충 물림 및 기생충 반응
결핵 후유증,내과,3,결핵 완치 후 증상
숨차,내과,2,호흡곤란
소아마비 후유증,재활의학과,3,소아마비 후유증
다리 저림,신경과,2,하지 마비 및 저림
근력 약화,재활의학과,2,근육 약화
나병 흉터,피부과,2,나병 치료 후 흉터
신경 손상,신경과,2,나병성 신경 손상
감각 손실,신경과,2,말초신경 감각 소실
연쇄상구균,내과,2,연쇄상구균 감염
포도상구균,내과,2,포도상구균 감염
2차 세균감염,내과,2,세균 이차감염
혐기성세균,내과,2,혐기성 세균 감염
엔테로바이러스,내과,2,장 바이러스 감염
입술혹,치과,3,입술 혹
입술궤양,치과,2,입술 궤양
입술암,치과,3,입술 악성종양
혀밑멍울,이비인후과,3,혀 밑 혹
혀뿌리통증,이비인후과,2,혀 뿌리 통증
혀밑암,이비인후과,3,혀 밑 악성종양
혀혹,치과,3,혀 혹
혀궤양,치과,2,혀 궤양
혀감각이상,치과,2,혀 감각 이상
잇몸혹,치과,3,잇몸 혹
잇몸염증,치과,2,잇몸 염증
잇몸출혈,치과,2,잇몸 출혈
입바닥혹,치과,3,입 바닥 혹
입바닥통증,치과,2,입 바닥 통증
입바닥멍울,치과,3,입 바닥 멍울
입천장혹,치과,3,입천장 혹
입천장통증,치과,2,입천장 통증
입천장궤양,치과,2,입천장 궤양
입안혹,치과,3,입안 혹
입안멍울,치과,2,입안 멍울
입안궤양,치과,2,입안 궤양
귀앞혹,이비인후과,3,귀 앞쪽 혹/종양
귀밑부음,이비인후과,2,귀 아래 부음
턱밑덩어리,이비인후과,2,턱 밑 덩어리
침샘혹,이비인후과,3,침샘 부위 혹
혀밑부음,이비인후과,2,혀 밑 부음
목구멍혹,이비인후과,3,목 안쪽 혹
편도부음,이비인후과,2,편도 붓고 통증
목옆덩어리,이비인후과,2,목 옆쪽 덩어리
인두통증,이비인후과,2,목 깊숙이 아픔
목안혹,이비인후과,3,목 안 혹
삼키기힘듦,이비인후과,2,음식 삼킬 때 어려움
코뒤혹,이비인후과,3,코 뒤쪽 혹/덩어리
목뒤혹,이비인후과,2,목 뒤쪽 이물감
목깊이아픔,이비인후과,2,목 깊숙이 아픔
연하곤란,이비인후과,3,삼킬 때 따갑고 아픔
목아래통증,이비인후과,2,목 아래쪽 통증
목삼킬때아픔,이비인후과,3,음식 삼킬 때 목이 아픔
이물감,이비인후과,2,목에 자꾸 걸린 느낌
입가려움,이비인후과,2,입 안이 따갑고 가려움
음식삼키기힘,내과,3,음식 삼킬 때 목이 따끔
역류증상,내과,2,음식이 목으로 자꾸 올라옴
명치아픔,내과,2,명치 부위가 아픔
소화장애,내과,2,음식이 잘 안 내려감
변비설사반복,내과,2,변비와 설사가 자꾸 반복
변습관변화,내과,2,화장실 가는 습관이 자꾸 바뀜
직장출혈,내과,3,직장 출혈
항문통증,내과,2,항문 부위 통증
항문출혈,내과,3,항문 출혈
배변곤란,내과,2,배변 곤란
항문가려움,내과,2,항문 가려움증
항문혹,내과,2,항문 주위 혹
간통증,내과,2,우상복부 통증
상복부통증,내과,3,상복부 통증
귀통증,이비인후과,2,귀 통증
얼굴통증,이비인후과,2,얼굴 통증
목쉼,이비인후과,3,목 쉰 소리
삼킴곤란,이비인후과,2,음식 삼키기 어려움
기침이 심함,내과,3,지속된 기침
가슴에서 피 섞인 가래,내과,3,객혈
숨이 자꾸 찬,내과,2,호흡곤란
가슴이 아파,내과,2,흉통
등이 아픔,내과,2,배부 통증
목 부위가 부었어,내과,2,경부 종창
심장 부위가 아파,내과,3,심와부 통증
숨쉬기가 힘들어,내과,3,호흡곤란
가슴이 답답해,내과,2,흉부 불편감
가슴과 옆구리가 아파,내과,2,흉부 통증
호흡할 때 통증,내과,2,호흡시 통증
팔다리가 자꾸 아파,정형외과,2,사지 통증
뼈가 아파,정형외과,3,골통증
다리를 절어,정형외과,2,보행 장애
턱이 자꾸 아파,정형외과,2,악관절 통증
척추가 아파,정형외과,3,척추 통증
골반 통증,정형외과,2,골반부 통증
검은 점이 자꾸 생겨,피부과,3,색소 변화
점이 변했어,피부과,3,점의 변화
피부에 검은 혹이 자라,피부과,2,흑색 피부병변
피부에 뭔가 자라,피부과,2,피부병변
피부 색깔이 변했어,피부과,2,피부 색소 변화
옆구리가 자꾸 아파,내과,3,측흉부 통증
숨 쉴 때 옆구리 아파,내과,3,호흡시 측흉부 통증
가슴에 물이 찼다고 들었어,내과,2,흉수
피부에 자주색 반점,피부과,3,자주색 피부병변
피부에 혹 같은 게 자라,피부과,2,피부 종물
입안에 자주색 반점,이비인후과,2,구강 병변
팔 신경이 아파,신경과,2,상지 신경통
다리에 저림이 있어,신경과,2,하지 이상감각
피부 아래 혹이 만져져,신경과,2,피부 종물
배 깊은 곳이 아파,내과,2,복부 심부 통증
배가 자꾸 부워,내과,2,복부 팽만
배에 덩어리가 만져져,내과,2,복부 종물
몸에 덩어리,외과,2,신체 부위의 종괴·혹
피부 아래 혹,외과,2,피부 아래 종물
가슴에 멍울,외과,3,유방 종괴
유두에서 분비물,외과,3,유두 배출액
젖꼭지 함몰,외과,2,유두 함몰
외음부 가려움,산부인과,2,외음부 가려움증
외음부 궤양,산부인과,2,외음부 궤양·상처
질에서 출혈,산부인과,2,질 출혈
질 분비물 많음,산부인과,2,질 분비물 증가
자궁경부 이상 검사,산부인과,3,자궁경부 비정상 세포 검사결과
성관계 후 출혈,산부인과,2,성교 후 출혈
월경 이상 출혈,산부인과,2,비정상 자궁 출혈
월경 과다,산부인과,3,과다월경
폐경 후 출혈,산부인과,3,폐경 후 출혈
자궁 출혈,산부인과,2,질 출혈·분비물
월경 불규칙,산부인과,2,월경 불규칙
자궁 통증,산부인과,2,하복부 통증
질 출혈 지속,산부인과,2,지속적 질 출혈
난소 혹,산부인과,3,난소 종괴
배 팽만감,산부인과,2,복부 팽만·복부 팽창감
성기 혹,비뇨의학과,3,음경 종괴
성기 분비물,비뇨의학과,2,요도 분비물
전립선 비대,비뇨의학과,3,전립선 비대
배뇨 어려움,비뇨의학과,2,배뇨 곤란
자주 오줌,비뇨의학과,2,빈뇨
고환혹,비뇨의학과,3,고환의 혹·종물
고환부음,비뇨의학과,3,고환 부음·붓기
고환통증,비뇨의학과,2,고환 통증·불편감
음낭혹,비뇨의학과,3,음낭의 혹·종물
음낭부음,비뇨의학과,3,음낭 부음·붓기
남성기관혹,비뇨의학과,2,남성 생식기 혹·종물
옆구리혹,비뇨의학과,3,옆구리의 혹·종물
등혹,비뇨의학과,3,등·허리의 혹·종물
신장통증,비뇨의학과,2,신장 부위 통증·불편감
피오줌,비뇨의학과,3,피 섞인 소변
혈뇨요관,비뇨의학과,3,소변에 피·혈뇨
허리통증요로,비뇨의학과,2,허리·옆구리 통증
소변곤란요관,비뇨의학과,2,소변 보기 어려움
혈뇨방광,비뇨의학과,3,소변에 피
자주오줌,비뇨의학과,3,소변을 자주 봄
소변통증,비뇨의학과,2,소변 볼 때 통증·화끈거림
혈뇨요도,비뇨의학과,3,소변에 피
비뇨기증상,비뇨의학과,2,배뇨 시 불편감·통증
하복부혹,비뇨의학과,2,아래 배의 혹·종물
눈혹,안과,3,눈의 혹·종물
눈부음,안과,3,눈 부음·붓기
뇌수막증상,신경과,2,고열·두통·구역감
두통지속,신경과,3,자꾸 생기는 두통
경련발작,신경과,3,경련·발작
척추신경증상,신경외과,3,팔다리 저림·마비
신경통증,신경외과,3,신경통·통증
하반신약화,신경외과,2,다리 힘 빠짐·약화
갑상선혹,외과,3,갑상선 혹·종물
목앞혹,외과,3,목 앞 혹·종물
목불편,외과,2,목 불편감·삼킴 곤란
배 옆 통증,내과,2,복부 옆쪽 통증
허리 통증,내과,2,허리 통증
목 덩어리,내과,2,목 부위 종괴
갑상선 혹,내과,2,갑상선 결절
몸 어딘가 덩어리,내과,2,신체 부위 종괴
목 임파선 커짐,내과,3,경부 림프절 종대
겨드랑이 혹,내과,3,액와부 종괴
사타구니 임파선,내과,3,서혜부 림프절 종대
기침 오래감,내과,2,지속성 기침
삼킬 때 어려움,내과,2,연하곤란
계속 피곤함,내과,2,만성 피로
목 부으면서 딱딱함,내과,3,경부 림프절 비대
밤 땀 많음,내과,2,야간 발한
반복되는 열감,내과,2,간헐적 발열
목과 겨드랑이 부음,내과,3,경부·액와 림프절 종대
배 부으면서 불편함,내과,2,복부 팽만감
목 임파선 만져짐,내과,3,촉지 가능한 경부 림프절
배 덩어리 만져짐,내과,2,복부 종괴
피부 가려움증,피부과,2,소양증
피부에 뭔가 올라옴,피부과,2,피부 병변 및 결절
목 부으면서 통증,내과,2,경부 림프절 종대 및 통증
여러 곳 부음,내과,3,다발성 림프절 종대
배와 가슴 답답함,내과,2,복부 및 흉부 불편감
림프종,내과,3,림프절 부종 및 종창
목 혹,내과,3,목의 덩어리 또는 혹
겨드랑이 부풀음,내과,2,겨드랑이 림프절 종대
면역질환,내과,2,면역계 이상 반응
혈액 이상,내과,2,혈액 이상 소견
허리 아팠,정형외과,3,허리 통증
뼈 약해짐,정형외과,2,뼈 약해지고 부러지기 쉬움
백혈병,내과,3,비정상 백혈구 증가
출혈 잘 됨,내과,3,멍 들기 쉽고 코피/잇몸 출혈
피로 심함,내과,2,극심한 피로감 및 무기력
혈액암,내과,3,골수 기능 이상
감염 자주,내과,3,감염 및 염증 반복
열 나고 춥춥,내과,2,반복되는 열감 및 오한
단핵 백혈병,내과,3,단핵구 이상 증가
입 잇몸 피남,내과,2,입안 및 잇몸 출혈
백혈구 비정상,내과,3,비정상 백혈구 형태
빈혈 증상,내과,2,빈혈로 인한 어지러움
혈소판 저하,내과,2,혈소판 감소로 인한 출혈
급성 백혈병,내과,3,급성 혈액암 의심 증상
혈액검사 이상,내과,2,혈액 검사 결과 이상
식욕 없음,내과,2,식욕 부진
혈액질환,내과,3,혈액 및 림프계 종양
전신 쇠약,내과,2,전신 쇠약감
다중 암,내과,3,여러 부위 악성종양
중복 암,내과,2,중복된 암 진단
복합 종양,내과,2,다발성 악성종양
입안 이상,치과,3,입안 이물감 또는 궤양
삼킬 때 불편,이비인후과,3,삼킬 때 불편감 또는 통증
대변 변화,내과,2,대변 습관 변화 또는 이상
복부 불편,내과,2,복부 불편감
목에혹,이비인후과,3,목 안의 혹·종양
검은점늘어남,피부과,3,검은 점이 자꾸 생기거나 커짐
점색깔변함,피부과,3,기존 점의 색깔이 변했음
점모양이상,피부과,2,점의 모양이 불규칙해짐
피부까맣게,피부과,2,피부에 까만 반점이 생김
피부가려움,피부과,2,피부 병변 부위가 가렵거나 아픔
유방덩어리,산부인과,3,유방에 덩어리·혹이 만져짐
유방따끔거림,산부인과,2,유방에서 따끔거리거나 아픔
유두분비물,산부인과,2,유두에서 분비물이 나옴
자궁경부이상,산부인과,3,자궁경부 검사에서 이상 소견
생식기혹,산부인과,3,생식기 부위에 혹·병변
생식기소양증,산부인과,2,생식기가 자주 가렵거나 따끔거림
회음부통증,산부인과,2,외음부 주변이 아프고 불편함
몸의혹,외과,3,몸 여러 부위에 혹·종양
피부이상소견,외과,2,피부에 특이한 변화·병변
덩어리만져짐,외과,2,몸 어딘가에서 덩어리가 만져짐
부은턱,이비인후과,2,턱 아래가 부어있음
침이안나옴,이비인후과,2,침이 잘 안 나오고 부어있는 느낌
대장용종,내과,3,대장내시경에서 용종 발견
검은색변,내과,2,대변에 피가 섞여 있거나 검은색
소화기혹,내과,3,배 안에 혹·종양이 있다는 진단
복부종괴,내과,2,배를 누르면 덩어리가 만져짐
폐혹,내과,3,폐에 혹·결절이 있다는 진단
기침자주함,내과,2,기침이 자주 나고 멈추지 않음
가슴 혹,내과,3,가슴 안쪽 혹/종양
가슴 통증,내과,2,가슴 부위 통증
호흡 곤란,내과,2,숨이 차는 증상
뼈 혹,정형외과,3,뼈에 생긴 혹
관절 혹,정형외과,3,관절 부위 혹/덩어리
뼈 튀어나옴,정형외과,2,뼈가 튀어나온 느낌
지방덩어리,피부과,3,피부 아래 지방 혹
피부 종기,피부과,2,피부에 생긴 혹/종기
혈관 혹,피부과,3,혈관종
붉은 점 늘어남,피부과,2,피부의 붉은 혹이 커짐
림프관 혹,피부과,2,림프관 혹
폐막 혹,내과,2,흉막 부위 혹
복강 혹,외과,3,배 안쪽에 혹
장기 옆 혹,외과,2,복부 깊숙이 혹
연조직 혹,정형외과,3,근육이나 인대에 혹
힘줄 혹,정형외과,2,힘줄 부위 혹
근육 혹,정형외과,2,근육에 생긴 혹
점이 많음,피부과,3,점이 많거나 커짐
갈색 점,피부과,2,갈색 혹/점 증가
검은 점 변화,피부과,2,검은 점이 변하는 느낌
각질 혹,피부과,2,딱딱한 피부 혹
유방 혹,산부인과,3,유방에 혹이 만져짐
가슴 멍울,산부인과,3,가슴에 멍울/덩어리
유두 분비물,산부인과,2,유두에서 분비물
자궁 혹,산부인과,3,자궁 근종
생리통 심함,산부인과,2,월경 중 심한 통증
자궁 질환,산부인과,2,자궁의 혹/종양
난소혹,산부인과,3,난소 양성종양
난소물혹,산부인과,3,난소 낭종
아래배부음감,산부인과,2,하복부 불편감
자궁혹,산부인과,3,자궁 양성종양
고환덩어리,비뇨의학과,3,고환 덩어리
음낭부기,비뇨의학과,2,음낭 부기
방광혹,비뇨의학과,3,방광 양성종양
신장혹,비뇨의학과,3,신장 양성종양
혈뇨증상,비뇨의학과,2,소변에 피가
눈꺼풀혹,안과,3,눈꺼풀 혹
시력변화,안과,2,시력이 흐려져
뇌수막혹,신경외과,3,뇌수막 양성종양
두통반복,신경외과,2,계속되는 두통
어지러움증,신경외과,2,자꾸 어지러워
뇌혹,신경외과,3,뇌 양성종양
뇌종양의심,신경외과,3,뇌종양 검사
신경계증상,신경외과,2,신경 증상
갑상선결절,내과,3,갑상선 결절
호르몬분비이상,내과,2,호르몬 이상
내분비혹,내과,3,내분비샘 양성종양
피부혹,피부과,3,피부에 혹이
피부종양,피부과,3,피부 양성종양
점자국변화,피부과,2,점의 크기 변화
소화기증상,내과,2,소화 불편해
가슴불편함,내과,2,가슴이 불편해
여성생식기종양,산부인과,3,여성 생식기 부위의 종양 의심
질분비물이많아,산부인과,2,질 분비물 증가
하복부덩어리,산부인과,2,아래 배에서 만져지는 덩어리
남성생식기종양,비뇨의학과,3,남성 생식기 부위의 종양 의심
음낭이부어,비뇨의학과,2,음낭 부종 및 불편함
요도종양,비뇨의학과,3,요로계 부위의 종양 의심
소변이이상해,비뇨의학과,2,소변색 변화 또는 이상 증상
신장부위덩어리,비뇨의학과,2,신장 부위에서 만져지는 덩어리
뇌막종양,신경외과,3,뇌막 부위의 종양 의심
머리가심하게아파,신경외과,2,심한 두통
두통이자꾸,신경외과,2,반복되는 두통
어지럼증이심해,신경외과,2,심한 어지럼증
내분비종양,내과,3,내분비선 부위의 종양 의심
갑상선에혹이,내과,3,갑상선에서 만져지는 혹
호르몬수치이상,내과,2,호르몬 불균형 증상
적혈구가많아,내과,3,적혈구 수치 증가
얼굴이벌겋게,내과,2,얼굴 및 피부의 붉은색 증가
가려움증이심해,내과,2,심한 가려움증
골수기능부전,내과,3,골수 이형성증후군 의심
혈구수가비정상,내과,3,혈구 수치 이상
피로가심해,내과,2,심한 피로감 및 무력감
림프구종양,내과,3,림프계 조직의 종양 의심
림프절이커졌어,내과,2,림프절 종대
혈액이상증상,내과,2,혈액 계통 이상 증상
여러곳에덩어리,내과,2,신체 여러 부위의 덩어리
철분부족빈혈,내과,3,철결핍성 빈혈
어지럽고피곤해,내과,2,어지럼증과 피로
얼굴이창백해,내과,2,창백한 피부색
비타민B12부족,내과,3,비타민 B12 결핍성 빈혈
손발이저려,내과,2,손발 저림 증상
혀가부어있어,내과,2,혀 부종 및 통증
어지럼,신경과,2,어지러움증
헐떡거림,내과,2,쉽게 숨이 참
자주피로,내과,2,쉽게 피곤함
관절아픔,정형외과,2,뼈 관절 통증
배가부음,내과,2,배가 부어 있음
극심한통증,마취통증의학과,3,극심한 신체 통증 발작
손발부음,정형외과,2,손발이 부어오름
등통증,정형외과,2,등 통증
노란눈,안과,2,눈흰자가 노래짐
짙은소변,비뇨의학과,2,소변 색이 진함
갑자기피로,내과,2,갑자기 피로감 증가
열나고오한,내과,2,발열 및 오한
혈소판부족,내과,2,피부에 붉은 반점 출현
감염잦음,내과,2,자주 감염되는 증상
출혈잘됨,외과,2,작은 상처에도 피가 잘 남
입에서피,치과,2,입에서 피가 남
코피자주남,이비인후과,2,자주 코피가 남
멍자국,정형외과,2,쉽게 멍이 듦
갑작스럽체약,내과,3,갑작스러운 쇠약감
창백해짐,내과,3,갑자기 창백해짐
맥빨라짐,내과,2,심장이 빨리 뜀
오래피로,내과,2,만성 피로감
숨참,내과,2,가벼운 운동 후 숨이 참
혈색소낮음,내과,2,혈색이 창백해 보임
손발저림,신경과,2,손발이 저리고 따끔거림
기운없음,가정의학과,2,전반적인 기운 부족
피가 안 멈춰,내과,3,지혈이 안 되는 증상
온몸에 멍이,내과,3,전신 멍·자반
장에서 피가,내과,2,소화기계 출혈
피가 잘 나와,내과,3,출혈 경향
코피가 자주,내과,2,반복되는 코피
관절이 붓고 아파,내과,2,관절 붓고 아픔
자꾸 피가 나,내과,3,출혈 경향
잇몸에서 자꾸 피,내과,2,치은 출혈
상처가 잘 안 나아,내과,2,상처 치유 지연
멍이 잘 들어,내과,3,쉬운 타박상
코에서 자꾸 피,내과,2,빈번한 코피
월경이 너무 많아,산부인과,2,과다월경
피부에 빨간 점이,내과,3,피부 출혈성 발진
팔다리에 멍자국,내과,2,사지 자반증
피부에 자주 멍,내과,2,피부 출혈 반점
감염이 자주,내과,3,반복되는 감염
목이 아프고 열이,내과,2,인후염과 발열
몸에 곪은 자국이,내과,2,화농성 병변
감염에 잘 걸려,내과,3,감염 취약성
상처가 잘 곪아,내과,2,상처 화농
자꾸만 감염이,내과,2,만성 감염
임파선이 부었어,내과,3,림프절 종대
몸에 멍과 열이,내과,2,멍과 발열
왼쪽 옆구리가 아파,내과,3,비장 부위 통증
배가 더부룩해,내과,2,복부 팽만감
왼쪽 옆이 단단해,내과,2,비장 종대감
피부가 파래,내과,3,청색증
입술이 검게,내과,2,입술 색 변화
숨이 차면서 피부가,내과,2,청색증과 호흡곤란
자꾸 피가 부족해,내과,3,빈혈 증상
피로가 쉽게 와,내과,2,피로감
혈액 검사에서 이상,내과,2,혈액 수치 이상
림프절이 자꾸 부어,내과,3,림프절 종창
몸에 혹이 생겼어,내과,2,림프조직 종괴
임파선과 발열이,내과,2,림프절염과 열
감염,내과,3,자주 감기에 걸린다
귀감염,이비인후과,2,귀가 자주 아프고 고름이 난다
성장부진,소아청소년과,2,아이가 또래보다 작고 약해 보인다
피부감염,피부과,2,피부에 자주 곰팡이나 세균 감염이 생긴다
신생아감염,소아청소년과,3,태어난 지 얼마 안 돼 심각한 감염 증상이 있다
얼굴기형,소아청소년과,2,얼굴 생김새가 특이하고 귀가 기형이다
저혈칼슘,내과,2,경련이 자주 일어난다
반복감염,내과,3,호흡기·귀·부비동염이 계속 반복된다
면역결핍,내과,3,약해진 감염에도 심하게 앓는다
기회감염,내과,2,흔하지 않은 감염에 자주 걸린다
육아종병,내과,3,피부에 결절이 생기고 호흡이 곤란하다
면역항진,내과,2,자가면역 증상이 있다
갑상선종,내과,3,목이 부었다
정신지체,소아청소년과,2,발달이 느리다
성장지연,소아청소년과,2,아이가 자라지 않는다
갑상선기능저하,내과,3,검사상 갑상선호르몬이 낮지만 증상이 없다
무증상,내과,2,갑상선 이상이 발견됐지만 증상이 없다
체중증가,가정의학과,2,먹지 않아도 살이 자꾸 찐다
목에 혹이 만져져,내과,3,목의 결절
갑상선이 커졌어,내과,2,갑상선 비대
심장이 자꾸 빨리 뛰어,내과,3,빈맥
안절부절못하고 떨려,내과,3,신경과민·손떨림
땀이 많이 나고 더워,내과,3,과발한·열감
목이 아프고 부었어,내과,3,목 통증·부음
갑상선 부위가 결리고 아파,내과,3,목 앞 통증
열이 나고 목이 불편해,내과,2,발열·목불편감
물을 많이 마셔,내과,3,다음증(과음수)
소변을 자주 봐,내과,3,빈뇨
최근에 살이 빠졌어,내과,3,체중감소
자꾸 피곤하고 힘들어,내과,2,피로감
소변이 많아졌어,내과,2,빈뇨
영양이 안 좋고 당뇨 증상이,내과,2,영양실조·당뇨 증상
소변이 자주 나와,내과,2,빈뇨
피로하고 기운이 없어,내과,2,피로감·무력감
의식이 흐릿해져,내과,3,의식변화
갑자기 어지럽고 가슴이 철렁해,내과,3,현기증·두근거림
식은땀이 나고 몸이 떨려,내과,2,냉한·진전
자꾸 저혈당이 되는 것 같아,내과,3,저혈당 증상
배가 부글거리고 아파,내과,2,복부팽만·통증
손가락이 저리고 경련이 나,신경과,3,저림·경련
근육이 뻣뻣하고 경직돼,신경과,3,근경직
얼굴이 저리고 입가가 오금거려,신경과,2,얼굴 저림
뼈가 약해져,내과,3,골다공증 증상
자주 피곤하고 무기력,내과,2,피로감
자꾸 소변이 많이 나와,내과,2,다뇨
머리가 자꾸만 커져,내과,3,거구증
얼굴과 손이 툭 불어나,내과,3,말단비대증
유즙이 자꾸 나와,내과,2,유루증
저혈당이 자꾸 생겨,내과,2,저혈당 증상
성욕이 없어졌어,내과,2,성욕 감퇴
시야가 점점 좁혀,안과,2,시야협착
얼굴이 동그래졌어,내과,3,보름달 얼굴
팔다리가 자꾸 가늘어져,내과,2,근위축
자주색 줄이 생겼어,피부과,2,튼살(처짐)
여자인데 수염이 나와,내과,3,다모증
목소리가 굵어졌어,내과,2,음성 변화
생리가 불규칙해졌어,산부인과,2,월경불순
혈압이 자꾸 높아져,내과,3,고혈압
다리가 부으면서 약해져,내과,2,근무력
자꾸 목이 말라,내과,2,갈증
갑자기 검게 되고 어두워졌어,피부과,2,피부 색소 침착
자꾸 저혈당이 되고 어지러워,내과,2,저혈당
전신이 약하고 힘이 없어,내과,2,전신무력감
생리를 자꾸 못해,산부인과,3,무월경
가슴이 자꾸 아파,산부인과,2,유방통
안면홍조가 자꾸 생겨,산부인과,2,안면 홍조
발기가 안 돼,비뇨의학과,3,발기부전
고환이 자꾸 아파,비뇨의학과,2,고환통
사정이 잘 안 돼,비뇨의학과,2,사정 곤란
사춘기가 너무 빨리 왔어,소아청소년과,3,조기 사춘기
사춘기가 안 와요,소아청소년과,3,지연된 사춘기
가슴이 자꾸 커져,소아청소년과,2,여성형유방
혈당도 높고 갑상선도 안 좋아,내과,2,다선 질환
여러 증상이 동시에,내과,2,복합 호르몬 이상
피부 색소가 진해지고 여러 증상,내과,2,다선 부전
목이 부어올랐어,외과,2,흉부 종물
숨이 자꾸 차,내과,2,호흡곤란
근육이 자꾸 약해져,신경과,2,근무력증
호르몬이상,내과,2,호르몬 불균형
내분비장애,내과,2,내분비계 이상
내분비계기능,내과,2,내분비 합병증
부종있고약함,가정의학과,3,얼굴 부종
영양실조,내과,2,심한 영양 부족
뼈만남,가정의학과,3,극도로 마른 상태
심하게말라,내과,3,뼈가 드러날 정도 야위감
체중급감,가정의학과,2,급속한 체중 감소
부종과말라,내과,3,부종과 근육 감소 동시
혼합영양부족,가정의학과,2,심한 영양 결핍 복합
심각한영양불량,내과,2,말라 있으면서 붓는 증상
극심한영양부족,내과,3,심한 단백질 결핍
에너지부족,가정의학과,2,극도의 체중 미달
중증영양실조,내과,3,생명 위험 수준의 영양 부족
가벼운영양부족,가정의학과,2,경증 영양 결핍
중등도영양부족,내과,2,중간 정도 체중 감소
발달지연,소아청소년과,2,발달 속도 느림
영양부족증상,내과,2,단백질 에너지 부족
영양결핍,내과,2,종합적 영양 부족
야맹증,안과,3,어두울 때 잘 안 보임
눈건조함,안과,2,눈이 자꾸 건조함
피부각질화,피부과,2,피부가 두껍고 거칠어짐
근육약화,신경과,2,다리가 약해지는 느낌
부종과따끔거림,신경과,3,팔다리 부종 및 저림
피부염증,피부과,2,피부에 염증이 생김
정신증상,정신건강의학과,2,의욕 저하 및 혼동
입꼬리헐기,내과,2,입꼬리 헐음
혀부어,내과,2,혀 부음 및 통증
상처안나음,내과,2,상처가 잘 낫지 않음
멍자주듦,내과,2,멍이 쉽게 들고 오래감
근육약해,내과,2,근육 약화
다리저림,내과,2,다리 저림 및 경련
손톱약해,내과,2,손톱 약해짐
손가락저림,신경과,2,손가락 저림 및 따끔거림
치아약해,치과,2,치아 약화 및 통증
탈모심해,피부과,2,탈모 심해짐
손톱부서짐,내과,2,손톱 부서짐
상처안아물음,외과,2,상처가 지저분해지고 잘 아물지 않음
면역약해,내과,2,감염 자주 걸림
소화안됨,내과,2,소화 불량
식욕없음,내과,2,식욕 감소
부정맥,내과,2,심장 박동 불규칙함
심한피로,내과,2,심한 피로 및 허약
옆구리살,가정의학과,2,옆구리 살 찐 것 같음
뱃살많음,가정의학과,2,배 살이 나옴
살빼기,가정의학과,3,체중 감량 필요
운동힘들어,가정의학과,2,운동할 때 숨차고 힘듦
계단힘들어,가정의학과,2,계단 오르내릴 때 숨참
영양과다,내과,2,과도한 영양 흡수
체중증가심함,가정의학과,3,급속한 체중 증가
소화불편,내과,2,소화 기능 저하
영양불균형,가정의학과,2,영양 불균형으로 인한 증상
근육떨림,신경과,2,근육 경련 및 진전
피부각질,피부과,2,피부 병변
근력약화,신경과,2,근육 약화
구토증상,내과,2,구역질 및 구토
피로감심함,내과,2,심한 피로감
대사이상,내과,2,대사 기능 이상
설사심함,내과,3,심한 설사
우유마신후불편,내과,3,유제품 섭취 후 복부 불편감
혈당변동심함,내과,2,혈당 조절 곤란
저혈당증상,내과,2,저혈당 증상
간비대,내과,2,간 비대
신경악화,신경과,2,신경 증상 악화
근육경직,신경과,2,근육 경직
뼈아픔,정형외과,2,뼈 및 관절 통증
관절변형,정형외과,2,관절 변형
척추이상,신경외과,2,척추 이상
얼굴부종,내과,2,얼굴 부종 및 부종
근육약함,신경과,2,근력 감소
콜레스테롤높음,내과,3,고지혈증 증상
황색종,피부과,2,황색 종괴 출현
요산높음,내과,2,요산 수치 상승
통풍증상,정형외과,2,통풍성 관절염
관절부종,정형외과,2,관절 부종 및 통증
피부 노랗게,내과,3,피부·눈 황변
검은 오줌,내과,3,검은색·갈색 소변
배가 붓고,내과,2,복부 팽만감
뼈 약해지고,내과,3,뼈 약화·골밀도 저하
근육 경련,내과,3,근육 경련·경련
저린 발가락,신경과,2,손·발 저림
기침 심하고,내과,3,지속적인 기침
소화 안 되고,내과,3,기름진 대변·소화불량
체중 안 늘고,내과,2,체중 감소·저체중
관절 부으면,정형외과,3,관절 부종·경직
심장이 뛰고,내과,2,심계항진·부정맥
손가락 굳어지고,재활의학과,2,손가락 강직·운동 제한
어지럽고 힘빠져,내과,3,어지럼증·무력감
입이 자꾸,내과,2,구강 건조
저혈압으로,내과,3,저혈압·혈압 저하
다리 경련이,내과,3,다리 경련·근육 경련
혼란스럽고,내과,2,의식 변화·혼동
맥박이 불규칙,내과,2,부정맥·맥박 불규칙
피로가 심하고,내과,2,만성 피로
체온이 높은데,내과,2,발열·체온 상승
손·발 저리고,신경과,2,말초신경 증상
수술 후 호르몬,내과,3,수술 후 호르몬 불균형
대사 이상 후,내과,3,수술 후 대사 장애
혈당 높아졌는데,내과,2,혈당 상승
영양 흡수 안 되고,내과,3,영양 흡수 장애
저단백혈증,내과,2,단백질 부족
비타민 부족으로,내과,2,비타민 결핍
자꾸 까먹고,신경과,3,기억력 감퇴
말이 어눌하고,신경과,2,언어 장애·표현 어려움
일상 일이 어렵고,신경과,3,일상생활 수행 저하
치매 증상 있고,신경과,3,인지 기능 저하
졸음이 오고,신경과,2,주간 졸음
감정 조절이,신경과,2,감정 변화·감정 조절 어려움
생각이 잘 안 들고,신경과,3,인지력 저하
행동이 이상해졌고,신경과,2,행동 변화
시간·장소 헷갈리고,신경과,2,시간·장소 지남력 상실
기억력 감퇴,정신건강의학과,3,기억력 감퇴
자꾸 헷갈려,정신건강의학과,3,인지기능 저하
치매 증상,정신건강의학과,3,치매 의심 증상
기억 안 남,정신건강의학과,3,기억력 상실
최근 일 자꾸 까먹어,정신건강의학과,3,최근 기억 장애
건망증 심해,정신건강의학과,2,심한 기억력 감퇴
헷갈려서 방향감각,정신건강의학과,3,의식 혼란 및 방향감각 상실
자주 헷갈려,정신건강의학과,3,집중력 산만
어떤 상황인지 모르겠어,정신건강의학과,2,현실 인식 저하
뭔가 자꾸 잊어버려,정신건강의학과,2,기억력 문제
감정 조절이 안 돼,정신건강의학과,3,감정 변화
성격이 예전 같지 않아,정신건강의학과,3,성격 변화
행동이 이상해,정신건강의학과,3,행동 변화
감정 조절 못 해,정신건강의학과,2,감정 조절 곤란
정신 상태 안 좋아,정신건강의학과,2,정신 기능 저하
뭔가 정신이 안 드는 느낌,정신건강의학과,2,의식 및 주의력 문제
술 많이 마신 후 정신,정신건강의학과,3,알코올 관련 정신 증상
술 때문에 기억이,정신건강의학과,3,알코올로 인한 기억 문제
술 끊고 싶은데 못 해,정신건강의학과,3,알코올 중독
마약 사용 후 정신,정신건강의학과,3,약물 사용 관련 정신 증상
마약 끊고 싶은데,정신건강의학과,3,약물 의존
금단증상 같아,정신건강의학과,3,금단 증상
대마 피운 후 정신,정신건강의학과,3,대마 사용 관련 증상
대마 자꾸 하고 싶어,정신건강의학과,3,대마 의존성
대마 생각만 난,정신건강의학과,2,갈망 및 집착
수면제 많이 먹고,정신건강의학과,3,약물 과용 증상
숙면제 끊기 힘들어,정신건강의학과,3,수면제 의존
약 없으면 못 자,정신건강의학과,3,약물 의존성 심화
코카인 써서 정신,정신건강의학과,3,코카인 사용 증상
코카인 욕구 심해,정신건강의학과,3,코카인 갈망
각성제 많이 써,정신건강의학과,3,각성제 오용
에너지 드링크 자꾸 마셔,정신건강의학과,2,카페인 과다 섭취
각성제 끊기 힘들어,정신건강의학과,3,각성제 의존
환각,정신건강의학과,3,환각 증상
헛것이 보임,정신건강의학과,3,시각적 환각
없는 소리가 들림,정신건강의학과,2,청각적 환각
담배 끊기 힘듦,정신건강의학과,3,니코틴 의존
흡연 조절 안 됨,정신건강의학과,3,흡연 조절 불능
금단증상,정신건강의학과,2,금단 증상
본드냄새 맡음,정신건강의학과,3,유기용제 사용
신나 중독,정신건강의학과,3,휘발성 물질 남용
정신없음,정신건강의학과,2,의식 장애
여러 약물 섭취,정신건강의학과,3,다중약물 사용
약물 중독,정신건강의학과,3,약물 의존성
약 끊기 힘듦,정신건강의학과,2,약물 조절 불능
자꾸 의심함,정신건강의학과,3,피해의식
혼잣말함,정신건강의학과,3,중얼거림
감정 표현 안 함,정신건강의학과,2,감정 둔화
사람 이상함,정신건강의학과,3,기이한 행동
말투 이상함,정신건강의학과,2,홀로 중얼거림
사교 꺼림,정신건강의학과,2,사회적 불안
고정 생각,정신건강의학과,3,강박적 신념
같은 망상 반복,정신건강의학과,3,지속적 피해망상
일관된 착각,정신건강의학과,2,만성 망상
갑자기 이상해짐,정신건강의학과,3,급성 정신증
갑자기 혼란스러움,정신건강의학과,3,급성 혼란
일시적 환각,정신건강의학과,2,일시적 환각
함께 망상함,정신건강의학과,3,유도된 망상
남의 영향으로 착각,정신건강의학과,3,타인 영향 망상
공유 정신병,정신건강의학과,2,공유 정신증
기분 변덕 심함,정신건강의학과,3,기분 변동
우울하면서 헛것 봄,정신건강의학과,3,우울 동반 환각
조증과 망상,정신건강의학과,2,조증 동반 망상
이상한 생각,정신건강의학과,3,비정상적 사고
판단력 이상,정신건강의학과,3,현실 판단 불능
정신병 증상,정신건강의학과,2,정신병적 증상
정신증 증상,정신건강의학과,3,원인 불명의 정신증
정신 이상,정신건강의학과,3,정신 기능 장애
현실감 상실,정신건강의학과,2,현실감 상실
기분이 너무 좋고 들뜬,정신건강의학과,3,지나친 기분 고양
잠을 안 자도 피곤하지 않음,정신건강의학과,3,수면 욕구 감소
말이 자꾸 많아지고 빨라짐,정신건강의학과,2,말씨 변화
기분이 좋다가 우울하다 반복,정신건강의학과,3,기분 변동
들뜬 기분 후 극심한 낙담,정신건강의학과,3,기분 진동
조증과 우울증이 반복됨,정신건강의학과,2,극단적 기분 변화
계속 슬프고 무기력함,정신건강의학과,3,지속적 우울감
아무것도 하고 싶지 않음,정신건강의학과,3,무관심 및 무쾌감
죽고 싶은 생각이 자꾸 듦,정신건강의학과,2,자살 사고
우울증이 자꾸 재발함,정신건강의학과,3,반복되는 우울증
예전부터 계속 기분이 안 좋음,정신건강의학과,3,만성 우울감
몇 년째 우울한 기분이 계속,정신건강의학과,2,지속성 낮은 기분
항상 기분이 가라앉아 있음,정신건강의학과,3,지속적 기분 저하
만성적으로 무기력함,정신건강의학과,3,만성 피로감
기분이 항상 뭔가 부족한 느낌,정신건강의학과,2,지속적 불만족감
기분 조절이 안 됨,정신건강의학과,2,기분 조절 곤란
감정이 왔다갔다 함,정신건강의학과,2,정서 불안정
특정 상황에서 심한 불안감,정신건강의학과,3,상황별 공포증
높은 곳이 무서워서 못 감,정신건강의학과,2,높이 공포
사람 앞에만 나가면 불안함,정신건강의학과,3,사회 공포증
특별한 이유 없이 불안함,정신건강의학과,3,범불안
자꾸 초조하고 긴장됨,정신건강의학과,3,지속적 초조감
심장이 철렁하고 숨이 찬 느낌,정신건강의학과,2,공황 발작 증상
자꾸 반복하는 생각이 떨어지지 않음,정신건강의학과,3,강박 사고
손을 자꾸 씻거나 확인하게 됨,정신건강의학과,3,강박 행동
의지와 상관없이 반복하는 생각과 행동,정신건강의학과,2,강박증
큰 스트레스 후 극심한 불안감,정신건강의학과,3,외상 후 불안
충격적인 일 이후 적응이 안 됨,정신건강의학과,3,적응 장애
충격 사건 후 악몽과 회상,정신건강의학과,2,외상 증상
기억이 끊어지는 현상이 있음,정신건강의학과,3,기억 상실
몸이 마비된 것처럼 느껴짐,정신건강의학과,2,신체 감각 상실
자신이 누군지 모르는 느낌,정신건강의학과,2,인격 해리
몸이 아픈데 검사에 안나와,정신건강의학과,3,신체증상장애
여기저기 자꾸 아파,정신건강의학과,3,다양한 신체 통증
항상 불안하고 초조해,정신건강의학과,3,불안감 및 초조함
깔깔대고 자꾸만 신경써,정신건강의학과,2,신경과민
의욕이 안생기고 피곤해,정신건강의학과,2,무력감
밥을 못먹겠어,정신건강의학과,3,거식증
계속 먹게 돼,정신건강의학과,3,폭식증
살이 찐다고 자꾸 토해,정신건강의학과,2,거식 및 구토 행동
밤에 자기가 어려워,정신건강의학과,3,불면증
자다가 자꾸만 깨,정신건강의학과,3,수면 유지 곤란
너무 많이 자,정신건강의학과,2,과수면
부부관계가 잘 안돼,정신건강의학과,3,성기능 장애
성관계 때 불안해,정신건강의학과,2,성적 불안감
성욕이 없어져,정신건강의학과,2,성욕감퇴
출산 후 기분이 안좋아,정신건강의학과,3,산후우울증
아기낳은 후 불안해,정신건강의학과,3,산후불안감
출산 후 자꾸 울려,정신건강의학과,2,산후정서변화
스트레스 때문에 몸이 아파,정신건강의학과,3,심인성 신체증상
마음 때문에 소화가 안돼,정신건강의학과,2,심리적 소화장애
감정 때문에 피부가 나빠,정신건강의학과,2,심리적 피부반응
약을 자꾸만 복용해,정신건강의학과,3,약물 오남용
처방약 말고 다른 물질 사용,정신건강의학과,2,비의존 물질 남용
자꾸 괴로운 행동을 해,정신건강의학과,2,반복적 자해 행동
성격이 너무 고집스러워,정신건강의학과,3,강박적 성격
사람 관계가 자꾸 깨져,정신건강의학과,3,대인관계 어려움
감정 조절이 안돼,정신건강의학과,3,정서 불안정성
여러 성격이 섞여있어,정신건강의학과,2,혼합성격장애
성격이 일관성이 없어,정신건강의학과,2,불안정한 성격 패턴
큰 충격 후 성격이 변했어,정신건강의학과,3,성격 변화
트라우마 후 달라진 느낌,정신건강의학과,3,외상 후 인격변화
사건 이후로 쉽게 화내,정신건강의학과,2,과민성 증가
습관 조절 안 됨,정신건강의학과,3,습관 조절 어려움
충동 억제 못함,정신건강의학과,3,충동 조절 곤란
반복적 해로운 행동,정신건강의학과,2,반복적 자해 행동
자신의 성이 맞지 않음,정신건강의학과,3,성별 정체성 혼란
태어난 성과 다른 성으로 느낌,정신건강의학과,3,성 정체성 불일치
성 정체성 고민,정신건강의학과,2,성 정체성 문제
비전형적 성적 관심,정신건강의학과,3,성적 선호도 이상
성적 욕구가 일반과 다름,정신건강의학과,2,비정형 성적 관심
성적 행동 조절 어려움,정신건강의학과,2,성적 행동 조절 곤란
성 발달 과정 혼란,정신건강의학과,3,성 발달 관련 심리 문제
성적 지향 고민,정신건강의학과,2,성적 지향 심리 어려움
성적 정체성 불안,정신건강의학과,2,성적 정체성 불안감
성격 문제로 인한 갈등,정신건강의학과,3,성격 및 행동 문제
대인관계 어려움,정신건강의학과,2,대인관계 패턴 문제
적응 문제,정신건강의학과,2,사회적응 곤란
성격 및 행동 이상,정신건강의학과,2,성인 성격 및 행동 장애
정신 발달 지연,소아청소년과,3,가벼운 발달 지연
학습 능력 낮음,소아청소년과,2,학습능력 저하
인지 발달 지연,소아청소년과,2,인지 발달 지연
중등도 지적장애,소아청소년과,3,중간 정도 발달 지연
일상생활 기능 어려움,소아청소년과,2,일상생활 능력 제한
의사소통 발달 지연,소아청소년과,2,의사소통 능력 저하
심한 지적장애,소아청소년과,3,심한 발달 장애
기본 생활능력 부족,소아청소년과,3,기본 자조능력 결핍
언어 이해 극도로 제한,소아청소년과,2,언어능력 심각 부족
극도 정신지체,소아청소년과,3,극도의 발달 장애
거의 모든 기능 도움 필요,소아청소년과,3,전면 신체 도움 요구
자발적 행동 극히 제한,소아청소년과,2,행동 능력 극도 제한
말을 못해,소아청소년과,3,언어발달 지연
발음이 부정확해,소아청소년과,2,발음 문제
말이 어눌해,소아청소년과,2,말더듬이
글을 못 읽어,소아청소년과,3,읽기능력 부족
산수를 못해,소아청소년과,3,수학학습 어려움
글씨를 잘못 써,소아청소년과,2,쓰기능력 저하
몸을 자주 부딪혀,소아청소년과,3,운동협응 부족
손발이 어색해,소아청소년과,2,동작이 어색함
균형을 못 잡아,소아청소년과,2,균형감각 이상
말도 못하고 움직임도 이상해,소아청소년과,3,언어·운동 발달 지연
학습도 안 되고 말도 안 돼,소아청소년과,2,학습·언어 복합 부진
여러 발달이 늦어,소아청소년과,2,전반적 발달 지연
사람들과 눈도 안 마쳐,소아청소년과,3,사회상호작용 어려움
반복행동을 자꾸 해,소아청소년과,3,반복적 행동
주변에 무관심해,소아청소년과,2,관심사 제한적
심리발달이 느려,소아청소년과,2,심리발달 부진
너무 산만해,소아청소년과,3,주의력 산만
한 곳에 앉아있을 수 없어,소아청소년과,3,과잉행동
충동조절이 안 돼,소아청소년과,2,충동성 문제
말을 안 듣고 자기맘대로야,소아청소년과,3,반항적 행동
학교에서 말썽을 자꾸 피워,소아청소년과,3,공격적 행동
규칙을 자꾸 어겨,소아청소년과,2,규칙 위반 행동
산만하면서 말도 안 들어,소아청소년과,3,주의력·행동 문제
예민하고 자꾸 싸움을 걸어,소아청소년과,2,감정·행동 불안정
기분이 자주 변하고 문제를 일으켜,소아청소년과,2,정서·행동 부적응
자꾸 불안해하고 우는데,소아청소년과,3,불안 및 울음
학교 가는 걸 자꾸 거부해,소아청소년과,3,등교 거부
밤에 소변을 자꾸 싸,소아청소년과,2,야뇨증
친구들과 어울리지 못해,소아청소년과,3,또래관계 어려움
사람을 무서워해,소아청소년과,3,사회 불안
남 앞에서 말을 못 해,소아청소년과,2,선택적 함묵증
습관적 움직임,정신건강의학과,3,자신도 모르게 반복되는 움직임·소리
불수의운동,정신건강의학과,2,자기도 멈출 수 없는 반복 행동
야뇨증,소아청소년과,3,밤에 자다가 오줌을 싸요
말더듬,소아청소년과,3,말을 더듬거려요
아이 문제행동,소아청소년과,2,학교 안 가려고 해요·등교 거부
정신 증상,정신건강의학과,2,기분이 이상해요·행동이 이상해요
정신 문제,정신건강의학과,2,스트레스로 인한 심리 증상
수막염 증상,신경과,3,심한 두통과 함께 목이 경직돼요
뇌수막염,신경과,3,고열·두통·목 경직
뇌염,신경과,3,고열과 함께 의식이 흐려져요
세균성 수막염,신경과,3,갑작스런 고열과 심한 두통
수막 염증,신경과,3,목 경직과 광선 공포증
감염성 수막염,신경과,3,열·두통·경직된 목
수막염,신경과,3,머리 아프고 목이 굳어요
뇌 염증,신경과,3,고열·경련·의식 저하
뇌척수염,신경과,3,팔다리 마비와 고열
척수 염증,신경과,2,척추 통증과 다리 저림
뇌염증상,신경과,3,발열·경련·행동 변화
뇌 감염,신경과,3,고열 후 두통·의식저하
뇌농양,신경외과,3,두통·고열·국소 신경 증상
뇌내 감염,신경외과,3,반복되는 두통과 열
척수 농양,신경외과,3,등 통증·다리 마비
뇌 고름집,신경외과,2,지속적인 두통과 고열
척수 감염,신경외과,2,허리 통증·다리 저림
혈전성 정맥염,신경외과,3,뇌혈관 혈전으로 두통·졸음
정맥 혈전,신경외과,3,갑작스런 두통·경련
뇌염후유증,신경과,3,뇌염 후유증으로 인한 운동 장애
중추신경염증후,신경과,2,중추신경염증 후 운동능력 저하
헌팅톤병,신경과,3,헌팅톤병 증상
감정변화심함,신경과,2,기분 변화가 갑자기 심해짐
운동불협응,신경과,3,몸의 움직임이 어색하고 불안정함
운동실조,신경과,3,걸음걸이가 불안정하고 비틀거림
발음어려움,신경과,2,말을 할 때 발음이 부정확함
근육위축,신경과,3,근육이 자꾸 빠져 가늘어짐
움직임어려움,신경과,2,팔다리를 움직이기 힘들어짐
근위약,신경과,2,어깨와 골반 주변 근력 감소
신경퇴행,신경과,2,신경계 퇴행 증상으로 움직임 저하
근육쇠약,신경과,3,근육이 점점 약해지고 위축됨
소아마비후유,신경과,3,소아마비 후의 근력 약화
포스트폴리오,신경과,3,소아마비 후 수십 년 뒤 증상 악화
마비근력악화,신경과,2,예전에 마비된 부위의 근력이 다시 약해짐
파킨슨병,신경과,3,파킨슨병 증상
경직,신경과,3,근육이 뻣뻣하고 경직됨
보행완만,신경과,3,걸음이 느려지고 발이 떨어지지 않는 느낌
얼굴경직,신경과,2,얼굴이 딱딱하고 표정이 부족함
약물파킨슨,신경과,3,약물 복용 후 손떨림과 경직이 생김
이차파킨슨증,신경과,2,다른 질병으로 인한 파킨슨 증상
외상후파킨슨,신경과,2,머리 외상 후 파킨슨병 같은 증상
기저핵파킨슨,신경과,2,다른 질환과 함께 나타나는 파킨슨 증상
근긴장이상,신경과,3,근육의 긴장 상태가 불균형하고 이상함
근육뒤틀림,신경과,3,특정 근육이 자꾸 뒤틀리거나 경련함
불수의근수축,신경과,2,자신도 모르게 근육이 수축하고 움직임
진전,신경과,2,몸의 일부가 자꾸 떨림
무도병증상,신경과,2,춤을 추는 것 같은 불규칙한 움직임
기저핵질환,신경과,2,기저핵 질환으로 인한 운동 장애
움직임부자연,신경과,3,불수의운동·자세이상
인지저하,신경과,3,인지기능 저하
치매증상,신경과,3,판단력 저하·혼란
기억력악화,신경과,2,최근 일 잘 안 기억남
보행부자연,신경과,2,걷기 어려움·불안정
말어둔,신경과,2,말 어둔함·발음 부정확
감각저하,신경과,2,손·발 감각 둔함
협조곤란,신경과,2,움직임 조절 어려움
양쪽마비,신경과,2,한쪽 팔·다리 힘 빠짐
저린증상,신경과,3,손·발 저림·따끔거림
급성신경증상,신경과,3,갑작스러운 저림·약화
시신경염,신경과,2,한쪽 눈 시력 급감
탈수초질환,신경과,2,신경 기능 저하·마비
신경손상,신경과,2,신경 부위 통증·약화
뇌척수 기능부전,신경과,2,팔다리 약함·어색함
경련증상,신경과,3,몸 떨림·경직
반복발작,신경과,3,발작 반복함
지속경련,신경과,3,경련 계속됨
의식불명,신경과,3,의식 잃은 상태 지속
극심한두통,신경과,3,맥박 치는 듯한 두통
한쪽머리아픔,신경과,3,한쪽만 아픈 두통
오심구토,신경과,2,두통 있으면서 메스꺼움
긴장두통,신경과,2,목이 뻣뻣하면서 두통
압박감두통,신경과,2,머리를 조이는 듯한 통증
일시저림,신경과,3,갑자기 팔다리 저림·약함
시각장애,신경과,2,갑자기 눈이 안 보임
뇌졸중,신경과,3,한쪽 팔다리 마비
갑자기 말안됨,신경과,3,말이 어눌해짐
자다가 깬다,신경과,3,자다가 자꾸 깨요
낮에 자꾸 졸려,신경과,2,낮에 너무 졸려요
얼굴 통증,신경과,3,삼차신경통(얼굴 쌍쌍한 통증)
턱 저림,신경과,2,턱이나 입가 저림
한쪽 얼굴 아파,신경과,2,한쪽 얼굴이 찌르는 듯 아파요
얼굴 마비,신경과,3,한쪽 얼굴이 움직이지 않아요
눈 안 감겨,신경과,3,한쪽 눈이 안 감겨요
입 한쪽 처져,신경과,2,입이 한쪽으로 기울었어요
눈 움직임 이상,신경과,2,눈이 자기 맘대로 안 움직여요
목 움직임 어려워,신경과,2,목을 돌리기 어려워요
목소리 쉬었어,신경과,2,목소리가 갈라졌어요
뒷목 통증,신경과,2,뒷목에서 팔로 저림
허리에서 다리로,신경과,3,허리에서 다리로 통증이 내려와요
손목 저림,신경과,3,손목부터 손가락까지 저려요
팔꿈치 통증,신경과,2,팔꿈치 안쪽이 저려요
엄지손가락 저림,신경과,2,엄지와 검지가 저려요
발목 저림,신경과,3,발목 주변이 저려요
발가락 저림,신경과,2,발가락이 저리고 아파요
종아리 통증,신경과,2,종아리가 저리고 당겨요
한쪽 팔 저림,신경과,2,한쪽 팔이 쭉 저려요
손가락 끝 저림,신경과,2,손가락 끝이 따끔거려요
발가락감각이상,신경과,2,발가락 감각 이상
손끝통증,신경과,2,손끝 찌르는 통증
급성저림,신경과,3,급성 저림증
양쪽다리약해짐,신경과,3,양쪽 다리 힘 빠짐
근육통증,신경과,2,근육통
발목처짐,신경과,3,발목 처짐
손가락약해짐,신경과,2,손가락 약해짐
걷기힘듦,신경과,2,걸음걸이 불안정
발바닥화끈거림,신경과,2,발바닥 화끈거림
팔다리약함,신경과,2,팔다리 약함
씹기힘듦,신경과,3,씹기 어려움
말하기어려움,신경과,2,목소리 약해짐
운동능력저하,신경과,3,운동 능력 저하
근력약함,신경과,3,근력 저하
피로심함,신경과,2,피로감
몸이무겁다,신경과,2,몸 무거움
아기움직임부자연스럽다,소아청소년과,3,아기 움직임이 부자연스러움
발가락까치발,소아청소년과,3,까치발 걷기
경직된움직임,소아청소년과,3,경직된 움직임
한쪽팔다리약함,신경과,3,한쪽 팔다리 약함
한쪽얼굴처짐,신경과,3,한쪽 얼굴 처짐
한쪽움직임안됨,신경과,3,한쪽 움직임 불가
다리못움직임,신경과,3,다리 움직임 불가
팔다리못움직임,신경과,3,팔다리 전체 움직임 불가
휠체어필요,신경과,3,거동 불가
마비,신경과,3,팔다리 마비 또는 운동 불능
반신불수,신경과,3,한쪽 몸이 안 움직여요
다리힘빠짐,신경과,2,다리에 힘이 없어요
기립불안정,신경과,2,일어설 때 어지러워요
식은땀,신경과,2,자도 깨도 식은땀이 나요
머리무거움,신경과,2,머리가 무겁고 자꾸 자려고 해요
아이발달지연,소아청소년과,2,아이가 발달이 늦어요
기억력저하,신경과,2,기억력이 자꾸 떨어져요
의식흐림,신경과,2,멍한 느낌이 들어요
말이어둔해,신경과,2,말이 어둔해져요
의식잃음,신경과,3,의식을 잃어요
두뇌안개,신경과,2,생각이 안 정리돼요
신경증상복합,신경과,2,여러 신경 증상이 함께 나타나요
근력약화전반,신경과,2,전체적으로 힘이 없어요
척추통증,신경과,2,척추 부근이 아파요
하반신마비,신경외과,3,아래쪽이 움직이지 않아요
대소변불편,신경외과,2,화장실 가는 것이 불편해요
척추액유출,신경외과,2,척추액 같은 게 나와요
척추부종,신경외과,2,척추 부위가 붓고 아파요
수술후신경증상,신경과,2,수술 후 신경 증상이 생겼어요
주사부작용,신경과,2,주사 맞은 후 이상해요
마취후증상,신경과,2,마취에서 깬 후 증상이 있어요
신경계이상,신경과,2,신경계에 이상이 있어요
저림통증,신경과,2,저리고 아프고 이상해요
신경불안정,신경과,2,신경이 불안정해요
전신증상복합,신경과,2,전신에 여러 증상이 있어요
만성질환신경증상,신경과,2,기저질환 때문에 신경 증상이 있어요
이차신경병증,신경과,2,다른 병 때문에 신경이 안 좋아요
눈꺼풀종기,안과,2,눈꺼풀에 종기가 났어요
눈밑터짐,안과,2,눈밑이 부어서 아파요
눈까풀혹,안과,2,눈꺼풀에 혹이 생겼어요
눈꺼풀염증,안과,3,눈꺼풀 염증
눈꺼풀붓기,안과,2,눈꺼풀 부종
눈꺼풀통증,안과,2,눈꺼풀 통증
눈꺼풀경련,안과,2,눈꺼풀 경련
눈깜빡임불편,안과,2,눈 깜빡임 불편
눈꺼풀질환,안과,2,눈꺼풀 질환
눈물부족,안과,3,안구 건조
눈물관막힘,안과,2,눈물관 막힘
눈주변통증,안과,2,눈 주변 통증
안와종창,안과,2,안와 부종
눈돌출,안과,3,안구 돌출
눈물체계질환,안과,2,눈물 체계 질환
눈꼽많음,안과,2,눈꼽 많음
결막충혈,안과,3,눈 충혈
결막부종,안과,2,결막 부종
눈흰자변색,안과,2,눈흰자 변색
결막이물감,안과,2,눈 이물감
공막염증,안과,3,공막 염증
흰자통증,안과,2,눈흰자 통증
공막변색,안과,2,공막 변색
각막염,안과,3,각막 염증
검은동자통증,안과,2,검은동자 통증
각막혼탁,안과,2,각막 혼탁
각막반흔,안과,2,각막 흉터
각막혼탁시력,안과,3,각막 혼탁으로 인한 시력 감소
검은동자흐림,안과,2,검은동자 흐림
각막부종,안과,2,각막부종
각막염증,안과,2,각막염증
각막질환,안과,3,각막질환
흰자위염증,안과,2,공막염증
안구통증,안과,2,안구통증
포도막염,안과,3,포도막염
홍채염증,안과,3,홍채염증
눈앞부리충혈,안과,2,전안부충혈
홍채질환,안과,2,홍채질환
동공이상,안과,3,동공이상
눈초점이안맞아,안과,2,조절장애
홍채문제,안과,2,홍채질환
전신병눈증상,안과,2,전신질환관련안증상
눈이흐릿해,안과,3,시력흐림
눈이뿌옅해,안과,3,렌즈혼탁
선천백내장,안과,3,선천백내장
외상백내장,안과,2,외상백내장
약물부작용눈,안과,2,약물유발백내장
렌즈질환,안과,2,렌즈질환
수정체탈구,안과,3,수정체탈구
렌즈위치이상,안과,2,수정체위치이상
당뇨백내장,안과,2,당뇨관련백내장
전신병백내장,안과,2,전신질환관련백내장
염증성백내장,안과,2,염증성백내장
망막염증,안과,3,망막염증
맥락막염,안과,3,맥락막염
눈뒤쪽염증,안과,2,후안부염증
맥락막질환,안과,2,맥락막질환
망막변성,안과,3,망막변성
맥락막위축,안과,2,맥락막위축
전신병망막증상,안과,2,전신질환관련망막증상
감염성망막병변,안과,2,감염성망막병변
염증성망막질환,안과,2,염증성망막질환
망막떨어짐,안과,3,망막박리
눈앞에 검은그림자,안과,2,암점(암영)
갑자기 시야흐림,안과,3,급성 시야 변화
망막혈관막힘,안과,3,망막혈관폐쇄
한쪽눈갑자기안보임,안과,3,갑작스러운 단안 시력 소실
눈앞검게나옴,안과,2,암점 발생
망막에하얀반점,안과,2,망막의 하얀 반점
당뇨망막병증,안과,3,당뇨 망막병증
고혈압눈합병증,안과,2,고혈압성 망막병증
안압높음,안과,3,안압 상승
주변시야좁아짐,안과,3,시야협착(주변시야 감소)
녹내장당뇨,안과,2,2차 녹내장
유리체혼탁,안과,3,유리체 혼탁
날파리증,안과,3,날파리증(검은 떠다니는 것)
유리체출혈,안과,3,유리체 출혈
안구팽창,안과,2,안구 확대
안구위축,안과,2,안구 위축
안구내염증,안과,2,안구 염증
시신경통증,안과,3,시신경 통증
눈움직일때통증,안과,2,안구 운동시 통증
시신경위축,안과,3,시신경 위축
색각이상,안과,2,색각 이상
눈떨림,안과,2,안진(눈 떨림)
당뇨시신경병증,안과,2,당뇨성 시신경병증
한쪽눈,안과,3,한쪽 눈이 안으로/바깥으로 돌아감
사팔눈,안과,3,두 눈의 방향이 맞지 않음
눈모임,안과,2,근거리에서 눈이 모이지 않음
눈정렬,안과,2,눈의 정렬이 불규칙함
눈움직임부자연,안과,2,눈을 움직일 때 부자연스러움
눈추적,안과,2,움직이는 물체를 따라가기 어려움
초점조절,안과,2,초점이 잘 맞지 않음
원시,안과,3,가까운 것이 흐릿하게 보임
눈앞어둠,안과,2,눈 앞이 자주 어두워짐
번쩍임,안과,2,눈에서 번쩍이는 불빛이 보임
중심부흐림,안과,2,시야의 중심이 흐릿함
잘안보임,안과,3,시력이 많이 떨어짐
한쪽눈안보임,안과,3,한쪽 눈이 거의 안 보임
시야좁음,안과,2,시야가 좁아짐
눈떨림증,안과,3,눈이 자꾸만 떨리고 움직임
눈진동,안과,3,눈동자가 불규칙하게 흔들림
눈흔들림,안과,2,눈을 고정하기 어려움
수술후시력,안과,2,눈 수술 후 시력 문제
수술후불편,안과,2,눈 수술 후 불편한 증상
수술후건조,안과,2,눈 수술 후 건조해짐
귀진물,이비인후과,3,귀에서 진물이 나옴
귀가려움,이비인후과,2,귀가 간지러움
귀피부,이비인후과,2,귀 주변 피부에 문제 생김
외이증상,이비인후과,2,귓바퀴가 붓거나 따가움
외이도염,이비인후과,3,외이도염증
귀 진물,이비인후과,2,귀에서 분비물
삼출성중이염,이비인후과,3,삼출성 중이염
귀먹먹함,이비인후과,3,귀가 먹먹해요
귀울렁거림,이비인후과,2,귀에 물 찬 느낌
화농성중이염,이비인후과,3,화농성 중이염
귀에서 고름,이비인후과,3,귀에서 고름이 나와요
귀 갑작스런 통증,이비인후과,2,귀가 심하게 아파요
감염성중이염,이비인후과,2,감염된 중이염
질환으로인한중이염,이비인후과,2,다른 질환으로 인한 중이염
이관염,이비인후과,3,이관염증
이관막혔어,이비인후과,3,귀 이관이 막혔어요
귀압박감,이비인후과,2,귀에 압박감
이관기능장애,이비인후과,2,이관기능 장애
귀 이상음,이비인후과,2,귀에서 이상한 소리가 들려요
이관협착,이비인후과,2,이관이 좁아졌어요
유양돌기염,이비인후과,3,유양돌기염
귀뒤 부음,이비인후과,3,귀 뒤가 부었어요
귀뒤 아픔,이비인후과,2,귀 뒤쪽이 아파요
진주종,이비인후과,3,진주종성 중이염
고름나는중이염,이비인후과,2,계속 고름이 나와요
중이 악취,이비인후과,2,귀에서 악취가 나요
고막천공,이비인후과,3,고막이 구멍 났어요
고막구멍,이비인후과,3,고막에 구멍
고막파열,이비인후과,2,고막이 찢어졌어요
고막질환,이비인후과,2,고막 질환
고막두꺼워짐,이비인후과,2,고막이 두꺼워졌어요
고막흉터,이비인후과,2,고막에 흉터
중이뼈손상,이비인후과,2,중이 뼈가 손상됐어요
귀에서 소리가,이비인후과,3,이명(귀에서 소리가 들림)
점점 못 듣게,이비인후과,3,진행성 난청
귀가 먹먹,이비인후과,2,전음성 난청
자꾸 어지러워,신경과,3,현기증
몸이 빙빙,신경과,3,회전성 어지럼증
움직이면 흔들려,신경과,2,자세 변화 시 어지러움
어지럽고 메스꺼워,신경과,2,어지러움과 오심
귀에서 불편,이비인후과,2,내이 장애
귀가 아프면서 어지러,이비인후과,2,이통과 어지러움
갑자기 못 들어,이비인후과,3,급성 난청
소리가 작게만,이비인후과,3,난청
양쪽 귀가 안,이비인후과,2,양측 난청
점점 못 들음,이비인후과,2,진행성 청력 손상
한쪽 귀만 안,이비인후과,2,편측 난청
귀가 아파,이비인후과,3,이통(귀 통증)
귀에 물 찬 것,이비인후과,3,중이염(귀에 액 찬 느낌)
귀에서 진물,이비인후과,2,이루(귀 분비)
귀 수술 후 불편,이비인후과,2,술후 귀 장애
수술 후 청력,이비인후과,2,수술후 난청
귀 수술 합병증,이비인후과,2,수술후 귀 합병증
류마티스열,내과,3,류마티스열
관절이 부어서,내과,3,관절염(류마티스열 관련)
몸에 발진이,내과,2,발진(류마티스열)
류마티스 열이,내과,3,류마티스열(심장 합병증)
심장이 빨리,내과,3,빈맥(류마티스열)
숨이 차면서 열이,내과,3,호흡곤란(류마티스열)
불규칙한 움직임,신경과,3,팔다리가 자꾸 흔들려요
얼굴 경련,신경과,2,얼굴이 자기도 모르게 움직여요
손가락 떨림,신경과,2,손가락이 자꾸 떨려요
심장 부정맥,내과,3,심장이 불규칙하게 뛰어요
가슴 답답함,내과,2,가슴이 답답해요
심장음 이상,내과,3,심장에서 소리가 들려요
다리 부종,내과,2,다리가 붓고 무거워요
심장 박동 이상,내과,3,심장이 불규칙하게 뛰어요
목의 정맥 부풀음,내과,2,목의 혈관이 불거져 나와요
오른쪽 옆구리 통증,내과,2,옆구리가 아파요
복합 심장 질환,내과,3,심장이 여러 군데 아파요
심한 숨가쁨,내과,3,숨을 쉬기 힘들어요
심잡음,내과,2,심장에서 비정상 음이 들려요
만성 심부전,내과,2,심장이 약해진 것 같아요
운동 시 어지러움,내과,2,움직일 때 어지러워요
혈압 높음,내과,3,혈압이 높아요
고혈압 심장,내과,3,고혈압으로 심장이 커졌어요
심장 비대,내과,3,심장이 커져 있어요
숨 가쁨,내과,2,숨이 차요
고혈압 신장,비뇨의학과,3,고혈압으로 신장이 안 좋아졌어요
신장 기능 저하,비뇨의학과,2,신장 기능이 떨어졌어요
고혈압 심신장,내과,3,고혈압으로 심장과 신장이 모두 안 좋아요
심신 합병증,내과,3,심장과 신장 문제가 함께 있어요
복합 고혈압 증상,내과,2,여러 장기가 고혈압으로 안 좋아졌어요
이차성 고혈압,내과,3,다른 질환 때문에 혈압이 높아요
원인 있는 고혈압,내과,2,혈압이 높은 원인을 찾고 싶어요
높은 혈압 원인 검사,내과,2,고혈압의 원인을 알고 싶어요
협심증,내과,3,가슴을 쥐어짜는 듯해요
운동 시 가슴 불편함,내과,3,움직일 때 가슴이 답답해요
심장통증,내과,3,심장 부위 통증
숨이찬,내과,3,숨 가쁨
재발심근경색,내과,3,반복되는 가슴 통증
또다시가슴,내과,3,또 다시 나타나는 가슴 통증
심장또재발,내과,2,심장 재발 증상
심근경색후통증,내과,3,심근경색 후 가슴 통증
심근경색후숨,내과,3,심근경색 후 숨 가쁨
심근경색후합병증,내과,2,심근경색 후 합병증 증상
심장혈관막힘,내과,3,가슴 통증 및 답답함
급성심허혈,내과,2,급성 심장 허혈 증상
심장허혈통증,내과,2,심장 허혈로 인한 통증
만성가슴통증,내과,3,만성 가슴 통증
활동시가슴,내과,3,활동할 때 가슴 통증
폐색전증,내과,3,갑자기 숨 가쁨
피가뭉침,내과,3,폐색전증 증상
호흡곤란갑자기,내과,2,갑작스러운 호흡 곤란
폐고혈압,내과,2,폐 고혈압 증상
폐심질환,내과,2,폐로 인한 심장 문제
만성폐심,내과,2,폐질환으로 인한 숨 가쁨
폐혈관질환,내과,2,폐 혈관 질환 증상
폐혈관병,내과,2,폐 혈관 문제
심장주머니염증,내과,3,심낭염 통증
심낭염,내과,3,심낭염 증상
가슴통증숨가쁨,내과,3,호흡에 따른 가슴 통증
심낭삼출,내과,2,심낭 삼출 증상
심낭질환,내과,2,심낭 질환 증상
심막염,내과,2,심막 관련 증상
심낭감염,내과,2,감염으로 인한 심낭염
심낭이차감염,내과,2,다른 질환으로 인한 심낭염
심내막염,내과,3,심내막염 증상
감염성심장질환,내과,3,감염성 심낭염
심판막감염,내과,3,심장 판막 감염
심장판막,내과,3,심장판막에서 혈액이 역류하는 증상
흉부통증,내과,2,가슴 부위의 불편함
우측상복부팽만,내과,2,오른쪽 윗배가 부른 증상
경정맥팽대,내과,3,목의 혈관이 튀어나오는 증상
우심부전,내과,3,오른쪽 심장이 약해지는 증상
우심실부담,내과,2,오른쪽 심실에 부담이 가는 증상
운동불내증,내과,2,운동을 하면 증상이 악화되는 현상
반복되는열,내과,3,반복되는 발열
심장판막염,내과,3,심장판막에 염증이 생긴 증상
통증관절,내과,2,여러 관절이 아픈 증상
급성심근염,내과,3,심장 근육에 급성 염증이 생기는 증상
심박동이상,내과,2,심장 박동이 불규칙한 증상
심근염,내과,3,심장 근육의 염증
심근병증,내과,3,심장 근육이 약해지는 증상
심장이커지는,내과,3,심장이 커지는 증상
피로감심해,내과,2,과도한 피로감이 지속되는 증상
심근병약화,내과,3,심장 근육이 약해지는 증상
수축력저하,내과,3,심장의 수축력이 떨어지는 증상
좌심실부전,내과,2,왼쪽 심실 기능이 떨어지는 증상
심실차단,내과,3,심장의 전기 신호가 차단되는 증상
맥박느려짐,내과,3,맥박이 느려지는 증상
심계항진,내과,3,심장이 두근거리는 증상
맥박불규칙,내과,3,맥박이 불규칙한 증상
심정지,내과,3,심장이 갑자기 멈춤
의식을잃음,내과,3,의식 소실
응급상황,내과,3,응급 상황
심장이빨리뜀,내과,3,심장이 갑자기 빨리 뜀
맥박이빨라요,내과,3,맥박이 빠름
불규칙한맥박,내과,3,심장 박동이 불규칙함
맥박이고르지않음,내과,3,맥박이 고르지 않음
가슴철렁거림,내과,2,가슴이 철렁거림
맥박이튀는듯,내과,2,심장 박동이 뛰는 느낌
가슴철렁,내과,2,가슴이 불규칙하게 뛰는 느낌
심장리듬이상,내과,2,심장 박동이 비정상
피로가심함,내과,2,극심한 피로감
다리가부어,내과,2,다리가 붓는 증상
심장이아파,내과,2,심장 부근이 불편함
갑자기쓰러짐,내과,3,갑자기 쓰러짐
뒷목이뻣뻣,내과,3,뒷목이 뻣뻣함
갑자기두통,신경과,3,갑자기 생긴 심한 두통
한쪽몸이안움,신경과,3,한쪽 팔다리가 안 움직임
말을못함,신경과,3,말을 못하거나 말이 어눌함
갑자운약함,신경과,3,갑자기 몸이 약해짐
감각이둔함,신경과,2,감각이 둔해짐
균형을못잡음,신경과,2,균형 감각이 없어짐
말이나옴,신경과,3,말이 어려워짐
한쪽얼굴이떨어짐,신경과,3,한쪽 얼굴이 처짐
팔다리가마비됨,신경과,3,팔다리 마비
갑자운변화,신경과,3,갑자기 신체 변화가 생김
반신마비,신경과,3,한쪽 몸이 마비됨
뇌혈관협착,신경과,3,뇌로 가는 혈관이 좁아짐
목혈관막힘,신경과,3,목의 혈관이 좁아지거나 막힘
뇌혈관좁아짐,신경과,3,뇌 혈관 협착
뇌혈관막혀,신경과,3,뇌의 혈관이 막히려고 함
한쪽팔저림,신경과,2,팔이나 다리가 저리고 약해짐
뇌혈관질환,신경과,3,뇌 혈관 문제
이상한두통,신경과,2,평소와 다른 심한 두통
뇌혈관후유증,신경과,3,뇌혈관 질환 후 남은 증상
뇌졸중후재활,재활의학과,3,뇌졸중 후유증 치료
마비증상,신경과,2,몸 일부가 움직이지 않거나 힘이 없음
혈관경화,내과,3,혈관이 딱딱해지고 탄력이 떨어짐
동맥경화진단,내과,3,동맥 경화 검사 및 관리
혈액순환안좋아,내과,2,혈액 순환이 잘 안 되는 느낌
대동맥류,외과,3,대동맥이 불거져 나옴
복부박동,외과,2,배에서 맥박이 크게 뛰는 것이 느껴짐
가슴옆통증,외과,2,가슴이나 등이 심하게 아픔
혈관꽈배기,외과,3,혈관이 늘어나 꽈배기처럼 부풀어 오름
혈관벽파열,외과,3,혈관 벽이 갈라짐
팔다리혈관이상,외과,2,팔이나 다리의 혈관이 불규칙함
말초혈관질환,내과,3,팔다리 혈관 질환
다리차가워,내과,2,다리가 자주 차갑고 저려옴
걸으면다리아파,내과,2,걸을 때 다리가 아프고 저림
혈관막힘,내과,3,혈관이 혈전으로 막혀 있음
혈전증상,내과,3,혈액이 응고되어 혈관을 막음
갑작스런저림,내과,2,갑자기 팔다리가 저리고 차가워짐
혈관염증,내과,3,혈관에 염증이 있음
혈관벽손상,내과,2,혈관 벽이 손상되거나 약해짐
비정상혈관,내과,2,혈관이 정상이 아닌 상태
모세혈관출혈,피부과,2,작은 혈관에서 피가 나옴
혈관이상반점,피부과,2,피부에 붉은 반점이나 자국이 생김
말초혈관통증,내과,2,팔다리 혈관 통증
정맥염,내과,3,정맥 염증 및 부기
다리정맥통증,내과,3,다리 정맥 따라 통증
종아리붓기,내과,2,종아리 부기 및 열감
배혈관혈전,내과,2,복부 혈관 혈전증
간문맥혈전,내과,3,간 주변 혈관 이상
배통증혈전,내과,2,배 통증 및 혈관 문제
다리혈전,내과,3,다리 깊은 정맥 혈전
정맥혈전증,내과,3,정맥 혈전 및 혈전색전증
폐색전위험,내과,2,갑작스런 숨가쁨 및 가슴 불편
다리핏줄,내과,3,다리에 튀어나온 핏줄
정맥류,내과,3,다리 정맥류 및 부종
변출혈,내과,3,변에 피 묻음
식도혈관확장,내과,3,식도 혈관 확장 및 구토
토혈,내과,3,검은 구토 또는 피 섞인 구토
위혈관파열,내과,2,상부 소화기 출혈
음부정맥류,내과,2,사타구니 또는 음부 정맥류
팔핏줄,내과,2,팔에 튀어나온 혈관
정맥부전,내과,2,다리 부종 및 통증
혈관궤양,내과,2,다리에 잘 안 낫는 상처
정맥피부염,내과,2,다리 피부 색깔 변함
림프절염,내과,3,림프절 부기 및 통증
목멍울,내과,2,목에 덩어리 만져짐
사타구니멍울,내과,2,사타구니에 부어오름
림프관염,내과,2,림프관 따라 선긋기 및 부기
기립성저혈압,내과,3,일어날 때 어지러움
혈압낮음,내과,2,피로감 및 무기력함
시술후 심혈관 합병증,내과,2,시술 후 심혈관 합병증
시술후 부정맥,내과,2,시술 후 심장 리듬 불규칙
다른 순환계 질환,내과,2,순환계 질환
순환기 이상,내과,2,순환계 이상 증상
심장 증상,내과,2,심혈관 질환
순환기 질환,내과,2,순환기 질환
목 감기,내과,3,목 감기
콧물 재채기,내과,3,콧물·재채기
코가 답답해,이비인후과,3,코 막힘
목이 따가워,이비인후과,3,목 따가움
삼킬때 아파,이비인후과,3,삼킬 때 통증
편도염,이비인후과,3,편도염
목에 혹,이비인후과,3,편도 부종
편도에 하얀색,이비인후과,2,편도 황백색 삼출물
쉰 목소리,이비인후과,3,목소리 쉼
목이 간지러워,이비인후과,2,목 가려움
기침 목가,이비인후과,3,마른기침
크룹,소아청소년과,3,크룹
개가 짖는 기침,소아청소년과,3,개 짖는 듯한 기침
아이 목 부어,소아청소년과,2,후두 부종
상기도 감염,내과,2,감기·상기도 감염
여러곳 감기,내과,2,상기도 감염
코 목 염증,내과,2,상기도 염증
신종플루,내과,2,신종 인플루엔자
팬데믹 독감,내과,2,팬데믹 독감
인플루엔자,내과,3,인플루엔자
고열 몸살,내과,3,고열·근육통
바이러스 폐렴,내과,3,기침과 호흡곤란
폐렴균,내과,3,흉통
세균성 폐렴,내과,3,고열과 기침
폐렴 의심,내과,3,숨이 차
헤모필루스,내과,3,누런 가래
폐 감염,내과,3,지속적인 고열
폐 염증,내과,2,옆구리 통증
박테리아 폐렴,내과,3,콧물과 가래
세균 감염,내과,3,호흡 곤란
화농성 가래,내과,2,가슴이 아파
특이 병원체 폐렴,내과,3,심한 기침
감염성 폐렴,내과,3,열이 떨어지지 않아
폐 침범,내과,2,호흡 시 통증
2차 폐렴,내과,2,다른 질병으로 인한 폐렴
합병증 폐렴,내과,3,기존 질환으로 인한 호흡곤란
속발성 폐렴,내과,2,폐 기능 저하
폐렴 증상,내과,3,폐 감염 의심
급성 기관지염,내과,3,기침이 심해
기관지 염증,내과,3,목이 칼칼해
감기 기침,내과,2,기침할 때 가슴이 아파
세기관지염,소아청소년과,3,쌕쌕거리는 호흡
영아 폐렴,소아청소년과,3,숨 쉴 때 잡음
세기관지 감염,소아청소년과,3,호흡이 빨라져
하기도 감염,내과,3,기침과 콧물
하부 호흡기 감염,내과,2,목의 통증
급성 호흡기 감염,내과,3,고열과 기침
알레르기 비염,이비인후과,3,코가 막혀
목이아파,이비인후과,2,목 통증
코가답답해,이비인후과,2,코 답답함
누런코,이비인후과,3,누런 콧물
코혹,이비인후과,3,코 혹(비용종)
냄새못맡아,이비인후과,2,후각 감소
코가헐어,이비인후과,2,코 안쪽 헐음·궤양
편도가커요,이비인후과,3,편도 비대
목에뭔가,이비인후과,2,목에 걸린 느낌
편도염반복,이비인후과,3,편도염 반복
편도곪음,이비인후과,3,편도 고름·농양
목통증심해,이비인후과,3,심한 목 통증
턱아래부음,이비인후과,2,턱 아래 붓기
음성변화,이비인후과,3,목소리 변함
목이따끔,이비인후과,2,목 따끔거림
목소리가,이비인후과,3,목소리 갈라짐
성대문제,이비인후과,3,성대 이상
말할때아파,이비인후과,2,말할 때 목 통증
인후통증,이비인후과,2,인후 통증
목구멍불편,이비인후과,2,목구멍 불편함
기침이심해,내과,3,심한 기침
기침가래,내과,3,기침과 가래
가슴통증기침,내과,2,기침할 때 가슴 통증
누런가래,내과,3,누런 가래
기침오래돼,내과,3,오래된 기침
만성기침호흡곤란,내과,3,만성 기침 및 호흡 곤란
아침에기침,내과,2,아침에 심한 기침
오래기침,내과,3,3주 이상 지속되는 기침
숨쉬기 힘들어,내과,3,호흡곤란
만성 기침,내과,2,지속적인 기침
가래 나와,내과,2,객담
쌕쌕거려,내과,2,천명음
천식 발작,내과,3,갑작스러운 호흡곤란
밤에 기침,내과,2,야간 기침
운동하면 숨참,내과,2,운동 유발 호흡곤란
심한 천식 발작,내과,3,중증 호흡곤란
폐 꺼져,내과,3,폐 허탈
잦은 호흡기 감염,내과,2,반복적 기관지염
먼지 많은데 숨차,내과,3,직업성 호흡곤란
검은 가래,내과,2,검은색 객담
탄광에서 근무 후 기침,내과,2,직업성 기침
석면 노출 후 숨참,내과,3,석면 노출 관련 호흡곤란
쌕쌕 거리는 숨,내과,2,천명음
규산염 먼지 후 숨차,내과,3,규산염 노출 호흡곤란
심한 기침 계속,내과,2,만성 기침
폐 딱딱함,내과,2,폐 경화
화학 먼지 노출 후 숨참,내과,3,직업성 호흡곤란
가슴 조여듦,내과,2,흉부 불편감
먼지 병 의심,내과,3,직업성 폐질환 의심
오래된 기침,내과,2,만성 기침
숨차고 기침,내과,2,호흡곤란과 기침
결핵 + 먼지병,내과,3,결핵성 폐섬유화
객혈 있어,내과,2,객혈
체중 감소와 기침,내과,2,체중감소성 만성 기침
곡물 먼지 후 숨참,내과,3,직업성 호흡곤란
농장 일 후 기침,내과,2,직업성 기침
유기 먼지 노출 후 천명,내과,2,천명음
먼지 마신 후 기침,내과,3,유기 먼지 흡입 후 기침
곡식 먼지 호흡곤란,내과,3,유기 먼지 흡입으로 인한 호흡곤란
목 아프고 열남,내과,2,유기 먼지 흡입으로 인한 인후통 및 발열
화학약품 냄새로 기침,내과,3,화학물질 흡입 후 기침
가스 마신 후 숨차,내과,3,유해가스 흡입으로 인한 호흡곤란
페인트 냄새로 답답함,내과,2,화학 증기 흡입으로 인한 흉부 답답함
물 삼켜서 기침,내과,3,액체 흡인으로 인한 기침
음식물 들어가서 호흡곤란,내과,3,음식물 흡인으로 인한 호흡곤란
음식 꿀꺽하다 가슴 통증,내과,2,음식물 흡인으로 인한 가슴 통증
직업 환경 기침,내과,2,환경 물질 흡입으로 인한 기침
방사선 치료 후 기침,내과,2,외부 물질 노출 후 기침
이물질 흡입 숨참,내과,2,외부 물질 흡입으로 인한 호흡곤란
급격히 숨이 차요,내과,3,급성 호흡곤란
산소 부족 느낌,내과,3,저산소증
심하게 숨쉬기 힘듦,내과,3,심한 호흡 곤란
폐에 물 찼어요,내과,3,폐부종
밤에 기침이 심해,내과,3,야간 호흡곤란
누우면 숨차요,내과,2,누워서 느끼는 호흡곤란
기침 가래 이상해요,내과,3,혈성 가래
폐 호산구 증가,내과,3,호산구성 폐질환
알레르기성 기침,내과,2,알레르기성 폐 반응
만성 기침 가래,내과,3,간질성 폐질환 증상
폐 섬유화 호흡곤란,내과,3,폐섬유화로 인한 호흡곤란
운동할 때 숨참,내과,2,운동 유발성 호흡곤란
폐 농양 있어,내과,3,폐 고름주머니
폐에 염증 생겼어,내과,3,폐 감염
고름 섞인 가래,내과,2,화농성 가래
가슴에 고름 찼어,내과,3,농흉
가슴 답답하고 통증,내과,3,흉부 통증 및 압박감
등이 아프고 숨 차,내과,2,흉부 감염으로 인한 등 통증
가슴에 물 찼어요,내과,3,흉수
숨쉬면서 가슴 통증,내과,2,흉통
누우면 기침 난다,내과,2,체위 변화에 따른 호흡곤란
암 치료 후 가슴 물,내과,3,질환 관련 흉수
심장병으로 숨차요,내과,3,심질환 관련 흉부 증상
간경변 증상 숨참,내과,2,간질환 관련 흉수
흉막판,내과,2,흉막 플라크
허탈폐,내과,3,폐가 쭈그러짐
갑자기 가슴 통증,내과,3,급성 흉통
숨이 차다,내과,3,갑작스러운 호흡곤란
흉막액,내과,2,폐 주변 액체 참
가슴이 찬다,내과,2,흉부 불편감
기침이 난다,내과,2,만성 기침
시술 후 숨이 차다,내과,3,시술 후 호흡곤란
수술 후 폐합병증,내과,3,수술 후 폐 문제
튜브 제거 후 쉰다,내과,2,인공호흡기 제거 후 성대 문제
숨을 못 쉬겠다,내과,3,호흡부전
산소 부족,내과,3,산소포화도 저하
심한 호흡곤란,내과,3,중증 호흡부전
계단 오르면 헉헉거림,내과,2,운동 시 호흡곤란
폐기능 저하,내과,2,폐 기능 감소
비정상 호흡음,내과,2,쌕쌕거리는 숨소리
질환 관련 숨가쁨,내과,2,기저질환 관련 호흡곤란
유치 안 빠진다,치과,2,유치 탈락 지연
영구치가 안 난다,치과,2,영구치 맹출 지연
사랑니 못 난다,치과,3,사랑니 매복
어금니가 턱뼈에 박혀있다,치과,2,매복치
치아가 잇몸 안에 묻혀있다,치과,2,매복치 제거 필요
까만 점이 생겼다,치과,3,충치
치아가 썩었다,치과,3,우식증
이가 시리고 아프다,치과,2,치아우식
치아가 벗겨진다,치과,2,치아 마모증
치아 갈라짐,치과,2,치아 균열
신경통증이 있다,치과,3,신경성 치통
치근단염,치과,2,치아 뿌리 감염
이가 흔들흔들하다,치과,2,치아 동요
잇몸빨강,치과,3,잇몸 붓고 빨감
잇몸아파,치과,3,잇몸 통증
이빨흔들려,치과,2,치아 동요도 증가
잇몸튀어나옴,치과,2,잇몸 부종
잇몸들뜬느낌,치과,2,잇몸 이완감
치아노출,치과,2,치근 노출
이빨안물려,치과,3,교합 문제
주걱턱,치과,2,안면 골격 이상
씹을때아파,치과,3,저작 통증
이빨빠짐,치과,2,조기 치아 탈락
혹생김,치과,2,입안 낭종
턱아파,치과,2,악관절 통증
턱부으면,치과,2,턱 종창
침많이나와,치과,2,유연(유연증)
침샘부으면,치과,2,침샘 종창
침샘아파,치과,2,침샘 통증
입안헐어,치과,3,구내염
입안따가워,치과,2,구강 작열감
입안상처,치과,2,구강 궤양
입술헐어,치과,2,입술 염증
혀흰것,치과,2,구강 백반증
혀아파,치과,2,설통(혀 통증)
혀부었어,치과,2,혀 부종
음식넘길때아파,내과,3,식도 통증
가슴중앙아파,내과,2,흉부 통증(식도)
삼킬때불편해,내과,2,연하곤란
신트림,내과,3,산역류 증상
명치아파,내과,2,명치 통증
식도통증,내과,2,식도 통증
음식물삼킬때아픔,내과,2,삼킬 때 통증
식도이물감,내과,2,식도 이물감
식도협착증상,내과,2,음식물 넘김 어려움
식도통과장애,내과,2,식도 통과 곤란
음식걸림증상,내과,2,음식이 걸리는 느낌
위산역류,내과,2,위산 역류
십이지장통증,내과,2,십이지장 부위 통증
배꼽위통증,내과,2,배꼽 위 통증
소화성궤양증상,내과,2,소화성 궤양 증상
궤양성통증,내과,2,궤양성 통증
반복되는복통,내과,2,반복되는 복통
수술부위복통,내과,2,수술 부위 복통
문합부통증,내과,2,문합부 통증
절제후복통,내과,2,수술 후 복통
속메스꺼움,내과,3,속 메스꺼움
위염증상,내과,3,위염 증상
명치가부어있는느낌,내과,2,명치 부풀어감
조기포만감,내과,2,조기 포만감
위경련,내과,2,위 경련
위신연축,내과,2,위 신축운동 이상
오른쪽아래복통,외과,3,오른쪽 아래 복통
맹장염통증,외과,3,맹장 부위 통증
급성복통,외과,3,급성 복통
만성복통,외과,2,만성 복통
반복성복통,외과,2,반복성 복통
맹장부위둔통,외과,2,맹장 부위 둔한 통증
복부통증,외과,2,복부 통증
아래배아픔,외과,2,아래 배 통증
충수염,외과,3,아래 오른쪽 배 통증
맹장 부위 아픔,외과,2,우하복부 통증
사타구니 탈장,외과,3,사타구니 부위 혹
사타구니 볼록,외과,3,사타구니 돌출
샅 통증,외과,2,사타구니 통증
넓적다리 탈장,외과,3,넓적다리 혹
사타구니 아래 부음,외과,3,넓적다리 상부 돌출
넓적다리 부위 통증,외과,2,넓적다리 사타구니 통증
배꼽 탈장,외과,3,배꼽 부위 혹
배꼽 돌출,외과,3,배꼽 튀어나옴
배꼽 주변 통증,외과,2,배꼽 부위 통증
배 앞쪽 탈장,외과,3,배 앞쪽 혹
배 중앙 돌출,외과,3,배 중앙부 튀어나옴
배 앞 통증,외과,2,복부 전면 통증
횡격막 탈장,외과,3,흉부 이상증상
숨가쁨,외과,2,숨쉬기 어려움
가슴 불편함,외과,2,가슴 답답함
배 탈장,외과,3,배 부위 혹
복부 돌출,외과,3,배 튀어나옴
배 혹 같은 게 만져짐,외과,2,복부 종괴 촉지
배 탈장 같음,외과,3,배 탈장 의심
배 혹,외과,3,복부 혹
배 볼록한 게 만져짐,외과,2,복부 융기
크론병,내과,3,반복되는 복부 통증
장 염증,내과,3,설사와 복통
장 문제,내과,2,만성 설사
궤양성 대장염,내과,3,혈변 및 설사
피 섞인 변,내과,3,대변 출혈
계속되는 설사,내과,2,반복 설사
배 아프고 설사,내과,3,급성 설사
장 혈관 질환,내과,3,심한 복통
장 혈액순환,내과,3,갑작스러운 배 통증
장 경색,내과,2,복부 통증과 혈변
장이막혀,내과,3,장폐색감
배가부풀어,내과,3,복부팽만
배아파,내과,2,복통
대변이안나와,내과,3,배변곤란
좌측아래배아파,내과,3,좌측하복부통증
변에피가,내과,2,혈변
자주화장실가,내과,3,빈번한배변
배가자주아파,내과,3,반복되는복통
설사와변비반복,내과,3,불규칙한배변양상
자꾸설사해,내과,3,만성설사
배가자꾸가스차,내과,2,복부팽만감
변비가심해,내과,2,변비증상
항문이찢어져,내과,3,항문열상
항문이아파,내과,3,항문통증
대변할때아파,내과,3,배변통
항문주변부종,내과,3,항문주변붓기
항문고름나와,내과,3,항문분비물
항문주변발열,내과,2,항문주변염증
항문에혹이,내과,2,항문병변
배변시이물감,내과,2,항문이물감
항문가려워,내과,2,항문소양증
장에혹이,내과,2,장내용종
장이좁아져,내과,2,장협착
장구멍뚫렸대,내과,2,장천공
항문피가,내과,3,항문출혈
항문이부어,내과,3,치핵부종
휴지에피묻어,내과,3,배변시출혈
배가심하게아파,내과,3,급성복통
배가딱딱해,내과,3,복부경직
열나고배아파,내과,2,발열과복통
배가자꾸차,내과,2,복부가스증
배에물이차,내과,2,복수
감염으로배아파,내과,2,감염성복통
열나면서배아파,내과,2,감염성복부통증
배아프고열나,내과,2,감염성질환의복부증상
술마신후간이안좋아,내과,3,음주 후 피로감 및 간 수치 이상
술로인한황달,내과,3,황달(피부·눈 노래짐)
알콜성간경화,내과,2,복부 팽만감 및 부종
약먹은후간이나빠졌어,내과,3,약물 복용 후 간 기능 저하
의약품부작용황달,내과,3,약물로 인한 황달
독성간질환복통,내과,2,약물 복용 후 우상복부 통증
간부전의식저하,내과,3,간성혼수(의식 변화·착란)
간부전복수,내과,3,복부 팽만 및 복수(배에 물참)
급성간부전,내과,2,심한 피로 및 황달
만성간염지속,내과,3,만성 피로 및 무기력감
간염계속황달,내과,3,지속적인 황달
비알콜성간염,내과,2,명치부 불편감 및 소화불량
간경화증상,내과,3,피부에 거미혈관 및 붉은 반점
간암경화복수,내과,3,복부 팽만 및 다리 부종
간경화진단받음,내과,2,쉽게 멍듦
염증성간질환,내과,2,복부 우측 통증 및 발열
자가면역간염,내과,2,관절통 및 피로
간염증상,내과,2,황달 및 소변 색 변화
지방간심해졌어,내과,2,피로감 및 우상복부 불편
패혈증간기능,내과,2,패혈증 동반 간 기능 저하
담석있어요,내과,3,우상복부 통증(특히 야간)
담낭에돌,내과,3,기름진 음식 후 복통
담석증상,내과,2,오른쪽 갈비뼈 아래 통증
담낭염염증,내과,3,지속적인 우상복부 통증 및 발열
담낭염,내과,3,황달 및 오한
담낭부었어요,내과,2,복부 압통 및 메스꺼움
담낭질환,내과,2,상복부 답답함 및 소화불량
담관염증,내과,3,황달 및 우상복부 통증
담도질환,내과,2,간헐적 통증 및 황달
담관협착,내과,2,반복되는 황달 및 복부 불편
명치 심한 통증,내과,3,명치 급성 통증
복부 상복부 통증,내과,3,상복부 통증
등 뒤 통증,내과,2,등 쪽 통증
췌장 문제,내과,3,췌장 기능 부전
소화 잘 안 됨,내과,2,소화 불량
복부 팽만감,내과,2,배 부풀어 오름
담도 통증,내과,2,담도 부위 불편감
담낭 문제,내과,2,담낭 기능 저하
오른쪽 윗배 통증,내과,2,우상복부 통증
흡수 안 됨,내과,3,영양 흡수 장애
설사 자주,내과,3,만성 설사
체중 자꾸 빠짐,내과,2,체중 감소
수술 후 소화 문제,내과,3,수술 후 소화 장애
수술 부위 통증,내과,2,수술 후 복부 통증
수술 후 속 쓰림,내과,2,수술 후 역류
소화기 불편,내과,2,소화기 계통 불편감
장기 기능 저하,내과,2,소화기관 기능 부전
전신 소화 문제,내과,2,전신 소화 장애
피부 빨갛게,피부과,3,피부 화상 같은 발적
피부 벗겨짐,피부과,3,피부 박탈
물집 생김,피부과,2,물집 및 수포
피부 종기 작은,피부과,3,작은 고름 딱지
얼굴 피부염,피부과,3,얼굴 감염성 발진
아이 피부 감염,피부과,2,피부 감염성 병변
피부 부스럼,피부과,3,화농성 피부 병변
피부 곪음,피부과,3,피부 깊은 염증
종기 여러 개,피부과,2,다발성 종기
피부 부어오름,피부과,3,피부 부종 및 홍반
피부 뜨거움,피부과,3,피부 열감 및 통증
피부 빨갛게 붓음,피부과,2,피부 염증성 부종
목 부위 부음,피부과,3,목 림프절 염증
겨드랑이 통증,피부과,2,사타구니·겨드랑이 부종
엉덩이 혹,피부과,3,엉덩이 부위 혹/낭종
꼬리뼈 근처 통증,피부과,2,꼬리뼈 주변 통증
엉덩이 농양,피부과,3,엉덩이 부위 고름/감염
피부염증 흐물흐물,피부과,2,피부 조직 감염/화농
물집 터짐,피부과,3,물집/수포 탈락
입 헐음,피부과,3,입안 물집/궤양
피부 벗겨지는 물집,피부과,3,표피박리성 물집
피부 흉터,피부과,2,물집 자국/흉터
피부 물집 지속,피부과,2,반복되는 물집 질환
큼지막한 물집,피부과,3,큰 물집/수포
피부 당김,피부과,2,피부 긴장/팽팽함
구강 물집,피부과,2,입안/입술 물집
물집 가렵고 따가움,피부과,2,물집/수포 가려움증
손가락 물집,피부과,2,손/손가락 물집
발 물집,피부과,2,발/발가락 물집
전신 물집,피부과,2,전신 물집/수포
질병 관련 물집,피부과,2,기저질환으로 인한 물집
심한 가려움,피부과,3,극심한 가려움증
피부 건조함,피부과,3,피부 건조/건성
피부 발갛고 곪음,피부과,3,피부 염증/발진
머리 비듬,피부과,3,두피 비듬/가려움
얼굴 지성 벗겨짐,피부과,3,얼굴 기름/벗겨지는 증상
가슴 가렵고 빨강,피부과,2,가슴/몸통 지루성 피부염
기저귀 발진,소아청소년과,3,기저귀 부위 발진
아기 엉덩이 빨강,소아청소년과,3,영아 기저귀 부위 피부염
아기 피부 헐음,소아청소년과,2,기저귀 착용 부위 피부손상
접촉 알레르기,피부과,3,접촉성 알레르기 반응
물질 닿으면 빨개짐,피부과,3,특정 물질 노출시 발진
손가락 접촉 피부염,피부과,2,손 접촉성 피부염
자극 피부염,피부과,3,자극성 피부염
화학물질 접촉 발진,피부과,3,화학물질 자극 피부반응
세제 닿으면 따가움,피부과,2,화학물질 노출로 인한 피부자극
접촉성피부염,피부과,3,접촉으로 인한 피부 가려움증과 발진
닿은자리붉어짐,피부과,2,닿은 부위의 붉은 발진
화장품알레르기,피부과,2,화장품으로 인한 피부 반응
벗겨지는피부,피부과,3,피부가 자꾸 벗겨짐
각질일어남,피부과,3,온몸에 각질이 올라옴
벗겨지는발진,피부과,2,벗겨지는 발진이 퍼짐
약먹고피부증상,피부과,3,약을 먹은 후 피부 발진
약물피부반응,피부과,3,약물 복용 후 피부 가려움증
음식먹고피부,피부과,2,음식 섭취 후 피부 증상
계속긁는피부,피부과,3,계속 긁게 되는 피부 병변
만성가려움증,피부과,3,오래 지속되는 심한 가려움
두꺼워진피부,피부과,2,긁어서 두꺼워진 피부
가려움증,피부과,2,온몸이 자꾸 가려움
밤에가려움,피부과,2,밤에 유독 가려운 피부
여러증상피부,피부과,2,다양한 형태의 피부 발진
두피건선,피부과,3,두피에 하얀 각질과 가려움
팔다리발진,피부과,2,팔꿈치와 무릎에 딱딱한 발진
유사건선증,피부과,2,건선처럼 보이는 피부 증상
비늘모양발진,피부과,2,비늘 모양의 붉은 반점들
가려운비늘피부,피부과,2,비늘 같은 발진이 가려움
장미색발진,피부과,3,장미색의 넓은 발진이 퍼짐
몸통발진,피부과,3,가슴과 배에 나타나는 발진
가렵고따가운발진,피부과,2,따갑고 가려운 핑크색 발진
이끼증,피부과,3,피부에 보라색 반짝이는 반점
입안병변,피부과,3,입 안의 흰 선과 궤양
각질화된피부,피부과,2,피부가 각질화되고 가려움
구진비늘증,피부과,2,작은 돌기와 비늘이 섞인 발진
융기된발진,피부과,2,피부가 울퉁불퉁하고 갈라짐
기저질환피부증상,피부과,2,다른 질환에 동반된 피부 발진
전신질환피부,피부과,2,전신질환으로 인한 피부 증상
가려운 발진,피부과,3,가려운 발진
붓는 피부,피부과,2,부종성 발진
다형성 홍반,피부과,3,동전 모양 발진
입술 물집,피부과,3,입술 물집 및 궤양
손발 발진,피부과,2,손발의 적색 발진
다리 혹,피부과,3,다리 결절성 홍반
발목 붓기,피부과,2,발목 주위 부종
홍반,피부과,2,피부 발적
붉은 반점,피부과,2,붉은 반점
햇빛 때문에 발진,피부과,2,질환 관련 홍반
감염 후 발진,피부과,2,질환 연관 피부 반응
햇빛화상,피부과,3,일광화상
자외선 반응,피부과,2,자외선 피부반응
햇빛 두드러기,피부과,2,햇빛 민감성 발진
햇빛 자극 피부,피부과,2,자외선으로 인한 피부변화
만성 자외선 피해,피부과,2,햇빛 노출 피부 주름
피부 검어짐,피부과,2,자외선으로 인한 색소침착
피부 탄력 떨어짐,피부과,2,햇빛으로 인한 피부 노화
방사선 화상,피부과,3,방사선 피부염
방사선 치료 후 피부,피부과,3,방사선 노출 피부 손상
방사능 피부 손상,피부과,2,방사선으로 인한 발적
방사선 흉터,피부과,2,방사선 노출 후 피부변화
방사선 피부 위축,피부과,2,방사선으로 인한 피부 위축
손톱 변형,피부과,3,손톱 모양 이상
손톱 갈라짐,피부과,3,손톱 균열
손톱 흰색 반점,피부과,2,손톱 색 변화
질환으로 인한 손톱,피부과,2,전신질환 관련 손톱변화
감염 후 손톱,피부과,2,질환으로 인한 손톱 손상
동전반장,피부과,3,동전 모양 탈모
갑자기 모발 빠짐,피부과,2,급성 탈모
정수리 숱 적어짐,피부과,3,머리 위쪽 탈모
이마 탈모,피부과,3,이마 헤어라인 후퇴
가늘어진 머리,피부과,2,모발 가늘어짐
전체 탈모,피부과,2,전반적 모발 손실
머리 자꾸 빠져,피부과,2,지속적 탈모
스트레스 탈모,피부과,2,스트레스로 인한 탈모
흉터 탈모,피부과,3,흉터 부위 탈모
염증 후 탈모,피부과,2,염증 이후 탈모
두피 화끈거림,피부과,2,두피 화끈거리며 탈모
머리 끝 갈라짐,피부과,2,모발 갈라짐
털 많아짐,피부과,3,과도한 체모
몸에 털 많음,피부과,3,다모증
얼굴 뾰루지,피부과,3,얼굴 뾰루지
피지 분비 많음,피부과,2,지성피부·피지 과다
얼굴 붉음,피부과,3,얼굴 붉어짐
피부 홍조,피부과,3,피부 홍조
얼굴 화끈거림,피부과,2,얼굴 화끈거림
피지낭,피부과,3,피지낭종
피부 물혹,피부과,3,피부 낭종
얼굴 혹,피부과,2,얼굴 혹·뾰루지
코메돈,피부과,2,검은머리·흰머리
모모양증,피부과,2,독수리 피부
땀이 안 남,피부과,2,땀 분비 감소
과다한 땀,피부과,2,과도한 땀 분비
땀띠,피부과,2,땀띠·땀진물
겨드랑이 냄새,피부과,2,체취
겨드랑이 과다 발한,피부과,2,겨드랑이 과다 땀
흰반점,피부과,3,피부 흰색 반점
피부 색빠짐,피부과,2,피부 색소 손실
피부 검버섯,피부과,2,피부에 갈색 반점
피부 색깔 불규칙,피부과,2,색소 불균형
지루성각화증,피부과,3,튀어나온 갈색 점
검은 혹,피부과,2,피부에 솟아난 갈색 혹
피부 볼록한 점,피부과,2,피부 표면 볼록함
까만 피부톤,피부과,3,검고 두터워진 피부
목 검버섯,피부과,3,목 주름에 검은 색소
겨드랑이 검게 변함,피부과,2,피부 까무잡잡해짐
발 각질,피부과,2,발에 두꺼워진 각질
피부 두터워짐,피부과,3,피부가 두껍고 딱딱함
각질 껍질,피부과,2,피부에 두터운 각질층
각화증,피부과,2,피부 딱딱한 부분
손 발바닥 두껍게,피부과,3,손발의 각질화된 피부
피부 갈라짐,피부과,2,피부가 딱딱하고 갈라짐
발 껍질벗겨짐,피부과,2,발의 각질화
피부 들뜨는 증상,피부과,2,피부층이 떨어져 나옴
피부 이물감,피부과,2,피부 탈락 증상
피부층 문제,피부과,2,표피 손상
고름 나는 궤양,피부과,3,고름이 흐르는 피부 상처
심한 피부 괴사,피부과,2,피부가 썩어가는 느낌
괴사성 궤양,피부과,2,깊은 피부 궤양
욕창,피부과,3,누워있는 부위 피부 손상
압박 궤양,피부과,3,같은 자리 오래 눌러서 생긴 상처
누워서 생긴 피부 문제,피부과,2,장시간 압박으로 인한 피부 손상
피부 쪼그러짐,피부과,3,피부가 쭈글쭈글해짐
피부 얇아짐,피부과,3,피부가 얇아지고 위축됨
위축된 흉터,피부과,2,움푹 들어간 흉터
흉터 돌출,피부과,3,튀어나온 흉터
비후된 흉터,피부과,2,두터워진 흉터
피부 육아종,피부과,3,피부 육아종
나비모양 발진,피부과,3,양쪽 볼에 나비 모양 발진
루푸스 발진,피부과,3,루푸스로 인한 발진
경화증,피부과,3,피부가 딱딱해짐
국소 경피증,피부과,3,국소 부위의 피부 경화
피부 경직,피부과,2,피부가 굳고 당겨지는 느낌
혈관염,피부과,3,혈관염으로 인한 피부 증상
피부 혈관 염증,피부과,3,피부의 작은 혈관이 염증
자주색 반점,피부과,2,피부에 자주색 반점이 생김
다리 궤양,피부과,3,다리에 궤양이 생김
종아리 상처,피부과,3,종아리가 헐어서 낫지 않음
발 상처,피부과,2,발이 헐어서 진물이 남
피부 질환,피부과,2,다양한 피부 증상
피부 이상,피부과,2,피부에 여러 증상이 있음
피부층 염증,피부과,2,피부와 피하층에 염증
전신 피부증,피부과,2,전신 피부 질환
동반 피부증,피부과,2,다른 질환으로 인한 피부 증상
관절 화농,정형외과,3,관절에 고름이 차 있음
화농성 관절염,정형외과,3,관절이 곪아서 붓고 아픔
관절 고름,정형외과,2,관절에서 고름 같은 분비물
감염성 관절염,정형외과,3,감염으로 인한 관절 염증
관절 감염,정형외과,3,관절이 감염되어 붓고 아픔
결핵성 관절염,정형외과,2,결핵으로 인한 관절 질환
반응성 관절염,정형외과,3,감염 후 관절이 부음
반응성 관절병증,정형외과,3,감염 후 나타나는 관절 통증
감염 후 관절증,정형외과,2,감기나 감염 후 관절이 아픔
감염 후 관절염,정형외과,3,질환 후 생기는 관절 염증
이차 관절염,정형외과,2,다른 질환으로 인한 관절염
속발성 관절증,정형외과,2,기저질환으로 인한 관절 문제
류마티스 관절염,정형외과,3,손가락 관절이 자주 붓고 아픔
아침 관절 경직,정형외과,3,아침에 일어났을 때 관절이 뻣뻣함
손가락 관절 부음,정형외과,3,손가락 관절 부기 및 통증
아침에 관절 뻣뻣함,정형외과,3,아침 관절 경직
손목 아픔,정형외과,2,손목 통증 및 부기
피부 병변 관절아파,정형외과,3,피부 발진과 함께 관절 통증
발가락 부음,정형외과,2,발가락 부기
장염 후 관절통,정형외과,2,장 질환 후 관절 통증
아이 관절 부음,소아청소년과,3,어린이 관절 부기 및 통증
아이 무릎 아파,소아청소년과,3,소아 무릎 통증
아이 절뚝거림,소아청소년과,2,소아 보행 이상
어린이 류마티스 관절염,소아청소년과,3,소아 다발 관절 통증
아이 팔꿈치 부음,소아청소년과,2,소아 팔꿈치 부기
소아 발열 관절통,소아청소년과,2,어린이 발열과 관절 통증
발가락 갑자기 부음,정형외과,3,발가락 급성 부기 및 통증
엄지발가락 쏘는 통증,정형외과,3,발의 급성 통증
발목 빨갛게 부음,정형외과,2,발목 부기 및 발열감
관절에 침 맺힘,정형외과,3,관절 내 결정 침착
무릎 갑자기 부음,정형외과,2,무릎 급성 부기
손목 관절 뻣뻣함,정형외과,2,손목 경직 및 통증
어깨 관절 아파,정형외과,2,어깨 관절 통증
반복적 관절 부음,정형외과,2,재발성 관절 부기
여러 관절 아픈데,정형외과,2,다발성 관절 통증
전신 관절 아파,정형외과,2,전신 관절 통증
관절 물 참,정형외과,2,관절 내 수액 축적
여러 관절 부었어,정형외과,3,다발 관절 부기
결핵 후 관절통,정형외과,2,전신 질환으로 인한 관절 통증
감염 후 관절 아파,정형외과,2,감염 후 관절 증상
전신병 관절염,정형외과,2,기저 질환으로 인한 관절 염증
여러 손가락 마디 아파,정형외과,3,손가락 관절 다발 통증
손 관절 변형,정형외과,2,손가락 관절 변형
손가락 마디 딱딱,정형외과,2,손가락 관절음
고관절 아파,정형외과,3,골반 부위 관절 통증
다리 저릴 정도로 아파,정형외과,3,사타구니 및 다리 통증
쪼그려 앉기 힘들어,정형외과,2,고관절 운동 제한
무릎 아파 절뚝거려,정형외과,3,무릎 통증으로 인한 보행 곤란
무릎 붓고 아파,정형외과,3,무릎 부기 및 통증
무릎 굽혔다 펼 때 아파,정형외과,2,무릎 운동 시 통증
엄지손가락 관절 통증,정형외과,3,엄지손가락 관절염
손가락 밑동 아플때,정형외과,2,손가락 기저부 관절염
엄지 손가락 움직임 어려움,정형외과,2,엄지손가락 운동제한
관절 여러군데 아파,정형외과,3,다발성 관절염
무릎 팔꿈치 손목 아픔,정형외과,2,여러 관절 통증
관절 뻣뻣함,정형외과,2,관절 경직감
손가락 굽어짐,정형외과,3,손가락 변형
발가락 모양 이상,정형외과,3,발가락 변형
손가락 휘어있음,정형외과,2,손가락 휘어짐
팔다리 모양 이상,정형외과,3,팔다리 변형
다리 휘어짐,정형외과,3,다리 곡선 이상
팔 길이 차이,정형외과,2,팔 불균형
무릎 뒤 아파,정형외과,3,슬개골 통증
무릎뼈 튀어나옴,정형외과,3,슬개골 탈출
무릎 앞쪽 통증,정형외과,2,무릎 전방 통증
무릎 삐끗함,정형외과,3,무릎 손상
무릎 움직일때 걸림,정형외과,3,무릎 걸림감
무릎 안정성 떨어짐,정형외과,2,무릎 불안정성
어깨 탈골,정형외과,3,어깨 관절 탈출
팔꿈치 삐끗함,정형외과,2,팔꿈치 손상
관절 끝이 빠짐,정형외과,2,관절 전위
관절 붓고 아파,정형외과,3,관절 종창
관절 물 찼을때,정형외과,2,관절 삼출
관절 딱딱 소리남,정형외과,2,관절음
온몸 혈관 염증,내과,3,전신 혈관염
근육 약해짐,신경과,2,근육 무력감
신경 통증,마취통증의학과,2,신경통
혈관염증 피부 반점,피부과,3,혈관염 발진
팔다리 저림 통증,신경과,2,사지 신경통
조직 괴사 증상,내과,2,괴사성 조직손상
나비 모양 발진,피부과,3,광대뼈 발진
햇빛 노출 후 악화,피부과,3,햇빛 민감반응
관절 통증 피로감,내과,2,전신 피로 관절염
근육 약함 피부 발진,피부과,3,근육염 발진
눈 주위 부은 발진,피부과,3,안와 부종 발진
근력 저하 피부 변화,신경과,2,근력감소 피부질환
피부 경화,피부과,3,피부가 딱딱해지고 당김
손가락 경직,정형외과,2,손가락이 굳어지고 움직임 제한
입 벌림 어려움,피부과,2,입이 잘 안 벌어짐
마른 입,내과,2,입과 눈이 심하게 건조함
근육 약화,신경과,2,온몸의 근력이 약해짐
척추 굽음,정형외과,3,등이 앞으로 굽어짐
목 앞으로 굽음,정형외과,2,목이 자꾸 앞으로 나옴
허리 과하게 굽음,정형외과,2,허리가 지나치게 앞으로 휘어짐
척추 옆으로 굽음,정형외과,3,척추가 한쪽으로 휜 것 같음
몸 기울어짐,정형외과,2,서 있을 때 몸이 한쪽으로 기울어짐
어깨 높이 다름,정형외과,2,양쪽 어깨 높이가 다름
척추 통증,정형외과,3,척추뼈 부분이 아파옴
목 통증 저림,신경과,2,목이 아프고 팔로 저린 증상이 내려옴
허리 내려 다리 저림,신경과,2,허리 아래로 내려가면서 다리가 저림
척추 모양 이상,정형외과,3,척추가 비정상적으로 휘어져 있음
목 회전 제한,정형외과,2,목 돌림이 잘 안 됨
척추 뻣뻣함,정형외과,2,척추가 경직되고 움직임이 제한됨
척추 뭉침,정형외과,3,척추 부분이 뭉쳐서 움직임이 안 됨
아침 허리 경직,정형외과,3,아침에 일어날 때 허리가 굳어있음
염증성 척추 통증,정형외과,2,척추가 자꾸 아프고 뻣뻣함
척추 염증 통증,정형외과,3,척추 주변이 붓고 아픔
척추 부기,내과,2,척추 부분이 붓고 뜨거움
척추 움직임 통증,정형외과,2,척추를 움직일 때마다 통증
척추 퇴행성 통증,정형외과,3,척추가 닳아서 생기는 통증
척추뼈 튀어나옴,신경과,2,척추뼈가 삐져나와서 신경 눌림
목 목 디스크,신경과,2,목 척추가 퇴행되어 통증
척추 불안정성,정형외과,3,척추가 흔들려서 불안정함
척추 강직,정형외과,2,척추가 굳어져서 움직일 수 없음
척추 변형,정형외과,2,척추 모양이 이상하게 변함
전신 척추 증상,정형외과,2,기저질환으로 인한 척추 통증
척추 이차 변화,내과,2,다른 질환으로 인해 척추가 영향받음
척추 합병증,정형외과,2,기저질환 때문에 척추 문제 발생
목아파,정형외과,2,목 통증
팔저림,정형외과,3,팔·손 저림
좌골신경통,정형외과,2,엉덩이에서 다리로 뻗치는 통증
등아파,정형외과,2,등 통증
허리아파,정형외과,3,허리 통증
목어깨아파,정형외과,2,목·어깨 통증
근육염증,정형외과,3,근육 염증
근육부어올라,정형외과,2,근육 부종
근육딱딱해짐,정형외과,3,근육 경화
근육뻣뻣함,정형외과,2,근육 경직
근육움직임제한,정형외과,2,근육 운동 제한
근력약해짐,정형외과,2,근력 저하
근육경련,정형외과,2,근육 경련
힘줄염증,정형외과,3,힘줄 염증
손목아파,정형외과,2,손목 통증
팔꿈치붓기,정형외과,2,팔꿈치 부종
힘줄끊어짐,정형외과,3,힘줄 파열
건파열,정형외과,3,건 파열
급작스런힘줄통증,정형외과,2,힘줄 급성 통증
활액낭염,정형외과,2,관절낭 염증
힘줄경직,정형외과,2,힘줄 경직
반복사용으로인한통증,정형외과,2,반복 사용으로 인한 근육·건 통증
직업성통증,정형외과,2,업무 관련 근육통
관절주머니염증,정형외과,3,관절 주머니 부음
관절근처부음,정형외과,2,관절 주변 부으면서 아픔
섬유화,정형외과,2,조직 경화·뻣뻣함
손가락계약,정형외과,3,손가락이 굽어지면서 펴지지 않음
손바닥경화,정형외과,2,손바닥이 딱딱해지고 움직임 제한
질병으로인한근육통,정형외과,2,기저질환으로 인한 근육·건 통증
회전근개통증,정형외과,3,어깨 들 때 통증·약함
무릎아래통증,정형외과,2,무릎 아래 정강이 통증
골반통증,정형외과,2,골반·엉덩이 부위 통증
다리힘줄염증,정형외과,3,다리 힘줄·근육 부착 부위 통증
팔꿈치통증,정형외과,2,팔꿈치 안쪽·바깥쪽 통증
건초염,정형외과,3,힘줄 통증·붓기
만성근육통,정형외과,2,만성 근육통
골다공증골절,정형외과,3,작은 충격에 뼈가 부러짐
골밀도저하,정형외과,3,뼈가 약해져서 자주 부러짐
척추골절위험,정형외과,2,척추가 약해져서 움직임 시 통증
뼈약함,정형외과,2,뼈가 약한 것 같음
골다공증검사,가정의학과,2,골다공증 검사 필요
노년성골감소,정형외과,3,나이 들면서 뼈가 약해짐
질병으로인한뼈약화,정형외과,2,기저질환으로 인한 뼈 약화
내분비질환뼈통증,정형외과,2,호르몬 질환으로 인한 뼈 통증
뼈통증연화,정형외과,3,뼈가 약해지면서 통증
골연화증,정형외과,3,뼈가 부드러워지면서 변형
뼈금감,정형외과,3,뼈에 금간 느낌
뼈부러짐,정형외과,3,뼈가 부러진 것 같은 통증
뼈가쑤시는,정형외과,2,뼈에서 쑤시는 통증
뼈밀도낮음,정형외과,3,뼈 강도 감소
뼈가부스러짐,정형외과,2,뼈가 쉽게 골절되는 증상
뼈곪음,정형외과,3,뼈에 염증·곪은 증상
뼈감염,정형외과,3,뼈 감염으로 인한 통증
뼈부위열감,정형외과,2,뼈 부위가 화끈거림
뼈괴사,정형외과,3,뼈가 죽는 느낌
뼈무너짐,정형외과,3,뼈가 무너지려는 증상
뼈함몰,정형외과,2,뼈가 함몰되는 통증
뼈굵어짐,정형외과,3,뼈가 비정상적으로 굵어짐
뼈휘어짐,정형외과,3,뼈가 휘어지거나 변형됨
뼈가아프고굵어짐,정형외과,2,뼈 부위 통증과 비후
뼈기형,정형외과,2,뼈 모양이 이상함
뼈증식,정형외과,2,뼈에 혹이나 튀어나온 부분
뼈약화증상,정형외과,2,전신 뼈가 약해지는 증상
뼈관련증상,정형외과,2,질환으로 인한 이차 뼈 병변
엉덩이절음,소아청소년과,3,아이가 한쪽 다리를 절뚝거림
아이고관절통,소아청소년과,2,아이 사타구니 근처 아픔
성장판염증,소아청소년과,3,성장기 아이 뼈 관절 통증
아이무릎통증,소아청소년과,3,아이가 무릎을 아파함
아이발목아픔,소아청소년과,2,성장기 아이 발목 통증
연골변화,정형외과,2,연골이 손상되는 증상
관절연골통증,정형외과,2,연골 손상으로 인한 관절 통증
연골손상,정형외과,3,연골이 손상된 느낌
관절딱딱거림,정형외과,2,관절에서 소리가 나고 거침
연골염증,정형외과,2,연골 부위 염증으로 인한 통증
몸이굽음,정형외과,3,몸이 굽어지거나 변형됨
척추휘어짐,정형외과,3,척추가 휘어지거나 기울어짐
몸관절변형,정형외과,2,관절이 비정상적으로 변형됨
수술 후 근육통,재활의학과,3,수술 후 근육통 및 경직
수술 후 관절제한,재활의학과,2,수술 후 관절 움직임 제한
수술 후 통증,마취통증의학과,2,수술 부위의 지속적 통증
척추뼈 어긋남,정형외과,3,척추 구조 이상 및 정렬 문제
척추 틀어짐,정형외과,2,척추 정렬 장애
관절 기능장애,재활의학과,2,관절 움직임 제한 및 기능 장애
소변에 피,비뇨의학과,3,혈뇨
얼굴 붓고 소변색,내과,3,얼굴 부종과 소변 색 변화
피 섞인 소변,비뇨의학과,3,혈뇨 및 단백뇨
신장기능 악화,내과,3,신장 기능 급속 저하
급속 붓기,내과,2,전신 부종의 급속 진행
반복되는 혈뇨,비뇨의학과,3,자주 나타나는 혈뇨
간헐적 피 섞인 소변,비뇨의학과,3,간헐적 혈뇨
만성 혈뇨,내과,2,지속적인 혈뇨
만성 신장질환,내과,3,만성 신장 질환
오래된 신염,내과,3,오랜 기간 신염 증상
신장 기능 감소,내과,2,신장 기능 저하
심한 부종,내과,3,심한 전신 부종
소변 거품많음,비뇨의학과,3,대량의 단백뇨
신증후군,내과,3,신증후군
단백뇨 소변,비뇨의학과,3,단백뇨
신염 증상,내과,2,신염 전반 증상
소변 단백,비뇨의학과,3,단백뇨만 있음
단독 단백뇨,내과,2,단백뇨 단독 증상
무증상 단백뇨,내과,2,증상 없는 단백뇨
유전성 신장질환,내과,3,가족력 있는 신장 질환
유전 신질환,내과,3,유전성 신질환
가족력 신장병,내과,2,가족성 신장 질환
다른질환 신장합병,내과,3,기타 질환으로 인한 신장 손상
이차성 신장질환,내과,2,다른 질병에 의한 신장 문제
전신질환 신침범,내과,2,전신 질환으로 인한 신장 침범
급성신염증,내과,3,급성 간질성 신염
급성 신장염증,내과,3,급성 신장 염증
신장 감염증상,내과,2,급성 신장 감염 증상
신장염,비뇨의학과,3,만성 신장염증
신장 통증,비뇨의학과,2,신장 부위 통증
소변이상,비뇨의학과,2,소변색 변함
신장 염증,비뇨의학과,3,신장 부위 염증
요로 폐색,비뇨의학과,3,오줌이 안 내려감
역류성 요도염,비뇨의학과,3,소변이 거꾸로 올라옴
소변 배출 곤란,비뇨의학과,2,소변이 잘 안 나옴
약물성 신장염,비뇨의학과,3,약 먹은 후 신장 문제
중금속 중독,비뇨의학과,2,중금속 노출 후 신장 이상
약제 부작용 신장,비뇨의학과,2,약으로 인한 신장 기능 저하
신장 세뇨관 질환,비뇨의학과,2,신장 세뇨관 손상
신장 간질 병변,비뇨의학과,2,신장 간질 염증
신장 구조 이상,비뇨의학과,2,신장 내부 구조 문제
동반질환 신장,비뇨의학과,2,다른 질병으로 인한 신장염
이차성 신장염,비뇨의학과,2,다른 질병에 따른 신장 손상
전신질환 신장,비뇨의학과,2,전신 질환으로 인한 신장 이상
급성 신부전,비뇨의학과,3,갑자기 신장 기능 정지
소변 안 나옴,비뇨의학과,3,오줌이 갑자기 안 나옴
신장 급성 악화,비뇨의학과,3,신장 갑자기 나빠짐
만성 신부전,비뇨의학과,3,신장 기능이 계속 떨어짐
신장 질환,비뇨의학과,3,신장이 만성적으로 안 좋음
신장 이상,비뇨의학과,2,신장이 안 좋음
신기능 이상,비뇨의학과,2,신장 검사 수치 이상
신장 결석,비뇨의학과,3,신장에 돌이 생김
요관 결석,비뇨의학과,3,요관에 돌이 끼임
옆구리 통증,비뇨의학과,3,옆구리가 깔깔함
방광 결석,비뇨의학과,3,방광에 돌이 생김
요도 결석,비뇨의학과,3,요도에 돌이 끼임
배뇨곤란,비뇨의학과,2,소변 볼 때 통증
질병 관련 결석,비뇨의학과,2,다른 질병으로 인한 요로 결석
이차성 결석,비뇨의학과,2,기저 질환으로 인한 결석
요로 돌,비뇨의학과,2,요로계 여러 곳에 돌
콩팥통증,비뇨의학과,3,신장 부위 통증
하복부경련,비뇨의학과,2,하복부 경련 및 통증
소변색깔이상,비뇨의학과,2,소변 색이 이상해요
자주갈증,비뇨의학과,2,자주 목말라요
소변양이많아,비뇨의학과,3,소변을 너무 많이 봐요
뒷등통증,비뇨의학과,2,등 위쪽 통증
혈압높아짐,비뇨의학과,2,혈압이 높아졌어요
한쪽옆구리불편,비뇨의학과,2,한쪽 옆구리 불편함
신장기능저하,비뇨의학과,2,신장 기능이 떨어진 것 같아요
소변단백질,비뇨의학과,2,소변에서 거품이 나요
전신부기,비뇨의학과,2,몸이 부어있어요
발목부종,비뇨의학과,2,발목이 부었어요
소변급박,비뇨의학과,3,급하게 화장실 가고 싶어요
소변못참음,비뇨의학과,2,소변을 못 참아요
소변흐름약함,비뇨의학과,2,소변이 잘 안 나와요
배에힘줘야나옴,비뇨의학과,2,배에 힘을 줘야 소변이 나와요
소변대기곤란,비뇨의학과,2,소변이 자기도 모르게 나와요
방광통증,비뇨의학과,2,방광 부위가 아파요
잔뇨감,비뇨의학과,2,소변을 본 후에도 시원하지 않아요
요도통증,비뇨의학과,3,소변길에서 따가워요
배뇨시통증,비뇨의학과,3,소변 볼 때 화끈거려요
요도분비물,비뇨의학과,2,요도에서 분비물이 나와요
소변줄기약해짐,비뇨의학과,3,소변 줄기가 약해졌어요
배뇨힘든,비뇨의학과,3,소변이 나오기 힘들어요
소변끊김현상,비뇨의학과,2,소변이 끊겼다 나왔다 해요
소변할때따가워,비뇨의학과,3,배뇨 시 작열감
요도좁아짐,비뇨의학과,2,요도 협착
소변흐름약해,비뇨의학과,2,배뇨 곤란
자꾸소변마려워,비뇨의학과,2,빈뇨
전립선비대,비뇨의학과,3,전립선 비대
소변잘안나와,비뇨의학과,3,배뇨 곤란
밤에자꾸깨,비뇨의학과,2,야간뇨
전립선염,비뇨의학과,3,전립선 염증
전립선통증,비뇨의학과,2,전립선 통증
정액이상,비뇨의학과,2,정액 이상
사정통증,비뇨의학과,2,사정 시 통증
고환에물찼어,비뇨의학과,2,음낭액 저류
음낭팽창,비뇨의학과,2,음낭 팽창감
고환꼬임,비뇨의학과,3,고환 꼬임(염전)
고환심한통증,비뇨의학과,3,급성 고환 통증
고환부어올라,비뇨의학과,2,고환 부종
고환염증,비뇨의학과,3,고환 염증
부고환염,비뇨의학과,3,부고환염
아이못낳아,비뇨의학과,3,남성 불임
정액검사이상,비뇨의학과,2,정액 검사 이상
정자수적음,비뇨의학과,2,정자 수 부족
포경,비뇨의학과,3,포경
귀두빠지지않음,비뇨의학과,3,귀두 노출 불가
포피염증,비뇨의학과,2,포피 염증
음경통증,비뇨의학과,2,음경 통증
발기부전,비뇨의학과,3,발기 부전
음경기형,비뇨의학과,2,음경 곡률
고환아파,비뇨의학과,3,고환(음낭) 통증
음낭부종,비뇨의학과,3,음낭 부종 및 열감
음경아파,비뇨의학과,2,음경 통증 및 불편감
고환크기이상,비뇨의학과,2,고환 크기 변화
남성기능문제,비뇨의학과,2,남성 생식기 기능 문제
음낭통증,비뇨의학과,2,음낭 통증
생식기병변,비뇨의학과,2,생식기 병변 및 변화
유방통증,산부인과,3,유방 통증
유방염증,산부인과,3,유방 염증 및 통증
가슴열감,산부인과,2,유방 열감 및 부종
유방커짐,산부인과,3,유방 비대 및 커짐
가슴크기증가,산부인과,3,유방 크기 증가
유방확대,산부인과,2,한쪽 유방만 커짐
유방혹,산부인과,3,유방 혹 또는 덩어리
가슴에혹,산부인과,3,가슴에 만져지는 혹
유방분비물,산부인과,2,유방 분비물
젖꼭지이상,산부인과,2,젖꼭지 변화 및 분비
난소염증,산부인과,3,난소 염증 및 통증
나팔관아파,산부인과,3,나팔관 염증 및 통증
자궁염증,산부인과,3,자궁 염증 및 통증
자궁부어오름,산부인과,3,자궁 부어오름 및 압통
허리아래통증,산부인과,2,자궁 부위 통증
자궁경부염,산부인과,3,자궁경부 염증
자궁경부분비물,산부인과,3,자궁경부 분비물 증가
골반염증,산부인과,3,골반 염증 및 통증
골반부종,산부인과,2,골반 부어오름
아래배부어오름,산부인과,2,아래배 부어오름 및 통증
아래배아플때,산부인과,3,하복부 통증
월경통심함,산부인과,2,월경통
바르톨린샘부었을때,산부인과,3,바르톨린샘 종창
외음부옆멍울,산부인과,3,외음부 혹
아래봉합선옆아플때,산부인과,2,질 입구 통증
질염증상,산부인과,3,질염
외음부가려움,산부인과,3,외음부 가려움증
외음부궤양,산부인과,3,외음부 궤양
질입구헌데,산부인과,3,질 궤양
외음부염증,산부인과,2,외음부 염증
자궁내막증,산부인과,3,자궁내막증
월경할때극심한통증,산부인과,3,월경통
성관계시아플때,산부인과,3,성교통
자궁처짐,산부인과,3,자궁탈출
질이밀려내려옴,산부인과,3,질탈출
아래가팬느낌,산부인과,2,골반 하수감
질과항문사이구멍,산부인과,3,질항문루
질에서방귀같은증상,산부인과,2,질루
질분비물비정상,산부인과,2,질 분비물 비정상
난소낭종,산부인과,3,난소 낭종
난관이막혔을때,산부인과,3,난관 폐쇄
난소주변통증,산부인과,2,난소 통증
자궁내폴립,산부인과,3,자궁 폴립
질에살이나있음,산부인과,2,질 폴립
비정상질출혈,산부인과,2,비정상 질 출혈
자궁이약해졌을때,산부인과,2,자궁 약화
자궁수축이약함,산부인과,3,자궁 무력증
월경이불규칙함,산부인과,2,월경 불규칙
자궁경부미란,산부인과,3,자궁경부 미란
자궁경부에서피남,산부인과,2,자궁경부 출혈
성관계후출혈,산부인과,2,성교 후 출혈
자궁경부이상세포,산부인과,3,자궁경부 이형성증
자궁경부검진이상,산부인과,3,자궁경부 검진 이상
자궁경부암전단계,산부인과,3,자궁경부 전암병변
자궁경부통증,산부인과,2,자궁경부 통증
질건조증,산부인과,3,질 건조감
질불편감,산부인과,2,질 불편감 및 위축
외음부통증,산부인과,2,외음부 통증
회음부불편,산부인과,2,회음부 불편감
생리가안나옴,산부인과,3,생리 불규칙 및 양 감소
생리가너무적음,산부인과,3,생리량 과소
생리과다,산부인과,3,생리량 과다
생리자주나옴,산부인과,3,생리 주기 단축
생리불규칙,산부인과,2,생리 주기 불규칙
비정상출혈,산부인과,3,생리 외 질출혈
질에서피나옴,산부인과,3,질 이상 출혈
자궁에서출혈,산부인과,2,자궁 비정상 출혈
생리통심함,산부인과,3,생리통 심함
월경통,산부인과,3,월경통
생리전증상,산부인과,2,월경전 증후군
갱년기증상,산부인과,3,폐경기 증상
폐경이상,산부인과,2,폐경 주변 불규칙 생리
유산반복,산부인과,3,반복된 유산
자꾸유산함,산부인과,3,습관성 유산
유산위험,산부인과,2,유산 경력 및 위험
임신안됨,산부인과,3,불임
아기못가짐,산부인과,3,여성 불임
임신어려움,산부인과,2,임신 어려움
시험관아기부작용,산부인과,2,인공수정 후 불편감
난임치료부작용,산부인과,2,난임 치료 합병증
인공수정통증,산부인과,2,인공수정 후 통증
시술후요로증상,산부인과,2,시술 후 요로 불편감
수술후배뇨곤란,산부인과,2,시술 후 배뇨 곤란
시술후감염,산부인과,2,시술 후 감염 증상
자궁외임신,산부인과,3,자궁 외 위치에서의 임신
난관임신,산부인과,3,나팔관 임신
복강임신,산부인과,2,복강 내 임신
포도상기형,산부인과,3,포도상 태반
물주머니,산부인과,2,물주머니 같은 태반
비정상태반,산부인과,2,비정상 임신산물
유산,산부인과,3,자연유산
임신중출혈,산부인과,3,임신 중 질출혈
유산출혈,산부인과,2,유산으로 인한 출혈
임신중단,산부인과,2,의료유산
약물낙태,산부인과,2,약물을 이용한 유산
약물유산,산부인과,2,약물로 인한 임신중단
불완전유산,산부인과,3,유산이 완전하지 않음
유산실패,산부인과,3,유산 시술 실패
남은조직,산부인과,2,자궁에 남은 임신조직
유산후감염,산부인과,3,유산 후 감염
유산후통증,산부인과,2,유산 후 복통
유산후출혈,산부인과,3,유산 후 지속적인 출혈
임신고혈압,산부인과,3,임신 중 고혈압
임신중혈압높음,산부인과,2,임신했는데 혈압이 높아짐
만성고혈압임신,산부인과,2,만성 고혈압으로 인한 임신 합병증
임신중단백뇨,산부인과,3,임신 중 단백뇨
임신부종,산부인과,2,임신으로 인한 부종
임신중むくみ,산부인과,2,임신 중 얼굴·손 부음
임신자간전증,산부인과,3,임신 중 전자간증
고혈압임신합병,산부인과,3,고혈압 있는 임신의 심화
임신중두통고혈압,산부인과,2,임신 중 두통과 고혈압
임신중두통,산부인과,2,임신 중 두통
임신중어지러움,산부인과,2,임신 중 어지러움
부종심함,내과,3,전신 부종(얼굴·다리)
임신중고혈압,산부인과,3,임신 중 고혈압
임신중시력변화,산부인과,2,임신 중 시력 변화
혈압높음,산부인과,3,혈압 상승
임신중어깨통증,산부인과,2,임신 중 어깨 통증
임신중가슴답답함,산부인과,2,임신 중 가슴 답답함
임신초기출혈,산부인과,3,임신 초기 질 출혈
임신중피흘림,산부인과,3,임신 중 비정상 출혈
임신중복부경련,산부인과,2,임신 중 복부 경련
임신중구토,산부인과,3,임신 중 심한 구토
입덧심함,산부인과,3,입덧이 심해서 음식 못 먹음
임신중다리통증,산부인과,3,임신 중 다리 통증 및 부종
임신중정맥혈전,산부인과,2,임신 중 다리 부종 및 통증
질분비물,산부인과,2,질 분비물 증가
임신중혈당높음,산부인과,3,임신 중 혈당 상승
임신중당뇨,산부인과,3,임신성 당뇨
임신중갈증,산부인과,2,임신 중 과도한 갈증
임신중영양부족,산부인과,3,임신 중 영양 부족
임신중피로,산부인과,2,임신 중 심한 피로와 무력감
임신중골반통증,산부인과,2,임신 중 골반 통증
임신중신경통,산부인과,2,임신 중 신경 압박 통증
산전검사이상,산부인과,3,산전 검사 결과 이상 소견
태아검사결과이상,산부인과,3,태아 검사 이상
임신중선별검사이상,산부인과,2,임신 중 선별 검사 이상
마취합병증,산부인과,3,임신 중 마취 관련 합병증
마취부작용,산부인과,2,마취로 인한 호흡곤란
쌍둥이임신,산부인과,3,쌍둥이 임신 관리
다태임신,산부인과,3,세 쌍 이상 다중 임신
쌍둥이합병증,산부인과,3,쌍둥이 임신 중 합병증
쌍둥이불일치,산부인과,2,쌍둥이 성장 불균형
쌍둥이폐색전,산부인과,2,쌍둥이 임신 중 혈전증
역위,산부인과,3,태아 역위 (거꾸로 위치)
횡위,산부인과,3,태아 횡위 (옆으로 위치)
태아위치이상,산부인과,2,태아 위치 비정상
골반산도부족,산부인과,3,골반 크기 부족
태아대두,산부인과,3,태아 머리가 큼
두골반불일치,산부인과,2,태아 머리와 골반 크기 불일치
골반기형,산부인과,3,골반 기형 또는 협착
자궁기형,산부인과,2,자궁 모양 이상
태아기형,산부인과,3,태아 기형 의심
태아이상초음파,산부인과,3,태아 초음파 검사 이상 소견
태아손상,산부인과,2,태아 손상 가능성
태아이상반응,산부인과,3,태아 심박 이상
태아성장부진,산부인과,3,태아 성장 지연
양수이상,산부인과,2,양수량 비정상
양수과다,산부인과,3,양수가 많음
양수과다증,산부인과,2,양수과다증으로 인한 복부팽만
양수많음복부팽창,산부인과,2,양수 많아서 배가 매우 부음
양막이상,산부인과,2,양막 및 양수 이상
조기파수,산부인과,3,양막 조기 파열
양수샘,산부인과,3,양수가 흐름 (질 분비물 증가)
물주머니터짐,산부인과,3,양막이 터짐
태반이상,산부인과,3,태반 위치 또는 기능 이상
태반조기박리,산부인과,3,태반 조기 박리
전치태반,산부인과,3,전치 태반 (태반이 자궁입구 덮음)
임신 중 질출혈,산부인과,3,임신 중 질 출혈
임신 중기 하혈,산부인과,3,임신 중기 이상 출혈
무통 질출혈,산부인과,3,통증 없는 질 출혈
갑작스런 임신 중 출혈,산부인과,3,갑작스러운 질 출혈
임신 중 복부 통증 출혈,산부인과,3,복부 통증과 출혈
태반 조기박리 증상,산부인과,3,갑작스러운 심한 출혈
임신 중 피 흘림,산부인과,2,임신 중 질 출혈
예정일 전 출혈,산부인과,2,분만 전 출혈
임신 말기 혈액 흘림,산부인과,2,임신 말기 출혈
거짓 진진통,산부인과,2,규칙적이지 않은 자궁수축
진진통 같은 복통,산부인과,2,분만과 구별되는 자궁수축
산통 아닌 배 쥐임,산부인과,2,임신 말기 불규칙적 수축
예정일 넘음,산부인과,3,임신 기간 초과
만기 임신,산부인과,3,예정일 경과
임신 42주 이상,산부인과,3,고만삭 임신
조산 조기진통,산부인과,3,예정일보다 빠른 진통
미숙아 분만,산부인과,3,조기 분만 진행
조기 수축,산부인과,3,임신 초반 자궁수축
유도분만 실패,산부인과,3,분만 유도 실패
유도 후 진통 없음,산부인과,3,유도분만 후 진전 없음
약물유도 반응 없음,산부인과,2,분만 유도약 반응 부족
진통 약함,산부인과,2,약한 자궁수축
산통 멈춤,산부인과,2,진통이 약해짐
비효율적 진통,산부인과,2,진행되지 않는 진통
진통 길어짐,산부인과,3,분만 시간 초과
분만 오래 걸림,산부인과,3,진통이 길어짐
지연분만,산부인과,3,분만 진행 지연
태아 위치 이상,산부인과,3,아기 자세 불리
골반 입구 막힘,산부인과,3,골반 막힘으로 진행 어려움
역아 분만,산부인과,3,아기 역자세 분만
골반 이상,산부인과,3,골반 형태 이상
좁은 골반,산부인과,3,골반 협소
골반 기형,산부인과,3,골반 변형으로 진행 어려움
분만 진행 안 됨,산부인과,2,진통 있으나 분만 진행 없음
폐쇄분만,산부인과,3,분만 경로 폐쇄
분만 차단,산부인과,2,분만 진행 막힘
진통,산부인과,3,진통
규칙적인 수축,산부인과,3,규칙적인 자궁수축
자연분만 준비,산부인과,3,자연분만 진행
아기 심박수 저하,산부인과,3,태아 심박수 저하
아기 움직임 약함,산부인과,2,태아 활동도 저하
태변 배출,산부인과,2,양수 태변 혼탁
제왕절개 예정,산부인과,3,제왕절개술 예정
응급 제왕절개,산부인과,3,응급 제왕절개
제왕절개 후 회복,산부인과,2,제왕절개 수술 후 경과
분만 중 기구 사용,산부인과,2,겸자·흡입분만
난산,산부인과,2,분만 진행 지연
기계분만,산부인과,2,분만 기구 사용
분만 중 출혈,산부인과,2,분만 중 많은 출혈
탯줄 목감김,산부인과,2,제대 탈출
질 열상,산부인과,2,분만 중 질 열상
회음부 상처,산부인과,2,회음부 열상
분만 후 출혈,산부인과,3,분만 후 많은 출혈
산후 출혈,산부인과,3,산후 출혈
산후 빈혈,산부인과,2,산후 빈혈
태반 남음,산부인과,2,태반 배출 지연
태반 잔류,산부인과,2,태반 일부 남아있음
산모열감,산부인과,3,산후 고열
산후감염,산부인과,3,산후 감염
산후오한,산부인과,2,산후 오한 및 발열
출산후복부통,산부인과,2,산후 복부 통증
산후악취분비물,산부인과,2,악취나는 질 분비물
산후다리부음,산부인과,3,산후 다리 부종
산후정맥통증,산부인과,2,산후 다리 통증 및 부종
산후항문통,산부인과,2,산후 항문 통증
산후가슴답답,산부인과,2,산후 호흡곤란 및 가슴 답답함
가슴통증수유,산부인과,3,수유 중 가슴 통증
유방열감,산부인과,3,유방 열감 및 부음
유두통,산부인과,2,유두 통증
젖이안나옴,산부인과,2,수유 부족
유방울혈,산부인과,2,유방 울혈
출산 후 합병증,산부인과,3,출산 후 42일 이후 합병증
산후 열,산부인과,2,산후 열 및 감염
산욕기 후유증,산부인과,3,출산 후 후유증
산욕기 통증,산부인과,2,출산 후 지속되는 통증
산욕기 약화,산부인과,2,출산 후 극심한 허약감
임신 중 감염,산부인과,3,임신 중 감염 질환
임신 중 발열,산부인과,2,임신 중 열
임신 중 당뇨,산부인과,3,임신 중 당뇨
임신 중 고혈압,산부인과,3,임신 중 고혈압
임신 중 심장병,산부인과,2,임신 중 심장 질환
저체중아,소아청소년과,3,신생아 저체중
미숙아,소아청소년과,3,조산아
태자 발육부진,소아청소년과,2,태아 성장 지연
산모 고혈압 영향,소아청소년과,2,산모 고혈압으로 인한 태자 영향
산모 당뇨 영향,소아청소년과,2,산모 당뇨로 인한 신생아 이상
산모 감염 영향,소아청소년과,2,산모 감염으로 인한 태자 영향
탯줄 감싸임,소아청소년과,2,탯줄이 목을 감싼 경우
태반 이상,소아청소년과,2,태반 이상
어려운 분만,소아청소년과,2,난산으로 인한 신생아 영향
분만 외상,소아청소년과,2,분만 중 외상
산모 약물 영향,소아청소년과,2,산모 약물 복용으로 인한 태자 영향
산모 알코올 영향,소아청소년과,2,산모 알코올 영향
성장 부진,소아청소년과,3,태아 성장 지연
태아 영양부족,소아청소년과,3,태아 영양 부족
작은 아기,소아청소년과,2,작은 신생아
조산,소아청소년과,3,조산(32주 이전)
극저체중아,소아청소년과,3,극저체중 신생아
미숙아 호흡곤란,소아청소년과,2,미숙아 호흡곤란
과숙아,소아청소년과,2,과숙아(42주 이후 출산)
고체중아,소아청소년과,2,고체중 신생아
신생아 머리 출혈,소아청소년과,3,신생아 두개내 출혈
신생아 의식변화,소아청소년과,3,신생아 의식 저하
신생아 중추신경 손상,소아청소년과,3,신생아 중추신경계 손상
신생아 근력저하,소아청소년과,2,신생아 근육 힘 약해짐
신생아 움직임 둔함,소아청소년과,2,신생아 움직임 이상
신생아 두피 멍,소아청소년과,2,신생아 두피 멍울
신생아 두피 붓기,소아청소년과,2,신생아 두피 부종
신생아 뼈 부러짐,소아청소년과,3,신생아 골절
신생아 쇄골 손상,소아청소년과,2,신생아 쇄골 손상
신생아 척추 손상,소아청소년과,2,신생아 척추 손상
신생아 말초신경 손상,소아청소년과,3,신생아 말초신경 손상
신생아 팔 마비,소아청소년과,2,신생아 팔 움직임 안 됨
신생아 얼굴 마비,소아청소년과,2,신생아 얼굴 신경 손상
신생아 복부 손상,소아청소년과,2,신생아 내부 장기 손상
신생아 산소 부족,소아청소년과,3,신생아 산소 부족
신생아 청색증,소아청소년과,2,신생아 피부 파래짐
신생아 저산소증,소아청소년과,2,신생아 저산소혈증
신생아 질식,소아청소년과,3,신생아 출생 질식
신생아 심장박동 저하,소아청소년과,2,신생아 서맥
신생아 반응 없음,소아청소년과,2,신생아 반응성 저하
신생아 호흡곤란,소아청소년과,3,신생아 호흡 힘듦
신생아 빠른 숨,소아청소년과,2,신생아 빠른 호흡
신생아 코 벌렁거림,소아청소년과,2,신생아 콧공 벌렁거림
신생아 폐렴,소아청소년과,3,신생아 선천성 폐렴
신생아 기침,소아청소년과,2,신생아 기침
신생아 열감염,소아청소년과,2,신생아 감염열
신생아 흡인,소아청소년과,3,신생아 흡인성 폐렴
신생아 양수 흡인,소아청소년과,2,신생아 태변 흡인
신생아 공기 주머니,소아청소년과,3,신생아 기흉
신생아 간질성 기종,소아청소년과,2,신생아 폐 공기 누출
신생아 종격동 공기,소아청소년과,2,신생아 종격동 공기증
신생아숨이찼,소아청소년과,3,신생아 호흡곤란
신생아기침피,소아청소년과,2,신생아 기침 및 가래
신생아피흡수,소아청소년과,3,신생아 피 섞인 분비물
신생아만성숨곤란,소아청소년과,3,신생아 만성 호흡곤란
신생아산소필요,소아청소년과,3,신생아 산소 의존
미숙아호흡음이상,소아청소년과,2,신생아 호흡음 비정상
신생아호흡가빠,소아청소년과,2,신생아 빠른 호흡
신생아무호흡,소아청소년과,3,신생아 무호흡 발작
신생아숨멈춤,소아청소년과,3,신생아 호흡 일시 정지
신생아맥박이상,소아청소년과,3,신생아 부정맥
신생아청색증,소아청소년과,3,신생아 피부 청색증
신생아허약약해,소아청소년과,2,신생아 전반적 허약
신생아바이러스감염,소아청소년과,3,신생아 바이러스 감염
신생아발진열,소아청소년과,2,신생아 발진 및 발열
신생아간비장종대,소아청소년과,2,신생아 간·비장 부어남
신생아균감염심각,소아청소년과,3,신생아 세균 감염
신생아열나고처져,소아청소년과,3,신생아 고열 또는 저체온
신생아보채며먹지않아,소아청소년과,2,신생아 수유곤란·보채임
신생아기생충감염,소아청소년과,2,신생아 기생충 감염
신생아결핵노출,소아청소년과,2,신생아 결핵 감염
신생아성병감염,소아청소년과,2,신생아 성병 감염
배꼽염증빨강,소아청소년과,3,배꼽 염증 및 발적
배꼽에서고름,소아청소년과,3,배꼽 화농 및 분비물
배꼽냄새악취,소아청소년과,2,배꼽 악취
신생아감염증상,소아청소년과,2,신생아 감염 증상
신생아소화기감염,소아청소년과,2,신생아 소화기 감염
신생아피부감염,소아청소년과,2,신생아 피부 감염
신생아빈혈창백,소아청소년과,3,신생아 빈혈 및 창백함
신생아혈액소실,소아청소년과,3,신생아 혈액 손실
신생아황달심해,소아청소년과,2,신생아 황달 심화
배꼽출혈피흐른다,소아청소년과,3,배꼽 출혈
제대출혈멈추지않아,소아청소년과,3,제대(배꼽) 지속 출혈
배꼽피많이흘러,소아청소년과,3,배꼽에서 많은 양의 출혈
신생아머리안부어오름,소아청소년과,2,신생아 두부 부종
신생아경련발작,소아청소년과,3,신생아 경련
신생아의식저하무기력,소아청소년과,3,신생아 의식 변화
신생아출혈,소아청소년과,3,신생아 출혈
검은색대변,소아청소년과,2,검은색 대변
피부출혈반,소아청소년과,2,피부 출혈반
두피혈종,소아청소년과,2,두피 혹
장기내출혈,소아청소년과,3,내부 출혈 의심
신생아황달심함,소아청소년과,3,심한 황달
용혈성질환,소아청소년과,3,용혈성질환
혈액형부적합,소아청소년과,2,혈액형 부적합
호흡곤란신생아,소아청소년과,3,호흡 어려움
신생아경직,소아청소년과,2,몸이 뻣뻣한 상태
신경손상위험,소아청소년과,3,신경 손상 위험
황달높음,소아청소년과,3,황달 수치 높음
피부노래색,소아청소년과,2,피부가 노란색
백의노래색,소아청소년과,2,눈의 흰자가 노란색
황달지속,소아청소년과,2,황달이 지속됨
혈액응고장애,소아청소년과,3,혈액 응고 장애
출혈멈추지않음,소아청소년과,3,출혈이 멈추지 않음
혈소판저하,소아청소년과,2,혈소판 수치 낮음
신생아빈혈,소아청소년과,2,빈혈
혈액수치낮음,소아청소년과,2,혈액 수치가 낮음
저혈당,소아청소년과,3,혈당이 낮음
신생아저혈당증,소아청소년과,3,저혈당증
경련신생아,소아청소년과,2,경련
저칼슘혈증,소아청소년과,3,칼슘 수치가 낮음
신생아경련칼슘,소아청소년과,2,경련(칼슘 부족)
저마그네슘,소아청소년과,2,마그네슘 수치가 낮음
신생아갑상선저하,소아청소년과,2,갑상선 기능 저하
신생아호흡곤란증후군,소아청소년과,2,호흡곤란 증후군
신생아 전해질 불균형,소아청소년과,3,신생아 전해질·대사 이상
신생아 저나트륨혈증,소아청소년과,2,신생아 나트륨 수치 저하
신생아 저칼슘혈증,소아청소년과,2,신생아 칼슘 부족
낭성섬유증 장폐색,소아청소년과,3,신생아 태변장폐색
신생아 태변배출 안 됨,소아청소년과,3,태변 배출 곤란
신생아 복부팽만,소아청소년과,2,신생아 배 부풀어오름
신생아 장폐색,소아청소년과,3,신생아 장막힘
신생아 복부팽창,소아청소년과,3,신생아 배 부풀어 있음
신생아 구토·구역질,소아청소년과,2,신생아 토하고 구역거림
신생아 괴사성장염,소아청소년과,3,신생아 장벽 괴사
신생아 검은색 변,소아청소년과,3,신생아 검은색 또는 혈변
신생아 복부 경직,소아청소년과,2,신생아 배 딱딱해짐
신생아 소화기 문제,소아청소년과,2,신생아 소화계 이상
신생아 복부불편,소아청소년과,2,신생아 배 불편함
신생아 소화 곤란,소아청소년과,2,신생아 음식 소화 안 됨
신생아 저체온,소아청소년과,3,신생아 체온 낮음
신생아 몸이 차가움,소아청소년과,3,신생아 몸이 차고 식음
신생아 떨림,소아청소년과,2,신생아 몸 떨림
신생아 체온 조절 불능,소아청소년과,3,신생아 체온 조절 이상
신생아 고열,소아청소년과,3,신생아 열 많음
신생아 체온 변동,소아청소년과,2,신생아 체온 오락가락함
신생아 피부 문제,소아청소년과,2,신생아 피부 이상
신생아 피부박리,소아청소년과,2,신생아 피부 벗겨짐
신생아 피부발진,소아청소년과,2,신생아 피부 발진
신생아 몸 경직,소아청소년과,3,신생아 몸 굳어짐
신생아 흰자위 들림,소아청소년과,2,신생아 눈동자 치우침
신생아 뇌 상태 이상,소아청소년과,2,신생아 의식 이상
신생아 반응 둔함,소아청소년과,2,신생아 반응 없음
신생아 졸음,소아청소년과,2,신생아 자꾸 졸려함
신생아 모유 안 먹음,소아청소년과,3,신생아 젖 못 빨음
신생아 수유 곤란,소아청소년과,3,신생아 먹는데 어려움
신생아 토함,소아청소년과,2,신생아 먹고 토함
신생아 약물 부작용,소아청소년과,2,신생아 투여 약물 이상 반응
신생아 약물 독성,소아청소년과,2,신생아 약물 중독 증상
신생아 약 반응,소아청소년과,2,신생아 약물 반응
신생아 근육긴장이상,소아청소년과,3,신생아 근육 톤 저하
신생아 뻣뻣함,소아청소년과,2,신생아 근육 경직
신생아 처진근육,소아청소년과,2,신생아 근긴장 저하
태아사망,산부인과,3,태아 사망
죽은 아기,산부인과,3,자궁 내 태아 사망
태아수축,산부인과,2,태아 운동 감소
신생아 선천성문제,소아청소년과,2,신생아 주산기 합병증
신생아 황달심해,소아청소년과,2,신생아 심한 황달
아기머리없음,소아청소년과,3,무뇌증
뇌기형,소아청소년과,3,뇌 기형
뇌발달부전,소아청소년과,2,뇌 발달 부전
뇌돌출,신경외과,3,뇌척수액 돌출
뇌탈출,신경외과,3,두개골 결손 부위
머리주머니혹,신경외과,2,두피 종괴
머리작음,소아청소년과,3,소두증
아기머리작아,소아청소년과,3,신생아 소두증
뇌용량부족,소아청소년과,2,두개골 용량 감소
뇌에물찼어,신경외과,3,수두증
선천성수두증,신경외과,3,선천성 뇌수종
머리커지는증상,신경외과,2,두위 증가
뇌기형있어,신경외과,3,선천성 뇌 기형
뇌연결이상,신경외과,2,뇌 연결 이상
뇌구조비정상,신경외과,2,뇌 구조 이상
척추갈라짐,신경외과,3,척추이분증
척추구멍,신경외과,3,척추 결손
허리등뒤혹,신경외과,2,척추 부위 혹
척수기형,신경외과,3,척수 기형
척수연결이상,신경외과,2,척수 연결 이상
척수발달부전,신경외과,2,척수 발달 부전
신경계기형,신경외과,3,신경계 기형
신경발달이상,신경외과,2,신경 발달 이상
말초신경이상,신경외과,2,말초 신경 이상
눈꺼풀기형,안과,3,선천성 안검 기형
눈물관막혔어,안과,3,선천성 누낭염
눈소켓이상,안과,2,안와 기형
눈이 없거나 작음,안과,3,눈 크기 선천적 이상
한쪽 눈이 유독 작음,안과,3,소안구증
눈이 비정상적으로 큼,안과,2,대안구증
렌즈 혼탁,안과,3,선천성 백내장
태어날 때부터 시력이 흐림,안과,2,선천성 렌즈 기형
눈 앞부분 기형,안과,2,홍채·각막 선천성 이상
검은자가 비정상,안과,3,동공 선천성 기형
각막이 흐림,안과,2,각막혼탁
망막이 제대로 안 생김,안과,3,망막 선천성 기형
시신경이 약함,안과,2,시신경 발육 부전
눈 뒤가 제대로 안 생김,안과,2,안저 기형
눈이 쌍꺼풀 같음,안과,2,눈꺼풀 선천성 이상
눈물관이 없음,안과,2,누도 선천성 기형
눈 위치가 비정상,안과,2,안구 위치 기형
귀가 들리지 않음,소아청소년과,3,선천성 청각장애
태어날 때부터 못들음,소아청소년과,3,선천성 난청
귀 안쪽이 없음,소아청소년과,2,내이 선천성 기형
귀가 비정상적,소아청소년과,2,귀 모양 선천성 기형
귀가 없거나 작음,소아청소년과,3,소이증·무이증
귀에서 분비물이 나옴,소아청소년과,2,이루공
얼굴이 비대칭,소아청소년과,2,안면 비대칭 선천성 기형
목에 구멍이나 혹이 있음,소아청소년과,2,경부 기형
턱이 비정상,소아청소년과,2,턱 선천성 기형
심장방이 연결 안 됨,소아청소년과,3,심실 연결 기형
심실이 한개만 있음,소아청소년과,3,단심실증
심방과 심실이 안 맞음,소아청소년과,2,심방심실 연결 이상
심장에 구멍이 있음,소아청소년과,3,심실중격결손
심방에 구멍이 있음,소아청소년과,3,심방중격결손
동맥관이 안 닫혀있음,소아청소년과,3,동맥관개존증
폐동맥 판막이 안 됨,소아청소년과,3,폐동맥 판막 기형
삼첨판이 안 됨,소아청소년과,3,삼첨판 기형
우심실이 발달 안 됨,소아청소년과,2,우심실 형성 부전
대동맥 판막이 안 됨,소아청소년과,3,대동맥 판막 기형
승모판이 안 됨,소아청소년과,3,승모판 기형
좌심실이 발달 안 됨,소아청소년과,2,좌심실 형성 부전
아기 심장잡음,소아청소년과,3,신생아 심장잡음
선천성 심장병,소아청소년과,3,선천성 심장 질환
파란 입술,소아청소년과,2,청색증
대동맥 이상,소아청소년과,3,대동맥 위치 이상
폐동맥협착,소아청소년과,3,폐동맥 협착
호흡곤란 신생아,소아청소년과,2,신생아 호흡 곤란
정맥 이상,소아청소년과,3,선천성 정맥 이상
상대정맥 증후군,소아청소년과,2,상대정맥 증후군
혈관 기형,소아청소년과,3,선천성 혈관 기형
팔다리 혈관 이상,소아청소년과,2,팔다리 혈관 발달 부전
순환계 기형,소아청소년과,2,선천성 순환계 이상
혈관종,소아청소년과,2,선천성 혈관종
코 막힘,소아청소년과,3,선천성 코 폐쇄
콧구멍 막혀있어,소아청소년과,3,비공폐쇄
쉰 목소리 신생아,소아청소년과,2,신생아 쉰 목소리
후두 협착,소아청소년과,3,선천성 후두 협착
흡식성 호흡곤란,소아청소년과,2,들숨 시 호흡 곤란
기관지 협착,소아청소년과,3,선천성 기관지 협착
기관 이상,소아청소년과,2,선천성 기관 기형
폐 저형성,소아청소년과,3,폐 발달 부전
선천성 폐 이상,소아청소년과,3,선천성 폐 기형
한쪽 폐 없어,소아청소년과,2,폐 무형성
호흡계 기형,소아청소년과,2,선천성 호흡계 이상
배에서 장기가,소아청소년과,2,복부 장기 탈출
입천장 갈라짐,소아청소년과,3,입천장 열림
동공 이상,소아청소년과,3,구개열
먹이 안 넘어가,소아청소년과,2,연하 곤란
입술 갈라짐,소아청소년과,3,입술 열림
언청이,소아청소년과,3,선천성 구순열
입술 기형,소아청소년과,2,입술 선천성 기형
입술갈림,소아청소년과,3,입술이 갈라진 증상
입천장갈림,소아청소년과,3,입천장이 갈라진 증상
구순구개열,소아청소년과,2,입술과 입천장 기형
혀기형,소아청소년과,3,혀 모양이 비정상적
입안기형,소아청소년과,3,입 안이 정상과 다른 증상
목안기형,소아청소년과,2,목 안쪽이 비정상적
식도막힘,소아청소년과,3,음식이 잘 넘어가지 않음
식도폐쇄,소아청소년과,3,식도가 막혀있는 증상
음식안넘어감,소아청소년과,2,삼킬 때 막혀서 어려움
위입구이상,소아청소년과,3,위 입구가 좁아진 증상
위협착,소아청소년과,3,위가 좁아서 음식이 안 내려감
상부소화기이상,소아청소년과,2,상부 소화기 구조 이상
소장막힘,소아청소년과,3,작은 창자가 막혀 있음
소장폐쇄,소아청소년과,3,소장이 통하지 않음
소장협착,소아청소년과,2,소장이 비정상적으로 좁음
대장막힘,소아청소년과,3,큰 창자가 막혀 있음
대장폐쇄,소아청소년과,3,대장이 통하지 않음
대장협착,소아청소년과,2,대장이 비정상적으로 좁음
장기형,소아청소년과,3,장의 구조가 비정상적
맹장위치이상,소아청소년과,2,맹장의 위치가 정상이 아님
회전이상,소아청소년과,3,장의 회전 이상
담낭기형,소아청소년과,3,담낭이 비정상적
담도폐쇄,소아청소년과,3,담도가 막혀있는 증상
간담도기형,소아청소년과,2,간과 담도 구조 이상
소화기기형,소아청소년과,2,소화기 구조가 비정상적
복부장기이상,소아청소년과,2,복부 장기에 이상이 있음
소화기계이상,소아청소년과,2,소화기계 발달이상
난소기형,산부인과,3,난소가 비정상적
나팔관기형,산부인과,3,나팔관이 정상이 아님
난소나팔관이상,산부인과,2,난소와 나팔관 구조 이상
자궁발달이상,산부인과,2,자궁 발달이 완전하지 않음
외음부기형,산부인과,3,외음부가 비정상적
여성생식기이상,산부인과,3,여성 생식기 구조 이상
음부기형,산부인과,2,음부에 발달이상
고환안내림,비뇨의학과,3,고환이 내려오지 않음
사타구니에뭔가만져짐,비뇨의학과,2,사타구니에서 만져지는 것 같음
한쪽고환없는것같음,비뇨의학과,2,고환 한쪽이 없거나 작음
요도입구위치이상,비뇨의학과,3,오줌 나오는 구멍 위치가 이상함
아래로오줌줄기휨,비뇨의학과,3,오줌이 아래쪽으로 나옴
음경모양이상,비뇨의학과,2,남성기 모양이 이상함
남성기발달이상,비뇨의학과,3,남성기 발달에 문제가 있음
성기크기작음,비뇨의학과,2,성기가 작은 것 같음
성별판정어려움,비뇨의학과,3,성별을 판정하기 어려움
남여특징섞여있음,비뇨의학과,3,남녀 특징이 섞여 있음
신장하나없음,비뇨의학과,3,신장이 하나만 있음
신장크기작음,비뇨의학과,2,신장이 작은 것 같음
신장발달부진,비뇨의학과,2,신장이 제대로 발달하지 않음
신장에물혹,비뇨의학과,3,신장에 물혹이 있음
신장에낭종,비뇨의학과,3,신장에 낭종이 있음
신장구조이상,비뇨의학과,2,신장 구조가 비정상임
신우막힘,비뇨의학과,3,신우에서 소변이 잘 안 내려옴
요관막힘,비뇨의학과,3,요관이 좁거나 막혀있음
신장소변배출이상,비뇨의학과,2,신장에서 소변이 제대로 안 나옴
신장모양이상,비뇨의학과,2,신장 모양이 이상함
신장위치이상,비뇨의학과,2,신장 위치가 평소와 다름
신장구조문제,비뇨의학과,2,신장의 내부 구조에 문제가 있음
요도기형,비뇨의학과,2,요도가 제대로 형성되지 않음
방광문제,비뇨의학과,2,방광 형성에 이상이 있음
요도협착,비뇨의학과,2,요도가 좁아짐
고관절기형,정형외과,3,고관절이 빠진 것 같음
엉덩이뼈탈구,정형외과,3,엉덩이 뼈가 어긋나 있음
다리길이다름,정형외과,2,다리 길이가 다름
발이굽은모양,정형외과,3,발이 안쪽으로 굽어있음
발가락모양이상,정형외과,2,발가락 모양이 이상함
발바닥모양기형,정형외과,2,발바닥이 평발이거나 굽어있음
가슴변형,정형외과,2,가슴이 오목하거나 볼록함
얼굴뼈발달이상,정형외과,2,얼굴 모양이 비대칭이거나 이상함
손가락많음,소아청소년과,3,손가락이 많아요
발가락많음,소아청소년과,3,발가락이 많아요
여분의손가락,소아청소년과,2,여분의 손가락
손가락붙어있음,소아청소년과,3,손가락이 붙어있어요
발가락붙어있음,소아청소년과,3,발가락이 붙어있어요
손가락융합,소아청소년과,2,손가락이 융합되어 있어요
손가락짧음,소아청소년과,3,손가락이 짧거나 없어요
손목기형,소아청소년과,3,손목이 작거나 변형되어 있어요
팔못생김,소아청소년과,2,팔이 덜 발달했어요
발가락짧음,소아청소년과,3,발가락이 짧거나 없어요
발목기형,소아청소년과,3,발이 작거나 변형되어 있어요
다리못생김,소아청소년과,2,다리가 덜 발달했어요
팔다리짧음,소아청소년과,3,팔다리가 짧거나 작아요
사지기형,소아청소년과,2,팔다리가 덜 발달했어요
팔다리못생김,소아청소년과,2,팔다리의 형태가 비정상적이에요
팔다리휜것,소아청소년과,2,팔다리가 휘어있어요
관절문제,소아청소년과,2,관절이 경직되거나 움직여요
팔다리위치이상,소아청소년과,2,팔다리의 위치가 비정상적이에요
골격변형,소아청소년과,2,골격이 변형되어 있어요
몸이비틀려,소아청소년과,2,몸이 비틀려 있어요
얼굴뼈이상,소아청소년과,3,얼굴 뼈가 비정상적이에요
턱작음,소아청소년과,2,턱이 작아요
척추기형,소아청소년과,3,척추가 비정상적으로 구부러져 있어요
등휨,소아청소년과,3,등이 심하게 휘어있어요
갈비뼈이상,소아청소년과,2,갈비뼈가 비정상적이에요
키가너무작음,소아청소년과,3,키가 또래보다 많이 작아요
팔다리길이차,소아청소년과,3,팔다리 길이가 다르고 짧아요
뼈길이부족,소아청소년과,2,뼈가 제대로 자라지 않았어요
뼈발달이상,소아청소년과,2,뼈 발달에 문제가 있어요
움직임제한,소아청소년과,2,팔다리의 움직임이 제한되어 있어요
생선비늘같은피부,피부과,3,물고기비늘처럼 건조한 피부
심한건성피부,피부과,3,태어날 때부터 극심한 피부 건조증
갈라지는피부,피부과,2,피부가 자주 갈라지고 벗겨짐
피부벗겨짐,피부과,3,살짝 만져도 피부가 벗겨지고 상처남
피부약함,피부과,2,약한 자극에도 피부가 손상됨
유방변형,산부인과,3,가슴 모양이 비정상적으로 발달
유방불균형,산부인과,2,양쪽 가슴 크기가 심하게 다름
유두이상,산부인과,2,유두 형태가 정상과 다름
손가락변형,정형외과,3,손가락이 많거나 합쳐져 있음
발가락이상,정형외과,3,발가락 개수나 형태가 비정상
손톱이상,피부과,2,손톱이 없거나 비정상적으로 자람
얼굴반점,피부과,2,얼굴에 특징적인 갈색 반점들
신경피부증상,신경과,2,피부 병변과 신경계 증상이 함께 있음
여러장기기형,소아청소년과,3,여러 장기에 걸쳐 기형이 있음
심장기형,소아청소년과,3,선천성 심장 구조 이상
정신발달지연,소아청소년과,2,지능 발달이 또래보다 뒤떨어짐
신체기형,소아청소년과,2,신체에 설명 안 되는 여러 기형
내부장기이상,소아청소년과,2,초음파에서 내장기 구조 이상
유선증후군,소아청소년과,3,얼굴 특징과 지능 발달 이상(21번 염색체)
다운증후군,소아청소년과,3,선천성 다운증후군 의심 증상
태아검진이상,산부인과,2,산전검사에서 다운증후군 표지자 발견
심한기형,소아청소년과,3,여러 심각한 선천성 기형
신생아기형,소아청소년과,3,출생 직후 심각한 신체 이상
염색체이상,소아청소년과,2,염색체 수 이상으로 인한 기형
염색체부분이상,소아청소년과,2,염색체 일부 결손이나 중복
삼염색체,소아청소년과,2,같은 염색체가 3개(삼체성)
지능저하,소아청소년과,2,인지능력 저하
염색체구조이상,소아청소년과,2,염색체 구조 이상
불임,산부인과,2,임신이 안 됨
터너증후군,소아청소년과,3,터너 증후군
저신장,소아청소년과,3,키가 작음
사춘기지연,소아청소년과,2,사춘기 발달 지연
성염색체이상여성,소아청소년과,2,성염색체 이상 증상
초경지연,산부인과,2,월경이 늦음
2차성징부족,소아청소년과,2,2차 성징 부족
성염색체이상남성,소아청소년과,2,성염색체 이상 증상
남성불임,비뇨의학과,2,정자 생성 이상
사춘기미발달,소아청소년과,2,사춘기 미발달
발달부진,소아청소년과,2,발달이 늦음
선천기형,소아청소년과,2,선천적 기형
맥이빨라,내과,3,맥박이 빠름
심음이상,내과,2,심장 소리가 이상함
휘슬소리,내과,2,심장에서 색색거리는 소리
괴사,외과,3,조직이 썩음
괴저,외과,3,피부가 검게 변함
조직괴사,외과,2,조직 괴사
혈압높아,내과,2,혈압이 높음
혈압낮아,내과,2,혈압이 낮음
혈압이상,내과,2,혈압이 비정상
기침피,내과,3,기침할 때 피가 남
가래피,내과,3,가래에 피가 섞여 나옴
폐출혈,내과,2,폐에서 출혈
마른기침,내과,2,가래 없이 기침만 함
목이칼칼,이비인후과,2,목이 칼칼해서 기침함
숨쉬기힘들어,내과,3,호흡곤란
헐떡거려,내과,2,과호흡
목이따가워,이비인후과,2,인후통
가슴앞통증,내과,3,흉통
가슴철렁해,내과,2,흉부불편감
심장철렁거려,내과,3,심계항진
맥박이빨라,내과,2,빈맥
윗배통증,내과,3,상복부통증
아래배아파,내과,2,하복부통증
구역질나,내과,3,오심
토할것같아,내과,2,오심
토해,내과,3,구토
신물올라와,내과,3,속쓰림
속이쓰려,내과,3,속쓰림
음식이안내려가,내과,3,연하곤란
목에걸려,내과,2,연하곤란
삼키기힘들어,내과,3,연하곤란
방귀많이나와,내과,2,방귀
배부글거려,내과,3,복부팽만감
배가더부둑해,내과,2,복부팽만
똥이자꾸새,내과,3,대변실금
변을못참아,내과,3,대변실금
항문조절이안돼,내과,2,대변실금
간이커져,내과,3,간비대
배왼쪽혹이만져져,내과,3,비장비대
우상복부만져지는게,내과,2,간비대
눈이노래,내과,3,황달
피부가노래,내과,3,황달
소변색이짙어,내과,2,고빌리루빈혈증
배에물차있어,내과,3,복수
배가부어올라,내과,3,복수
배가자꾸차올라,내과,2,복수
감각둔화,신경과,2,피부 감각이 무디어짐
여드름같은발진,피부과,2,여드름처럼 작은 발진
피부붉어짐,피부과,2,피부가 붉고 뭔가 올라옴
피부부어오름,피부과,3,피부가 붓고 덩어리가 만져짐
피부색변화,피부과,2,피부 색깔이 변함
피부질감변화,피부과,2,피부가 거칠어지거나 두꺼워짐
보행곤란,정형외과,3,걸을 때 힘들거나 불편해요
걸음이상,정형외과,3,걸음걸이가 이상해요
운동조화부족,재활의학과,2,몸을 조정하기 힘들고 어색해요
균형감각떨어짐,신경과,2,균형을 잡기 어려워요
소변아픔,비뇨의학과,3,소변이 아파요
소변피,비뇨의학과,3,소변이 빨갛거나 피색이에요
소변색이상,비뇨의학과,2,소변이 평소와 다르게 빨라요
소변조절안됨,비뇨의학과,3,소변을 참을 수 없어요
오줌흘림,비뇨의학과,2,소변을 흘려요
소변이 안나와,비뇨의학과,3,배뇨곤란
오줌을 못봐,비뇨의학과,3,요폐
하복부가 팽팽해,비뇨의학과,2,방광팽만감
오줌이 안나와,비뇨의학과,3,무뇨
소변을 거의 못봐,비뇨의학과,3,핍뇨
하루종일 소변이 적어,비뇨의학과,2,뇨량감소
소변을 자주봐,비뇨의학과,3,빈뇨
밤에 계속 화장실을 가,비뇨의학과,3,야뇨증
소변이 많이 나와,비뇨의학과,2,다뇨
요도에서 분비물이 나와,비뇨의학과,3,요도분비물
요도에서 고름같은게 나와,비뇨의학과,3,농성요도분비
요도입구에서 진물이 나와,비뇨의학과,2,요도누출
배뇨할 때 통증이 있어,비뇨의학과,3,배뇨통
소변이 탁해,비뇨의학과,2,탁뇨
계속 졸려,신경과,3,기면증
깨어나기 힘들어,신경과,2,수면과다
정신이 흐릿해,신경과,2,의식혼탁
기억력이 떨어져,신경과,3,기억력감소
생각이 또렷하지 않아,신경과,3,인지기능저하
집중을 못해,신경과,2,집중력장애
어지러워,신경과,3,현훈
핑 도네,신경과,3,어지럼증
세상이 빙글빙글 돌아,신경과,2,회전성현훈
냄새를 못맡아,신경과,3,후각감퇴
맛이 이상해,신경과,3,미각이상
음식맛이 안나,신경과,2,미각감소
몸이 저릿저릿해,신경과,3,감각이상
얼얼한 느낌이 있어,신경과,2,감각둔화
피부가 화끈거려,신경과,2,작열감
기분이 안좋아,정신건강의학과,3,우울증상
불안감이 있어,정신건강의학과,3,불안증상
감정변화가 심해,정신건강의학과,2,기분변화
말을 이상하게 해,정신건강의학과,2,언어이상
움직임이 불규칙해,정신건강의학과,2,운동이상
말을 더듬어,신경과,2,말더듬
발음이 어눌해,신경과,2,발음 곤란
말이 나오지 않아,신경과,3,언어 표현 곤란
글을 읽기가 힘들어,신경과,2,읽기 곤란
글자가 뒤바뀌어 보여,신경과,2,글자 인식 곤란
숫자를 헷갈려,신경과,2,기호 이해 곤란
목소리가 쉬어,이비인후과,3,성대 잠김
음성이 나오지 않아,이비인후과,3,발성 곤란
목이 타서 목소리가 잘 안 나와,이비인후과,2,성대 불편감
열이 자꾸 나,내과,2,반복되는 발열
이유 없이 열이 나,내과,3,원인 불명 발열
자주 미열이 있어,내과,2,저열 지속
머리가 아파,신경과,3,두통
뒷목이 뻣뻣해,신경과,2,후두부 통증
몸이 아파,마취통증의학과,2,전신 통증
만성적으로 통증이 있어,마취통증의학과,3,만성 통증
몸이 나른해,내과,2,피로감
아무것도 하기 싫어,정신건강의학과,2,무기력감
나이가 많아서 관리 받고 싶어,가정의학과,2,노인 건강검진
노화 증상이 심해,가정의학과,2,노화 관련 증상
인지 기능이 떨어졌어,신경과,2,인지 기능 저하
갑자기 쓰러졌어,신경과,3,의식소실
어지러워서 넘어졌어,신경과,2,현기 발작
눈이 어두워졌다가 깨어났어,신경과,2,일시적 의식저하
경련이 일어났어,신경과,3,경련 발작
몸을 못 가누고 경직돼,신경과,2,강직성 경련
눈이 뒹굴면서 경련해,신경과,2,전신 경련
혈압이 자꾸 떨어져,내과,2,저혈압 증상
창백해지고 식은땀이 나,내과,3,쇼크 증상
맥박이 약해져,내과,2,맥약화
코에서 자꾸 피가 나,이비인후과,2,코피
잇몸에서 피가 나,치과,2,잇몸 출혈
피가 자꾸 나,내과,3,출혈 경향
목 임파선,내과,2,목의 임파선 부종
겨드랑이 몽우리,내과,2,겨드랑이 림프절 종대
붓기,내과,2,부종
다리 부음,내과,2,다리가 부어오름
얼굴이 붓고,내과,2,얼굴 부종
땀이 많이,내과,2,과다 발한
밤에 식은땀,내과,2,야간 발한
성장 안 됨,소아청소년과,3,성장 발달 지연
아이 키 안 큼,소아청소년과,3,소아 발육 부진
아기 발달 느림,소아청소년과,3,발달 지연
음식 못 삼킴,내과,2,연하곤란
밥 잘 안 넘어감,내과,2,연하 곤란
물 마시기 힘들어,내과,2,음식물 섭취 곤란
살이 빠져,내과,2,체중 감소
극도로 말라,내과,3,악액질
뼈만 남음,내과,2,심한 체중 감량
몸이 떨려,내과,2,발열 및 오한
혈침 결과 이상,내과,2,혈침속도 증가
염증 수치 높음,내과,2,염증 지표 상승
적혈구 이상,내과,2,적혈구 수치 이상
백혈구 높음,내과,2,백혈구 수 증가
감염 위험,내과,2,백혈구 이상
혈당높음,내과,3,혈당 수치 높음
당뇨수치,내과,2,혈당 검사 결과 비정상
공복혈당높아,내과,2,공복 혈당 상승
효소수치높음,내과,3,간효소 수치 이상
간수치비정상,내과,2,간기능 검사 이상
GOT GPT높아,내과,2,간 효소 상승
HIV양성,내과,3,HIV 항체 양성
에이즈검사양성,내과,3,HIV 검사 결과 양성
면역검사이상,내과,2,면역 관련 검사 이상
항체비정상,내과,3,면역 항체 수치 비정상
면역글로불린높음,내과,2,면역글로불린 상승
자가항체양성,내과,2,자가항체 검사 양성
단백질비정상,내과,3,혈청 단백질 이상
알부민수치낮음,내과,2,알부민 수치 저하
약물검사양성,내과,3,혈중 약물 성분 검출
독성물질검출,내과,2,독성 물질 검출
부정확한약물대사,내과,2,혈액 화학 검사 이상
혈액화학이상,내과,3,혈청 화학 검사 비정상
전해질비정상,내과,2,전해질 불균형
혈중칼슘높음,내과,2,칼슘 수치 이상
소변단백뇨,내과,3,소변 단백질 검출
단백뇨양성,비뇨의학과,2,단백뇨 양성
소변검사단백,내과,2,소변 단백 이상
소변당뇨,내과,3,소변에서 포도당 검출
뇨당양성,비뇨의학과,2,당뇨뇨 양성
소변검사당,내과,2,소변 당 성분 이상
뇨검사비정상,비뇨의학과,2,소변 화학 검사 이상
소변백혈구높음,비뇨의학과,2,소변 백혈구 증가
뇌척수액비정상,신경과,3,뇌척수액 검사 이상
뇌탈액검사이상,신경과,2,뇌척수액 성분 비정상
뇌척수액염증,신경과,2,뇌척수액 염증 반응
호흡기검사이상,내과,3,폐 검체 검사 비정상
가래검사비정상,내과,2,객담 검사 결과 이상
폐액검사이상,내과,2,흉수 검사 이상
소화기검사이상,내과,2,소화기 검사 결과 이상
위내시경이상,내과,2,위내시경 검사 이상 소견
대장검사비정상,내과,2,대장 검사 결과 비정상
전립선검사비정상,비뇨의학과,2,전립선 검사 비정상
자궁경부검사이상,산부인과,3,자궁경부 검사 결과 이상
자궁검사비정상,산부인과,2,자궁 검사 비정상
여성검진이상,산부인과,2,여성 검진 결과 이상
조직검사이상,내과,2,조직 검사 결과 이상
생검결과비정상,내과,2,생검 결과 비정상
뇌MRI이상,신경과,3,뇌 MRI 검사 이상
뇌CT비정상,신경과,3,뇌 CT 검사 비정상
뇌영상검사이상,신경과,2,뇌 영상 검사 결과 이상
폐사진이상,내과,3,흉부 X선 검사 이상
폐CT비정상,내과,3,폐 CT 검사 비정상
폐영상이상,내과,2,폐 영상 검사 결과 이상
유방검사이상,산부인과,3,유방 검사 결과 이상
유방촬영비정상,산부인과,3,유방 촬영 검사 비정상
유방영상이상,산부인과,2,유방 영상 검사 이상
복부초음파이상,내과,2,복부 초음파 검사 이상
척추영상비정상,정형외과,2,척추 영상 검사 비정상
골밀도검사이상,정형외과,2,골밀도 검사 결과 이상
심전도비정상,내과,3,심전도 검사 결과 비정상
폐기능검사이상,내과,2,폐기능 검사 결과 이상
신기능검사비정상,내과,2,신장 기능 검사 비정상
이마멍,외과,2,이마 멍
두피벗겨짐,외과,2,두피 벗겨짐
머리베인상처,외과,3,머리 베인 상처
두피출혈,외과,3,머리에서 피남
머리열린상처,외과,3,머리 깊은 상처
두개골골절,신경외과,3,머리뼈 부러짐
광대뼈부러짐,신경외과,3,광대뼈 골절
턱뼈부러짐,신경외과,3,턱뼈 부러짐
턱관절어긋남,정형외과,3,턱관절 탈구
목삠,정형외과,2,목 삠
얼굴신경손상,신경과,3,안면신경 손상
입이틀어짐,신경과,2,입이 옆으로 틀어짐
눈충격,안과,3,눈 충격 후 통증
시력흐림,안과,3,눈 다친 후 시야 흐림
안구출혈,안과,3,눈흰자 피남
머리짓밟힘,외과,3,머리가 짓밟힌 상태
두피손상심함,외과,3,머리 광범위 손상
얼굴으스러짐,외과,3,얼굴이 으스러진 상태
귀잘림,외과,2,귀 절단
코끝절단,외과,2,코 일부 절단
두피박리,외과,2,두피 벗겨짐
목찰과상,외과,2,목 표면 상처
목베임,외과,3,목 열린상처
목에서피가,외과,3,목 출혈
목상처,외과,2,목 외상성 손상
목뼈부러짐,신경외과,3,목뼈 골절
경추부러짐,신경외과,3,경추 골절
목뼈다쳤어,신경외과,2,목뼈 외상
목삐끗,정형외과,3,목 염좌
목관절어긋,정형외과,3,목관절 탈구
목인대늘어남,정형외과,2,목 인대손상
목저림,신경외과,3,목 신경손상
손발저린증상,신경외과,3,척수손상 증상
목감각이없어,신경외과,2,목 신경감각손상
목에서계속피흘러,신경외과,3,목 혈관손상
목맥박약해짐,신경외과,3,목 혈류손상
목붓고파란멍,외과,2,목 혈종
목근육손상,정형외과,3,목 근육손상
목힘이안들어가,정형외과,2,목 근력약화
목건통증,정형외과,2,목 건손상
목눌린데로통증,신경외과,3,목 압궤손상
목으깬상처,신경외과,3,목 기계적손상
목심하게손상,신경외과,2,목 심각손상
목절단,신경외과,3,목 외상성절단
목일부떨어짐,신경외과,3,목 부분절단
가슴피부상처,외과,3,가슴 피부손상
가슴흠집,외과,2,가슴 찰과상
가슴멍들었어,외과,2,가슴 타박상
가슴베인상처,외과,3,가슴 열린상처
가슴에서피흘러,외과,3,가슴 외상성출혈
가슴깊은상처,외과,3,가슴 관통손상
갈비뼈부러짐,정형외과,3,늑골 골절
가슴뼈금가갔어,정형외과,3,흉골 골절
흉추부러짐,신경외과,3,흉추 골절
갈비뼈아파,정형외과,3,갈비뼈 통증
가슴저림,신경과,2,가슴 저림증
팔저린다,신경외과,2,팔 저림
등저림,신경과,3,등 저림증
가슴출혈,외과,3,가슴 부위 출혈
가슴멍,외과,2,가슴 타박상
가슴통증심함,외과,2,심한 가슴 통증
복부출혈,외과,3,복부 출혈
폐손상,내과,2,호흡곤란 증상
흉부외상,외과,2,흉부 타박상
흉부손상,외과,3,흉부 손상
가슴부위상처,외과,2,가슴 부위 상처
복부상처,외과,2,복부 상처
복부찰과상,외과,2,복부 찰과상
복부타박상,외과,2,복부 타박상
배열린상처,외과,3,복부 열린 상처
배깊은상처,외과,3,복부 깊은 상처
척추골절,신경외과,3,요추 골절
골반골절,정형외과,3,골반 골절
허리삐끗,정형외과,3,허리 염좌
허리저림,신경과,2,허리 저림증
다리저린다,신경과,3,다리 저림
엉덩이저림,신경과,2,엉덩이 저림증
허리혈관손상,외과,2,허리 혈관 손상
골반통증출혈,외과,2,골반부 출혈성 통증
장기손상,외과,3,내장기 손상
복부내부통증,외과,3,복부 내부 통증
간신장손상,외과,2,간·신장 손상
소변출혈,비뇨의학과,3,소변에서 피
신장손상,비뇨의학과,3,신장 손상
복부절단손상,외과,3,복부 절단 손상
압궤손상,외과,3,압궤 손상
골반외상,외과,2,골반부 외상
허리멍울,재활의학과,2,허리 타박상
골반부상,외과,2,골반부 부상
어깨찰과상,정형외과,2,어깨 찰과상
팔멍울,정형외과,2,팔 타박상
어깨베인상처,외과,3,어깨 열린 상처
팔베임,외과,3,팔 베인 상처
어깨출혈상처,외과,2,어깨 출혈성 상처
어깨뼈골절,정형외과,3,어깨뼈 골절
팔뼈부러짐,정형외과,3,팔뼈 부러짐
쇄골골절,정형외과,3,쇄골 골절
어깨탈구,정형외과,3,어깨 탈구
어깨삔,정형외과,2,어깨 삐끗함
어깨인대손상,정형외과,2,어깨 인대 손상
어깨신경손상,신경과,3,어깨 신경 손상
팔감각둔화,신경과,2,팔 감각 둔화
팔혈관손상,외과,3,팔 혈관 손상
어깨혈관출혈,외과,2,어깨 혈관 출혈
팔맥박약함,외과,2,팔 맥박 약함
팔근육손상,정형외과,3,팔 근육 손상
어깨힘풀림,정형외과,2,어깨 힘이 풀림
팔힘줄손상,정형외과,2,팔 힘줄 손상
어깨깔린,정형외과,3,어깨 압상 손상
위팔으스러짐,정형외과,3,위팔 압박 손상
팔뭉개짐,정형외과,2,팔 광범위 압상
어깨잘림,정형외과,3,어깨 절단
팔절단,정형외과,3,팔 절단 손상
위팔끊김,정형외과,3,위팔 절단
팔다침,정형외과,2,팔 둔상
위팔멍,정형외과,2,위팔 타박
팔걸렸어,외과,2,팔 표재성 손상
팔벗겨짐,외과,2,팔 피부 벗겨짐
앞팔까짐,외과,2,전완부 찰과상
팔상처난,외과,3,팔 깊은 상처
앞팔갈라짐,외과,2,전완부 열린 상처
팔부러짐,정형외과,3,팔뼈 골절
팔꺾임,정형외과,3,팔 골절
앞팔골절,정형외과,3,전완 골절
팔이탈,정형외과,3,팔꿈치 탈구
팔꿈치삐끗,정형외과,2,팔꿈치 염좌
팔꿈치늘어남,정형외과,2,팔꿈치 인대 손상
손가락감각없어,신경과,3,손가락 감각 소실
팔힘빠짐,신경과,2,팔 근력 저하
팔출혈,외과,3,팔 혈관 손상
팔팽창,외과,2,팔 부종
팔색변함,외과,2,팔 혈류 부족
팔근육끊김,정형외과,3,팔 근육 손상
팔힘줄늘어남,정형외과,3,팔 건(힘줄) 손상
손목움직임안됨,정형외과,2,손목 운동 제한
앞팔뭉개짐,정형외과,3,전완 압상
팔으스러짐,정형외과,3,팔 압박 손상
팔깔린상태,정형외과,2,팔 광범위 압박
손가락잘림,정형외과,3,손가락 절단
손절단,정형외과,3,손 절단 손상
팔끝절단,정형외과,3,전완 절단
팔뚝 통증,정형외과,2,팔뚝 통증
팔뚝 멍,정형외과,2,팔뚝 멍·타박
팔뚝 붓기,정형외과,2,팔뚝 부종
손목 까짐,외과,2,손목·손 표면 상처
손 긁힘,외과,2,손 찰과상
손가락 까짐,외과,2,손가락 표면 손상
손목 베임,외과,3,손목·손 깊은 상처
손 관통상,외과,3,손 열린 상처
손가락 베었어,외과,3,손가락 절단 상처
손목 골절,정형외과,3,손목 뼈 부러짐
손가락 부러짐,정형외과,3,손가락 골절
손 뼈 부러졌어,정형외과,3,손 뼈 손상
손목 삐끗,정형외과,3,손목 염좌·삐끗
손목 어긋났어,정형외과,3,손목 탈구
손가락 접질림,정형외과,2,손가락 염좌
손가락 감각 없음,신경과,2,손가락 감각 이상
손 마비,신경과,2,손 마비·힘 빠짐
손목 피 안 멈춤,외과,2,손목·손 출혈
손가락 피 흐름,외과,2,손가락 혈관 손상
손 피 흐르는데 안 멈춤,외과,2,손 지속 출혈
손목 힘 안 들어감,정형외과,2,손목 근력 약화
손 움직임 어려워,정형외과,2,손 운동 제한
손가락 펼쳐지지 않음,정형외과,2,손가락 운동 장애
손 으깨짐,외과,3,손 압궤손상
손가락 짓눌림,외과,3,손가락 압박 손상
손목 짓눌렸어,외과,3,손목 압궤 손상
손가락 잘림,외과,3,손가락 절단
손 절단,외과,3,손 외상성 절단
손목 잘렸어,외과,3,손목 절단 손상
넓적다리 까짐,외과,2,넓적다리 표면 상처
허벅지 긁혔어,외과,2,허벅지 찰과상
엉덩이 멍,외과,2,엉덩이 타박상
허벅지상처,외과,3,엉덩이·넓적다리 열린 상처
넓적다리피남,외과,3,넓적다리 출혈·피흘림
엉덩이상처,외과,2,엉덩이 깊은 상처·찢김
넓적다리뼈금,정형외과,3,허벅지뼈 부러짐
허벅지골절,정형외과,3,넓적다리 골절
대퇴골통증,정형외과,2,넓적다리뼈 통증·변형
엉덩이관절탈,정형외과,3,고관절 빠짐·탈구
사타구니삐끗,정형외과,3,엉덩이 인대 손상
넓적다리굳음,정형외과,2,허벅지 뻣뻣함·운동제한
허벅지저림,신경과,3,넓적다리 저림·감각둔화
넓적다리신경통,신경과,2,허벅지 신경통
사타구니마비,신경과,3,엉덩이·넓적다리 힘빠짐
허벅지혈관손상,외과,3,넓적다리 혈관 손상
엉덩이부종,외과,2,엉덩이·허벅지 부어오름
넓적다리멍,외과,2,허벅지 광범위 멍·혈종
넓적다리근육통,정형외과,3,허벅지 근육 손상
사타구니힘줄손상,정형외과,2,엉덩이 힘줄 손상
허벅지근육파열,정형외과,3,넓적다리 근육 끊어짐
넓적다리짓눌림,외과,3,허벅지 심한 압박상처
엉덩이짓눌림,외과,3,엉덩이 짓눌린 손상
사타구니압궤손상,외과,2,넓적다리 압궤 손상
넓적다리절단,외과,3,허벅지 절단
엉덩이절단,외과,3,엉덩이·넓적다리 절단
종아리찰과상,외과,2,종아리 벗겨진 상처
종아리피부손상,외과,2,종아리 피부 손상
종아리상처,외과,3,종아리 열린 상처·베임
정강이상처,외과,3,정강이 깊은 상처
종아리피남,외과,2,종아리 출혈
종아리골절,정형외과,3,종아리뼈 부러짐
발목골절,정형외과,3,발목뼈 골절
정강이뼈금,정형외과,3,정강이 골절
무릎 삐끗,정형외과,3,무릎 염좌
무릎 접질림,정형외과,3,무릎 접질린 증상
무릎 탈구,정형외과,2,무릎 관절 탈구
종아리 감각 없음,신경과,2,종아리 신경 이상
다리 마비,신경외과,2,다리 신경 손상
다리 붓고 멍,외과,2,다리 혈관 손상
종아리 심한 부종,외과,2,종아리 심한 부종
종아리 근육 당김,정형외과,3,종아리 근육 손상
다리 근육 끊어짐,정형외과,3,다리 근육 파열
종아리 건 손상,정형외과,2,종아리 힘줄 손상
다리 깔림,외과,2,다리 압박 손상
다리 짓눌림,외과,2,다리 압궤 손상
종아리 심한 손상,외과,2,종아리 조직 손상
다리 절단,외과,2,다리 외상성 절단
다리 절단 손상,외과,2,다리 절단 치료
발목 까짐,외과,2,발목 표면 손상
발목 상처,외과,2,발목 피부 찰과상
발목 깊은 상처,외과,2,발목 개방성 손상
발 베임,외과,2,발 열상 및 자상
발가락 상처,외과,2,발가락 개방성 손상
발 뼈 부러짐,정형외과,3,발 골절
발가락 골절,정형외과,3,발가락 뼈 부러짐
발 통증 및 부종,정형외과,2,발 뼈 손상
발목 삐끗,정형외과,3,발목 염좌
발목 접질림,정형외과,3,발목 관절 손상
발 탈구,정형외과,2,발 관절 탈구
발 저림,신경과,2,발 신경 손상
발가락 감각 없음,신경과,2,발가락 신경 이상
발 마비,신경외과,2,발 신경 손상
발목피멍,외과,2,발목 혈관 손상
발가락출혈,외과,2,발 혈관 손상으로 인한 출혈
발목붓고파랗게,외과,2,발목 혈관 손상으로 인한 부종
발목힘빠짐,정형외과,3,발목 근육·힘줄 손상
발가락움직임안됨,정형외과,3,발가락 근육·힘줄 손상
발목통증심하게,정형외과,2,발목 근육·힘줄 손상으로 인한 통증
발목으깨짐,정형외과,3,발목 압좌 손상
발가락으깨짐,정형외과,3,발가락 압좌 손상
발등눌려서상함,정형외과,2,발 압좌로 인한 조직손상
발가락잘림,외과,3,발가락 외상성 절단
발목끝잘림,외과,3,발목 외상성 절단
발이떨어져나감,외과,3,발 외상성 절단
발목타박상,정형외과,2,발목 타박상
여러곳찰과상,외과,2,여러 부위 표재성 손상
온몸긁혔어,외과,2,여러 부위 찰과상
여러곳벤상처,외과,3,여러 부위 개방성 창상
자상여러곳,외과,3,여러 부위 자상
찢어진상처많아,외과,3,여러 부위 열상
여러뼈부러짐,정형외과,3,여러 부위 골절
팔다리부러졌어,정형외과,3,팔다리 다중 골절
여러곳골절,정형외과,3,복합 골절
여러관절탈구,정형외과,3,여러 부위 탈구
여러곳삐끗했어,정형외과,2,여러 부위 염좌
여러곳근육늘어남,정형외과,2,여러 부위 근육 긴장 손상
여러곳으깨짐,정형외과,3,여러 부위 압좌 손상
팔다리으깨짐,정형외과,3,팔다리 압좌 손상
몸여러곳눌린손상,정형외과,3,복합 압좌 손상
여러부위절단,외과,3,여러 부위 외상성 절단
팔다리떨어져나감,외과,3,팔다리 절단
신체여러곳손실,외과,3,복합 절단 손상
여러곳다친곳,외과,2,여러 부위 손상
복합외상,외과,2,복합 외상
여러군데상처,외과,2,여러 부위 외상
여러곳 다친,외과,3,전신 외상
사고로 여러군데 부상,외과,3,다발성 손상
넘어져서 여러곳 다침,외과,2,충돌 외상
척추 골절,신경외과,3,척추 부러짐
등뼈 금갔어,신경외과,3,척추 골절
허리뼈 부러짐,신경외과,2,요추 골절
등이 움직일 수 없어,신경외과,2,척추 손상
척추 부상,신경외과,2,척추 손상
가슴 옆구리 다침,외과,2,흉부 외상
팔 골절,정형외과,3,상지 골절
팔뼈 부러짐,정형외과,3,상지 골절
팔 움직일 수 없어,정형외과,2,상지 골절
팔 타박상,정형외과,2,상지 손상
손가락 다침,정형외과,2,손 외상
다리 골절,정형외과,3,하지 골절
다리뼈 부러짐,정형외과,3,하지 골절
발목 부러짐,정형외과,2,하지 골절
다리 타박상,정형외과,2,하지 손상
발 다침,정형외과,2,하지 손상
눈에 뭔가 들어갔어,안과,3,안구 이물
눈이 따끔따끔해,안과,3,안구 이물감
눈에 티끌,안과,2,안구 이물
귀에 뭔가 들어갔어,이비인후과,3,외이도 이물
귀에 뭐가 박혔어,이비인후과,3,외이도 이물
귀 안에 이물질,이비인후과,2,외이도 이물
숨 못 쉬겠어,이비인후과,3,기도 이물
목에 걸렸어,이비인후과,3,기도 이물
음식물 사레,이비인후과,2,기도 이물감
삼킬 수 없어,내과,3,식도 이물
목에 뭔가 걸렸어,이비인후과,2,인후 이물
삼킬 때 아파,이비인후과,2,인후 이물감
요도이물,비뇨의학과,3,요도 이물감
하복부통증,비뇨의학과,2,아래 배 통증
얼굴화상,외과,3,얼굴 화상
목화상,외과,3,목 화상
머리열상,외과,2,머리 화상
가슴화상,외과,3,가슴 화상
배화상,외과,3,배 화상
등화상,외과,3,등 화상
팔화상,외과,3,팔 화상
어깨화상,외과,3,어깨 화상
상완화상,외과,2,윗팔 화상
손화상,외과,3,손 화상
손목화상,외과,3,손목 화상
손가락화상,외과,2,손가락 화상
다리화상,외과,3,다리 화상
허벅지화상,외과,3,허벅지 화상
엉덩이화상,외과,2,엉덩이 화상
발화상,외과,3,발 화상
발목화상,외과,3,발목 화상
발가락화상,외과,2,발가락 화상
눈화상,안과,3,눈 화상
눈자극,안과,2,눈 자극감
기관지화상,이비인후과,3,목·기도 화상
소화기화상,내과,3,식도·위 화상
명치통증,내과,2,명치 통증
여러부위화상,외과,3,여러 부위 화상
광범위화상,외과,3,광범위 화상
전신화상,외과,2,넓은 부위 화상
데임,외과,2,데인 상처
피부가까매졌어,외과,2,화상으로 인한 피부 손상
화학약품화상,외과,3,화학물질로 인한 화상
부식상,외과,2,부식으로 인한 피부 손상
화학약품접촉,외과,2,화학물질 접촉으로 인한 상처
동상초기,외과,3,가벼운 동상
손가락창백해,외과,2,동상으로 인한 창백증
피부따가워,외과,2,동상으로 인한 따끔거림
심한동상,외과,3,심한 동상 (조직 괴사)
부위검게변했어,외과,3,동상으로 인한 조직 변색
손가락썩어가,외과,2,동상으로 인한 조직 손상
전신동상,외과,3,여러 부위 동상
다리손발동상,외과,2,사지 동상
얼굴팔동상,외과,2,노출된 부위 동상
항생제과다복용,내과,3,항생제 중독
약물중독증상,내과,2,항생제로 인한 구역질
알레르기반응,내과,2,항생제 부작용
항기생충약중독,내과,3,항생제/항기생충약 중독
감염약물중독,내과,2,항감염약 과다복용
기생충약부작용,내과,2,기생충약으로 인한 증상
호르몬약과다복용,내과,3,호르몬제 중독
피임약많이먹었어,내과,2,호르몬약으로 인한 증상
갑상선약중독,내과,2,갑상선 호르몬약 과다복용
감기약과다복용,내과,3,감기약 중독
진통제중독,내과,2,진통제 과다복용
해열제많이먹었어,내과,2,해열제 중독
마약성진통제중독,내과,3,마약성 진통제 중독
환각제복용,정신건강의학과,3,환각제 중독
의약품남용,정신건강의학과,2,마약성 약물 과다복용
마취약중독,내과,3,마취제 중독
의료용기체흡입,내과,2,치료용 가스 중독
자극성가스노출,내과,2,마취약물로 인한 증상
항경련제과다복용,신경과,3,항경련제 중독
수면제중독,정신건강의학과,3,수면제 과다복용
파킨슨병약중독,신경과,2,파킨슨병 약물 중독
신경안정제 중독,정신건강의학과,3,신경안정제 과다복용 증상
항우울제 부작용,정신건강의학과,2,항우울제 복용 후 어지러움
수면제 과다,정신건강의학과,2,수면제 과량복용 후 졸음
고혈압약 과다,내과,3,혈압약 과다복용 후 저혈압
천식약 부작용,내과,2,천식약 복용 후 심장박동 빨라짐
교감신경 약물,내과,2,교감신경 약물 중독 증상
빈혈약 과다,내과,2,빈혈약 과다복용 증상
항생제 중독,내과,2,항생제 과다복용 부작용
심장약 과다,내과,3,심장약 과다복용 후 가슴 불편
혈관약물,내과,2,혈관 관련 약물 중독
강심제 부작용,내과,2,강심제 과다복용 증상
위장약 부작용,내과,2,위장약 복용 후 설사
근육이완제 과다,재활의학과,3,근육이완제 과다복용
천식약 과다,내과,2,천식약 과량복용 후 호흡곤란
기관지약 중독,내과,2,기관지 약물 중독 증상
이뇨제 과다,내과,3,이뇨제 과다복용 증상
약물 독성,내과,2,여러 약 함께 복용 부작용
백신 부작용,가정의학과,2,예방접종 후 이상 반응
술중독,내과,3,과음 후 중독 증상
알코올 중독,정신건강의학과,3,알코올 중독 합병증
휘발유 흡입,내과,3,휘발유 중독 증상
페인트 흡입,내과,2,페인트 약품 중독
염소 중독,내과,3,염소 가스 흡입 증상
유기용제 중독,내과,2,유기용제 노출 부작용
화학물질 흡입,내과,2,화학물질 가스 흡입
산성 화학물질,외과,3,산성액 삼킴 중독
가성소다 중독,외과,3,가성소다 노출 증상
부식성 물질,외과,3,강알칼리 화학약품 노출
세제중독,내과,2,세제·비누 접촉 중독
세제삼킨,내과,3,세제·비누 섭취
금속중독,내과,3,금속 중독
수은중독,내과,2,수은 중독
납중독,내과,2,납 중독
화학물질중독,내과,3,화학물질 중독
인화합물중독,내과,2,인 화합물 중독
일산화탄소중독,내과,3,일산화탄소 중독
가스중독,내과,3,가스 중독
연탄가스중독,내과,2,연탄가스 중독
유독가스흡입,내과,3,독성 가스 흡입
화학가스중독,내과,2,화학 가스 중독
매연흡입,내과,2,매연·연기 흡입
농약중독,내과,3,농약 중독
살충제중독,내과,3,살충제 중독
제초제중독,내과,2,제초제 중독
조개중독,내과,2,조개류 중독
해산물중독,내과,3,해산물 중독
생선독소,내과,2,생선류 식중독
곰팡이핀,내과,2,곰팡이 독소 식중독
버섯중독,내과,2,버섯 식중독
독뱀교상,외과,2,독사 물린 상처
벌쏘임,외과,2,벌 쏘임
곰팡이독소,내과,2,곰팡이 독소 중독
아플라톡신,내과,2,아플라톡신 중독
식품오염중독,내과,2,오염된 식품 중독
독성물질중독,내과,3,독성 물질 중독
약물중독,정신건강의학과,2,약물 중독
방사선피폭,내과,2,방사선 노출
방사선증,내과,2,방사선 중독
열사병,내과,3,고열에 따른 어지러움과 무기력
열탈진,내과,3,심한 땀과 극도의 피로
일사병,신경과,2,햇빛 노출 후 두통과 현기증
저체온,내과,3,몸이 떨리고 체온이 떨어짐
추위탈진,내과,3,추운 환경 노출 후 의식이 흐려짐
냉각손상,정형외과,2,추위에 노출된 부위가 창백하고 무감각
기압손상,이비인후과,3,급격한 높이 변화 후 귀 통증과 청력 변화
감압병,정형외과,2,다이빙 후 관절 통증과 저림
물압손상,내과,2,수심 깊은 곳 노출 후 호흡곤란
질식증상,내과,3,산소 부족으로 인한 의식 변화
호흡곤란심함,내과,3,질식 위험 상황 노출 후 호흡 어려움
답답함극심,신경과,2,밀폐 공간 노출 후 극심한 답답함
기아상태,내과,3,장기간 음식 섭취 부재로 인한 쇠약
탈수증상,내과,3,오랜 수분 부족으로 입과 피부가 건조
극도의무기력,가정의학과,2,영양 및 수분 결핍으로 인한 피로
학대외상,신경외과,3,반복된 신체 손상으로 인한 통증
학대후유증,외과,3,신체적 폭력으로 인한 상처와 멍
학대심리증상,정신건강의학과,2,반복 학대 후 심한 불안과 공포
번개맞음,외과,3,번개 피격 후 근육 경련과 화상
방사선노출,내과,2,방사선 노출 후 메스꺼움과 피로
화학물질노출,피부과,2,화학물질 접촉 후 피부 자극과 가려움
이상반응,내과,2,약물 또는 치료 후 예상치 못한 증상
약물알레르기반응,피부과,3,투약 후 두드러기와 부기
치료부작용,내과,2,의료 치료 후 메스꺼움과 어지러움
외상후합병증,외과,3,외상 직후 감염 징후와 부기
상처감염조짐,외과,2,외상 부위의 열감과 분비물
외상쇼크증상,내과,2,심한 외상 후 빠른 맥박과 창백함
수혈부작용,내과,3,수혈 직후 고열과 전신오한
주사부위감염,외과,2,주사 부위가 붓고 화끈거림
수액주입합병증,내과,2,수액 투여 후 팔 부기와 통증
수술 후 감염,외과,3,수술 부위 감염 및 염증
수술 후 출혈,외과,3,수술 후 지속적인 출혈
수술 흉터 문제,외과,2,수술 흉터 벌어짐 및 재개통
심장 삽입물 고장,내과,3,인공심장박동기·인공판막 작동 이상
가슴 답답함 삽입물,내과,2,심장 삽입물 주변 가슴 불편감
혈관 삽입물 문제,내과,3,혈관 스텐트·이식편 협착 또는 폐색
요로 카테터 합병증,비뇨의학과,3,요도 카테터 감염 및 자극
비뇨기 삽입물 문제,비뇨의학과,2,인공요관·인공방광 역류 또는 폐색
요로 분출구 탈출,비뇨의학과,2,요로 분출 장치 이탈
골밀도 나선 풀림,정형외과,3,뼈 고정 나선·핀 헐거워짐
인공관절 튀어나옴,정형외과,3,인공관절 탈구 또는 이탈
척추 고정판 감염,정형외과,2,척추 금속판 삽입 부위 감염
인공 와우 먹통,이비인후과,3,인공와우 작동 불능
안경 렌즈 이물,안과,2,안내 렌즈 삽입 후 이물감
삽입물 거부반응,내과,2,내부 삽입물로 인한 염증 반응
이식 장기 거부,내과,3,이식받은 장기 거부 반응
이식 조직 부작용,내과,3,이식 조직 염증 및 감염
신장 이식 기능저하,내과,2,이식 신장 기능 악화
절단 부위 통증,재활의학과,3,절단 후 남은 팔다리 통증
의족 불편함,재활의학과,2,의족 착용 시 피부 문제·통증
재부착 팔다리 감각,신경과,2,재부착 팔다리 감각 이상·저림
수혈 부작용,내과,2,수혈 후 알레르기 반응
약물 주사 통증,마취통증의학과,2,주사 부위 신경 손상 및 통증
의료 시술 알레르기,내과,2,의료 시술 후 약물 알레르기
머리 외상 후유증,신경과,3,머리 충돌 후 두통·어지러움 지속
뇌진탕 증상,신경과,2,머리 부상 후 기억력 저하·집중력 어려움
안구 손상 자국,안과,2,눈 외상 후 시력 저하
척추 외상 후유증,신경과,3,척추 손상 후 다리 저림·약화
가슴 부상 흉터,내과,2,가슴 외상 후 호흡 불편
팔 골절 후유증,정형외과,3,팔 골절 후 움직임 제한·통증
손가락 외상 저림,신경과,2,손가락 손상 후 저림·감각 둔해짐
어깨 부상 강직,정형외과,2,어깨 외상 후 굳어짐·운동 제한
다리 골절 후유증,정형외과,3,다리 골절 후 걸음 절뚝·통증
발목 염좌 자국,정형외과,2,발목 손상 후 불안정감·자주 삐끗함
무릎 손상 약화,정형외과,2,무릎 외상 후 다리 힘 약함
외상 후유증,재활의학과,3,외상 후유증 및 합병증
사고 후 통증,마취통증의학과,2,사고 후 만성 통증
외상 후 기능장애,신경외과,2,외상 후 운동 기능 저하
화상 후유증,재활의학과,3,화상 후유증
동상 후 저림,신경과,2,동상 후 신경계 증상
방사선 노출 후 증상,내과,2,방사선 노출 후 증상
사스 증상,내과,3,중증 호흡기 증후군 증상
사스 회복,내과,2,사스 회복기 관리
코로나 현재 증상,내과,3,현재 감염성 질환 증상
호흡기 감염 증상,내과,3,호흡기 감염 의심 증상
열감염 증상,내과,2,감염성 질환 증상
코로나 완치 후 피로,내과,3,코로나 후 지속 피로
코로나 후 회복,가정의학과,2,코로나 회복 관리
롱코비드,내과,3,코로나 후유증
코로나 후 호흡곤란,내과,3,코로나 후 호흡 증상
코로나 후 뇌안개,신경과,2,코로나 후 인지 기능 저하
코로나 후 다기관염증,내과,3,코로나 후 전신 염증
MIS-C,소아청소년과,3,다기관 염증 증후군
코로나 후 심장 증상,내과,2,코로나 후 심혈관 증상
코로나 예방접종,가정의학과,3,코로나 백신 접종
코로나 백신 필요,가정의학과,2,코로나 예방 백신 접종 필요
코로나 부스터샷,가정의학과,2,코로나 추가 접종
자전거 충돌,외과,2,자전거와의 충돌 외상
넘어짐 상처,외과,2,충돌로 인한 찰과상·타박상
오토바이 사고,외과,2,오토바이 충돌 외상
자동차 사고,외과,3,자동차 충돌 외상
머리 부상,신경외과,2,충돌 후 두부 통증·현기증
트럭 사고,외과,3,대형차량 충돌 외상
깊은 상처,외과,2,열린 상처·출혈
내부 손상,외과,2,복부·흉부 통증
기차 사고,외과,3,철도 충돌 외상
심한 외상,외과,3,다발성 외상
팔다리 손상,정형외과,2,사지 골절·탈구
마차 사고,외과,2,비동력 운송 충돌
교통사고,외과,2,운송 사고 외상
자전거 넘어짐,외과,2,자전거 사고로 인한 외상
얼굴 상처,외과,2,얼굴·머리 찰과상
오토바이와 자전거,외과,2,이륜차 충돌 외상
흉부 충격,외과,2,가슴 타박상·통증
자전거 자동차 사고,외과,3,승용차와의 충돌 외상
척추 손상,신경외과,2,척추 부상·척추 통증
자전거 버스 사고,외과,3,대형차와의 충돌 외상
압상 외상,외과,2,압박으로 인한 손상
내부 출혈,외과,2,복강 내 손상·출혈
자전거 사고,외과,3,자전거와 열차 충돌 손상
자전거 외상,외과,2,자전거 사고로 인한 상처
자전거 다른 자전거 충돌,외과,3,자전거 간 충돌 손상
자전거 부딪힘,정형외과,2,자전거 충돌로 인한 타박상
자전거 벽 충돌,외과,3,자전거와 고정물 충돌 손상
자전거 나무 부딪힘,정형외과,2,자전거 고정물 충돌 외상
자전거 난간 부딪힘,신경외과,2,자전거 고정물 충돌 후 통증
자전거 넘어짐 사고,정형외과,3,자전거 낙상 손상
자전거 바퀴 빠짐,외과,2,자전거 전복 외상
자전거 미끄러짐,외과,2,자전거 낙상 후 상처
자전거 운송 사고,정형외과,2,자전거 운송사고 외상
바이크 충돌,신경외과,2,오토바이 충돌 외상
오토바이 넘어짐,외과,2,오토바이 사고 상처
바이크 자전거 충돌,외과,3,오토바이와 자전거 충돌 손상
오토바이 자전거 부딪힘,정형외과,2,오토바이 자전거 충돌 외상
바이크 자전거 사고,신경외과,2,오토바이 자전거 충돌 후 통증
오토바이 이륜차 충돌,외과,3,오토바이와 이륜차 충돌 손상
바이크 이륜차 부딪힘,정형외과,2,오토바이 이륜차 충돌 외상
오토바이 삼륜차 사고,외과,2,오토바이 이륜차 충돌 상처
오토바이 자동차 충돌,외과,3,오토바이와 자동차 충돌 손상
바이크 차 부딪힘,신경외과,2,오토바이 자동차 충돌 외상
오토바이 승용차 사고,정형외과,2,오토바이 자동차 충돌 후 외상
오토바이 트럭 충돌,외과,3,오토바이와 대형차 충돌 손상
바이크 버스 부딪힘,신경외과,2,오토바이 대형차 충돌 외상
오토바이 화물차 사고,외과,2,오토바이 대형차 충돌 상처
오토바이 기차 충돌,외과,3,오토바이와 열차 충돌 손상
바이크 열차 부딪힘,신경외과,2,오토바이 열차 충돌 외상
오토바이 철도 사고,외과,2,오토바이 열차 충돌 후 손상
오토바이 다른 충돌,외과,3,오토바이와 비동력차 충돌 손상
바이크 마차 충돌,정형외과,2,오토바이 비동력차 충돌 외상
오토바이충돌외상,정형외과,2,오토바이 충돌 후 통증
오토바이사고골절,정형외과,3,오토바이 사고로 인한 골절
오토바이뒤척힘,외과,2,오토바이 낙상 후 상처
오토바이미끄러짐,정형외과,2,오토바이 미끄러짐 후 통증
오토바이전복,정형외과,3,오토바이 전복 후 외상
오토바이사고,정형외과,2,오토바이 교통사고
오토바이다친곳,외과,2,오토바이 사고 후 손상
삼륜차충돌,정형외과,2,삼륜차 충돌 후 통증
삼륜차사람충돌,외과,2,삼륜차 보행자 충돌 손상
삼륜차외상,정형외과,3,삼륜차 사고 후 골절
삼륜차자전거충돌,정형외과,2,삼륜차와 자전거 충돌
삼륜차넘어짐,정형외과,2,삼륜차 충돌 후 통증
삼륜차두부외상,신경외과,2,삼륜차 사고 후 머리 손상
삼륜차오토바이충돌,정형외과,2,삼륜차와 오토바이 충돌
삼륜차스쿠터충돌,정형외과,3,삼륜차 오토바이 사고
삼륜차충돌상처,외과,2,삼륜차 충돌 후 상처
삼륜차자동차충돌,정형외과,2,삼륜차와 자동차 충돌
삼륜차차충돌,정형외과,3,삼륜차 자동차 사고
삼륜차픽업트럭,외과,2,삼륜차 트럭 충돌 손상
삼륜차대형차,정형외과,3,삼륜차와 버스 충돌
삼륜차버스,정형외과,2,삼륜차 버스 사고
삼륜차화물차충돌,외과,2,삼륜차 대형차 충돌
삼륜차기차,정형외과,3,삼륜차 기차 충돌
삼륜차열차충돌,정형외과,3,삼륜차 철도 사고
삼륜차철도외상,외과,2,삼륜차 철도 충돌 손상
삼륜차자전거,정형외과,2,삼륜차 비동력차 충돌
삼륜차수레충돌,정형외과,2,삼륜차 수레 충돌
삼륜차비동력,외과,2,삼륜차 수동차량 사고
삼륜차벽충돌,정형외과,2,삼륜차 벽 충돌 후 손상
삼륜차기둥충돌,정형외과,3,삼륜차 기둥 충돌
삼륜차고정물충돌,외과,2,삼륜차 고정된 물체 충돌
삼륜차전복,정형외과,2,삼륜차 전복 후 손상
삼륜차미끄러짐,정형외과,2,삼륜차 미끄러짐
삼륜차낙상사고,정형외과,3,삼륜차 낙상 후 통증
사고 후 어지러움,신경과,2,사고 후 어지러움증
차 충돌,외과,3,교통사고 외상
충격 후 아픔,마취통증의학과,2,충격 후 통증
사고 후 저림,신경과,2,사고 후 신경 증상
충돌 후 골절,정형외과,3,외상 후 통증
사고 후 부종,재활의학과,2,외상 부종
사고 후 움직임 어려움,재활의학과,2,외상 후 운동 제한
충돌 후 호흡곤란,내과,2,외상 후 호흡 증상
차량 충돌,외과,3,교통사고 외상
충격 후 목 통증,정형외과,3,외상 후 목 통증
사고 후 두통,신경과,2,외상 후 두통
대형차 충돌,외과,3,교통사고 외상
강한 충격 후 통증,마취통증의학과,3,심한 외상 통증
충돌 후 등 아픔,정형외과,2,외상 후 등 통증
열차 충돌,외과,3,교통사고 외상
강한 충격,외과,3,심한 외상
사고 후 척추 통증,신경외과,3,외상 후 척추 통증
물건 충돌,외과,2,교통사고 외상
충돌 후 찰과상,외과,2,찰과상 및 상처
외부 물체 충돌,외과,2,외상성 상처
벽 충돌,외과,3,교통사고 외상
고정된 물체 충돌,외과,3,정면 충돌 외상
충돌 후 복부 통증,내과,2,외상 후 복부 통증
전복 사고,외과,3,교통사고 외상
급정거 후 통증,마취통증의학과,2,외상 후 전신 통증
미끄러짐 사고,외과,2,교통사고 외상
교통 사고,외과,3,교통사고 외상
사고로 인한 손상,외과,3,외상
사고 후 회복,재활의학과,2,사고 후 재활
픽업트럭 사고,외과,3,교통사고 외상
적재차 사고,외과,3,교통사고 외상
사고 후 회복 치료,재활의학과,2,외상 후 재활
차량충돌,정형외과,3,차량충돌 손상
사고후통증,마취통증의학과,2,사고 후 통증
자전거사고,외과,2,자전거와의 충돌
오토바이충돌,정형외과,2,오토바이와의 충돌
바이크사고,외과,2,이륜차 충돌
자동차충돌,정형외과,3,자동차 충돌
차대차사고,외과,3,차대차 충돌
추돌사고,정형외과,2,추돌로 인한 손상
대형차사고,외과,3,대형차 충돌
버스충돌,정형외과,3,버스와의 충돌
화물차사고,외과,2,화물차 충돌
열차사고,외과,3,열차 충돌
기차충돌,정형외과,3,철도 사고
선로사고,외과,2,선로 관련 손상
비동력차충돌,정형외과,2,비동력 차량 충돌
마차사고,외과,2,마차와의 충돌
건물충돌,외과,3,고정물 충돌
벽충돌,정형외과,2,벽과의 충돌
기둥사고,외과,2,기둥 충돌
전복사고,외과,3,차량 전복
탈선사고,정형외과,2,차량 탈선
떨어짐사고,외과,2,낙하 손상
교통사고손상,외과,2,교통사고 손상
보행자충돌,외과,3,보행자와의 충돌
사람치임,정형외과,2,사람과의 접촉
동물충돌,외과,2,동물과의 충돌
자전거충돌,외과,2,자전거 충돌
이륜차충돌,외과,2,이륜차 충돌
트럭 추돌 후 목 통증,정형외과,2,추돌 손상 후 경부 통증
대형차 충돌 후 허리 아픔,정형외과,2,추돌 손상 후 요추 통증
버스 충돌 후 목 아파,정형외과,2,충돌 손상 후 경부 통증
대형차 사고 후 허리 저림,신경외과,2,충돌 손상 후 하지 방사통
트럭 충돌 후 두부 외상,신경외과,3,충돌 손상 후 두부 외상
열차 충돌 후 전신 통증,마취통증의학과,2,열차 충돌 손상 후 전신 통증
기차 사고 후 척추 손상,신경외과,3,열차 충돌 손상 후 척추 통증
열차 사고 후 다리 저림,신경과,2,열차 충돌 손상 후 하지 저림
자전거와 충돌 후 팔 통증,정형외과,2,비동력차 충돌 손상 후 상지 통증
오토바이와 사고 후 골절,정형외과,3,비동력차 충돌 손상 후 골절
자전거 충돌 후 발목 아파,정형외과,2,비동력차 충돌 손상 후 족부 통증
기둥과 충돌 후 흉부 통증,외과,2,고정물 충돌 손상 후 흉부 통증
벽과 충돌 후 갈비뼈 통증,정형외과,3,고정물 충돌 손상 후 흉곽 통증
담장과 사고 후 복부 아파,외과,2,고정물 충돌 손상 후 복부 통증
트럭 전복 후 척추 통증,신경외과,2,비충돌 사고 손상 후 척추 통증
버스 전복 후 전신 아파,마취통증의학과,2,비충돌 사고 손상 후 전신 통증
대형차 사고 후 두부 외상,신경외과,3,비충돌 사고 손상 후 두부 외상
트럭 사고 후 상처,외과,2,사고 손상 후 외상성 상처
대형차 사고 후 골절,정형외과,3,사고 손상 후 골절
운전 중 사고 후 염좌,정형외과,2,사고 손상 후 염좌·근육 손상
버스와 보행자 충돌 후 골절,정형외과,3,버스 충돌 손상 후 골절
버스 사고 후 척추 손상,신경외과,2,버스 충돌 손상 후 척추 통증
버스와 자전거 충돌 후 팔 골절,정형외과,3,자전거 충돌 손상 후 상지 골절
버스 사고 후 다리 통증,정형외과,2,자전거 충돌 손상 후 하지 통증
자전거와 버스 사고 후 외상,외과,2,자전거 충돌 손상 후 외상성 손상
오토바이와 버스 충돌 후 골절,정형외과,3,이륜차 충돌 손상 후 골절
스쿠터와 버스 사고 후 척추,신경외과,2,이륜차 충돌 손상 후 척추 통증
버스와 승용차 충돌 후 목 통증,정형외과,2,승용차 충돌 손상 후 경부 통증
버스 충돌 후 흉부 통증,외과,2,승용차 충돌 손상 후 흉부 통증
버스 사고 후 척추 아파,정형외과,2,승용차 충돌 손상 후 척추 통증
버스끼리 충돌 후 목 결림,정형외과,2,버스 충돌 손상 후 경부 통증
대형차와 버스 사고 후 허리 아파,정형외과,2,버스 충돌 손상 후 요추 통증
버스 대형차 충돌 후 두부 외상,신경외과,3,버스 충돌 손상 후 두부 외상
버스사고통증,마취통증의학과,2,버스 사고로 인한 통증
버스탑승자상처,외과,2,버스 사고 후 상처
버스자동차충돌,외과,3,버스와 다른 차량 충돌 외상
버스추돌부상,재활의학과,2,버스 추돌로 인한 부상
버스사고골절,정형외과,2,버스 사고 후 골절
버스벽충돌,외과,3,버스 고정물 충돌 외상
버스낙상,신경외과,2,버스에서 떨어진 외상
버스전복,외과,2,버스 전복으로 인한 손상
버스급제동,재활의학과,2,버스 급제동으로 인한 부상
버스전복사고,외과,3,버스 전복 사고 외상
버스탈선,신경외과,2,버스 탈선으로 인한 손상
버스손상부위,마취통증의학과,2,버스 사고 후 통증
말탄사람사고,외과,3,동물 탑승 중 사고 외상
말낙상,신경외과,2,말에서 떨어진 외상
기차탑승사고,외과,3,기차 사고 외상
열차충돌,신경외과,3,기차 충돌로 인한 손상
기차탈선,외과,2,기차 탈선 외상
전차사고,외과,3,전차 사고 외상
전차충돌,정형외과,2,전차 충돌로 인한 손상
전차낙상,재활의학과,2,전차 탑승 중 낙상
산업용차량사고,외과,3,산업용 특수차량 사고 외상
산업차탑승부상,신경외과,2,산업 장비 차량 충돌 손상
산업용기계사고,마취통증의학과,2,산업 차량 사고 후 통증
농용차량사고,외과,3,농용 특수차량 사고 외상
농기계사고,정형외과,2,농용 기계 충돌 손상
농용장비부상,재활의학과,2,농용 차량 사고 후 부상
건설기계사고,외과,3,건설차량 사고 외상
굴착기사고,신경외과,2,건설 특수차량 충돌 손상
건설장비부상,마취통증의학과,2,건설 차량 사고 후 통증
오프로드차사고,외과,3,오프로드 차량 사고 외상
지형차량사고,정형외과,2,전지형 차량 충돌 손상
특수차량부상,재활의학과,2,특수 차량 사고 후 부상
교통사고 외상,외과,3,교통사고로 인한 외상
교통사고 통증,마취통증의학과,2,교통사고 후 통증
교통사고 척추,신경외과,2,교통사고 후 척추 손상
사고로 인한 외상,외과,3,비교통 사고 외상
낙상 외상,정형외과,2,낙상으로 인한 손상
사고 후 뼈 통증,정형외과,2,사고 후 뼈 손상
익사,외과,3,물에 빠짐
배 사고 익사,외과,3,선박 사고로 인한 익사
물 흡입,내과,2,물 흡입 후 호흡곤란
배 사고,외과,3,선박 사고 외상
선박 충돌,정형외과,2,선박 충돌 손상
수상 사고 부상,외과,2,수상 사고 부상
물에서 헤엄치다 익사,외과,3,수영 중 익사
물에 빠짐,외과,3,물 속에서 의식 잃음
배 탈 때 다침,외과,2,선박 탑승 중 외상
선박 내 낙상,정형외과,2,선박 위에서 넘어짐
배 위에서 상처,외과,2,선박 위에서 손상
물 위 사고,외과,2,수상 운송 사고
수상 외상,외과,2,물 관련 외상
해상 사고,신경외과,2,해상 사고 손상
비행기 사고,외과,3,비행기 충돌 외상
항공기 외상,신경외과,3,항공기 사고 손상
비행기 추락,재활의학과,2,항공기 충격 부상
글라이더 사고,외과,2,소형 항공기 사고
낙하산 사고,정형외과,2,낙하산 강하 손상
소형기 추락,신경외과,2,소형 항공기 추락
공항 사고,외과,2,공항 관련 사고
항공 사고,외과,2,항공 운송 사고
비행장 외상,정형외과,2,비행장 손상
특수 운송 사고,외과,2,특수 운송 수단 사고
운송 관련 외상,외과,2,운송 사고 외상
운송 기계 사고,신경외과,2,운송 기계 손상
충돌 손상,외과,2,외상 후 상처
빙판에서 넘어짐,정형외과,3,넘어진 후 통증
얼음 위에서 다침,정형외과,3,낙상 후 부상
눈 위에서 미끄러짐,정형외과,2,미끄러운 길에서 넘어짐
헛딛음,정형외과,3,헛디딘 후 통증
미끄러짐,정형외과,3,미끄러진 후 부상
걸려서 넘어짐,정형외과,2,걸려 넘어진 후 통증
스케이트 타다가 넘어짐,정형외과,3,스케이트 낙상
스키 타다 넘어짐,정형외과,3,스키 사고
보드 타다 떨어짐,정형외과,2,스케이트보드 낙상
누군가와 부딪혔을 때,정형외과,2,충돌로 인한 낙상
밀려서 넘어짐,정형외과,2,밀려서 넘어진 후 통증
사람과 충돌,외과,2,사람과 충돌로 인한 부상
안겨 있다 넘어짐,정형외과,2,안긴 채로 떨어짐
지탱받다가 떨어짐,정형외과,2,지탱받던 중 낙상
휠체어에서 넘어짐,재활의학과,3,휠체어 낙상
휠체어 전복,재활의학과,2,휠체어 사고
휠체어에서 떨어짐,정형외과,2,휠체어에서 떨어진 후 부상
침대에서 넘어짐,정형외과,3,침대 낙상
침대에서 떨어짐,정형외과,3,침대에서 떨어진 후 통증
침대 밖으로 굴러떨어짐,정형외과,2,침대에서 굴러떨어짐
의자에서 넘어짐,정형외과,3,의자 낙상
의자에서 떨어짐,정형외과,3,의자에서 떨어진 후 부상
의자가 넘어져서 다침,정형외과,2,의자 전복 사고
소파에서 넘어짐,정형외과,2,소파 낙상
책장에서 떨어짐,정형외과,2,가구 넘어짐 사고
미끄럼틀에서 떨어짐,정형외과,3,미끄럼틀 낙상
시소에서 넘어짐,정형외과,2,시소 사고
놀이터 기구에서 떨어짐,소아청소년과,3,놀이터 낙상
계단에서 넘어짐,정형외과,3,계단 낙상
계단에서 떨어짐,정형외과,3,계단에서 떨어진 후 통증
계단을 굴러 내려옴,정형외과,2,계단 아래로 구르기
사다리에서떨어짐,외과,3,사다리 추락
사다리타다가다침,정형외과,2,사다리 낙상
비계에서떨어짐,외과,3,비계 추락
발판에서넘어짐,정형외과,2,발판 낙상
높은곳에서떨어짐,외과,3,고도 추락
건물에서떨어짐,외과,3,건물 추락
창문으로떨어짐,정형외과,2,창문 낙상
나무에서떨어짐,외과,3,나무 추락
나무타다가넘어짐,정형외과,2,나무 낙상
높은나무에서내려다가,신경외과,2,고목 추락
절벽에서떨어짐,외과,3,절벽 추락
낭떨어지는곳에서,신경외과,3,높은 절벽 낙상
산에서미끄러져떨어짐,외과,2,산 추락
물에뛰어들다가다침,외과,2,다이빙 손상
수영하다가머리부딪힘,신경외과,2,수상 외상
다른높이에서떨어짐,외과,2,단계적 추락
층간으로떨어짐,정형외과,2,레벨 차이 낙상
계단에서떨어짐,외과,3,계단 추락
같은높이에서넘어짐,정형외과,2,평지 낙상
떨어진물체맞음,외과,3,낙하물 충격
떨어지는것에맞음,외과,2,투사체 손상
물건이떨어져맞음,신경외과,2,물체 낙하 외상
스포츠용품맞음,정형외과,2,스포츠 장비 충격
스포츠중다침,정형외과,2,운동 중 외상
끼임,외과,3,물체에 끼이거나 짓눌림
손가락 깔림,외과,3,손가락이 끼이거나 눌림
짓눌린 상처,외과,2,물체에 눌려서 생긴 상처
기계에 끼임,외과,3,기계에 끼이거나 말림
벨트 말림,외과,3,회전하는 벨트나 기어에 말림
양중기계 접촉,외과,2,들어올리는 기계에 접촉된 상처
깨진 유리,외과,3,깨진 유리에 베임
유리 상처,외과,3,유리 조각으로 인한 상처
유리에 긁힘,외과,2,날카로운 유리에 긁혀서 생긴 상처
칼에 베임,외과,3,날카로운 물체에 베인 상처
찔림,외과,3,뾰족한 물체에 찔린 상처
날카로운 물체 상처,외과,2,예리한 물체로 인한 출혈
망치 상처,외과,3,손도구에 의한 상처
도구에 맞음,외과,2,수동 공구로 맞은 상처
톱질 상처,외과,2,톱이나 날붙이 도구로 난 상처
잔디깎이 상처,외과,3,전동 잔디깎기에 의한 상처
전동공구 상처,외과,3,전동공구에 의한 상처
드릴 상처,외과,3,전동드릴이나 톱에 의한 상처
가정용 기계 상처,외과,2,가정용 전동기계로 인한 상처
농기계 끼임,외과,3,농업 기계에 끼인 상처
트랙터 상처,외과,3,트랙터나 농기계에 말린 상처
농업기계 접촉,외과,2,농기계에 접촉된 상처
기계 상처,외과,2,기계에 의한 상처
기계 접촉 부상,외과,2,기계에 접촉되어 생긴 부상
산업기계 상처,외과,2,산업 기계에 의한 상처
가스폭발 화상,외과,2,화상 및 열 손상
가스 화인,외과,2,화염 화상
타이어 터짐,외과,2,외상 및 상처
압력 기구 파열,외과,2,외상 및 상처
불꽃 화상,외과,2,화상 및 열 손상
폭죽 화상,외과,2,화염 화상
화약 화상,외과,2,화상 및 열 손상
폭발 화상,외과,2,화염 화상
고압수 분사,외과,2,외상 및 상처
고압분사 손상,외과,2,열상 및 외상
소음 노출,이비인후과,2,청력 손실 및 이명
진동 노출,재활의학과,2,근육 손상 및 통증
진동 증상,신경과,2,팔다리 저림 및 통증
눈에 뭔가,안과,3,안구 이물감
눈 이물,안과,3,눈 자극 및 통증
코에 뭔가 들어감,이비인후과,2,코 이물감 및 막힘
피부에 뭔가 박힘,외과,3,피부 이물 및 감염
가시 박힘,외과,2,피부 자상 및 이물
물질 찔림,외과,2,외상 상처
바늘 상처,외과,2,찔린 상처
누군가에게 맞음,외과,2,타격으로 인한 손상
누군가와 부딪침,외과,2,충돌로 인한 손상
사람들에게 밟힘,외과,3,압박으로 인한 손상
군중에 밀림,외과,3,혼잡 속 압박 손상
쥐에 물림,외과,2,쥐 물림 상처
개에게 물림,외과,3,개 물림 상처
개에게 맞음,외과,2,개 공격으로 인한 손상
동물에게 물림,외과,2,포유동물 물림 상처
말에게 맞음,외과,2,말에 의한 타격 손상
해양생물에 물림,외과,2,해양생물 접촉 손상
벌레에 물림,외과,2,곤충 물림 상처
악어에게 물림,외과,3,악어 물림 상처
악어에게 맞음,외과,3,악어 공격 손상
파충류에게 물림,외과,2,파충류 물림 상처
뱀에게 물림,외과,2,뱀 물림 상처
가시에 찔림,외과,2,식물 가시 상처
선인장에 찔림,외과,2,식물 가시 손상
음식 질식,내과,2,음식물로 인한 기도 폐쇄
이물질 삼킴,내과,2,음식물 외 이물질 기도 폐쇄
동전 삼켰어,외과,2,이물질 흡입
전기 화상,외과,2,감전
햇빛 화상,피부과,2,자외선 노출
일광화상,피부과,2,햇빛 화상
방사선 노출,내과,2,방사선 노출로 인한 증상
방사선 피부 손상,피부과,2,방사선 노출 후 피부 변화
더위로 인한 쇠약,내과,3,고열 노출로 인한 탈진
열에 의한 피부 손상,외과,2,열 노출로 인한 피부 화상
한랭 노출 후 손가락 저림,정형외과,3,극저온 노출로 인한 동상
추위로 인한 몸 경직,재활의학과,2,과도한 냉기 노출 후 경직감
냉동 노출 피부 손상,피부과,2,한랭 노출로 인한 피부 변화
기압 변화로 인한 귀 먹먹,이비인후과,2,기압 변화로 인한 귀 불편감
감압병 증상,내과,2,급격한 기압 저하로 인한 통증
고기압 노출 후 어지럼,신경과,2,기압 변화로 인한 어지럼증
화학 물질 노출 증상,내과,2,인공 환경 물질 노출로 인한 자극
환경 노출 피부 반응,피부과,2,인공 환경 노출로 인한 피부 증상
건물 화재 화상,외과,3,건물 화재로 인한 화상
화재 연기 흡입,내과,3,화재 연기 노출로 인한 호흡곤란
화재 열 노출 피부 손상,외과,3,화재 열 노출로 인한 피부 손상
야외 화재 화상,외과,3,야외 화재로 인한 화상
야외 화재 연기,내과,3,야외 화재 연기 흡입
야외 불 노출 손상,외과,3,야외 통제 불가능한 불로 인한 손상
통제된 화재 화상,외과,2,통제된 화재로 인한 화상
의도된 화재 노출,외과,2,통제된 화재 노출로 인한 손상
건물 통제 화재 피해,외과,2,건물 내 통제된 화재 손상
야외 통제 화재 화상,외과,2,야외 통제 화재로 인한 화상
야외 의도된 화재 노출,외과,2,야외 통제된 화재 노출
통제 화재 야외 손상,외과,2,야외 통제 화재로 인한 손상
가연성 물질 화염,외과,3,고인화성 물질 점화로 인한 화상
인화성 물질 노출,외과,3,고인화성 물질 노출
가연물 착화 손상,외과,3,고인화성 물질 착화로 인한 손상
잠옷 착화 화상,외과,3,잠옷 착화로 인한 화상
의류 점화 손상,외과,3,잠옷 점화로 인한 손상
옷 녹음 화상,외과,3,잠옷 녹음으로 인한 화상
의류 착화 화상,외과,3,옷 착화로 인한 화상
옷 불 노출,외과,3,의류 점화로 인한 화상
의복 녹음 손상,외과,3,의류 녹음으로 인한 손상
화염화상,외과,3,화염에 의한 화상
연기흡입,내과,2,연기 흡입으로 인한 호흡곤란
불에탔어,외과,2,화염 노출 후 피부 손상
불화상,외과,3,화염으로 인한 화상
연기노출,내과,2,연기 노출 증상
화상입었어,외과,2,화염 관련 화상
음식화상,외과,3,뜨거운 음식으로 인한 화상
끓는물데임,외과,3,뜨거운 국물로 인한 화상
기름화상,외과,3,뜨거운 기름으로 인한 화상
탕데임,외과,3,뜨거운 물에 데인 화상
수도물화상,외과,3,뜨거운 수돗물로 인한 화상
뜨거운물피부손상,외과,2,온수로 인한 피부 손상
액체데임,외과,3,뜨거운 액체로 인한 화상
뜨거운액체화상,외과,3,고온 액체로 인한 화상
뜨거운액체접촉,외과,2,고온 액체 접촉 화상
수증기화상,외과,3,수증기에 의한 화상
증기데임,외과,3,뜨거운 증기로 인한 화상
수증기노출피부손상,외과,2,증기 노출로 인한 피부 손상
뜨거운공기화상,외과,3,뜨거운 공기로 인한 화상
고온가스화상,외과,3,고온 가스 노출 화상
열기노출,외과,2,고온 환경 노출 화상
전자레인지화상,외과,3,뜨거운 가전기구로 인한 화상
오븐화상,외과,3,오븐 등 주방기구로 인한 화상
가전기구데임,외과,2,뜨거운 가정용 기구 접촉 화상
난방기구화상,외과,3,난방 기구로 인한 화상
라디에이터화상,외과,3,라디에이터에 의한 화상
온수관화상,외과,2,뜨거운 난방관으로 인한 화상
엔진화상,외과,3,뜨거운 기계로 인한 화상
기계화상,외과,3,산업용 기계로 인한 화상
공구화상,외과,2,뜨거운 공구로 인한 화상
금속화상,외과,3,뜨거운 금속으로 인한 화상
철강화상,외과,3,뜨거운 쇠로 인한 화상
뜨거운금속접촉,외과,2,고온 금속 접촉 화상
열상손상,외과,2,열로 인한 피부 손상
뜨거운것화상,외과,3,뜨거운 물질로 인한 화상
열화상,외과,2,열 접촉으로 인한 화상
뱀에물렸어,외과,3,뱀 물림
독뱀물림,외과,3,독사 교상
도마뱀에물림,외과,2,도마뱀 물림
거미에물렸어,외과,3,거미 물림
거미에쏘임,외과,2,거미 쏘임
전갈에쏘였어,외과,3,전갈 쏘임
전갈독,외과,3,전갈 독침
전갈상처,외과,2,전갈 자상
말벌에쏘였어,외과,3,말벌 쏘임
벌에쏘임,외과,3,벌 쏘임
말벌독,외과,2,말벌 독침 상처
지네물렸어,외과,3,지네 물림
지네에물림,외과,3,지네 교상
노래미물린,외과,2,지네 상처
독절지동물물림,외과,2,독성 절지동물 물림
절지동물쏘임,외과,2,절지동물 쏘임
독해양동물물림,외과,3,독성 해양동물 물림
해파리에쏘임,외과,3,해파리 쏘임
독성물고기물림,외과,2,독성 물고기 물림
독동물물렸어,외과,2,독성 동물 물림
독동물쏘임,외과,2,독성 동물 쏘임
독식물접촉,외과,2,독성 식물 접촉
독성풀에접촉,피부과,2,독성 풀 접촉
폭염노출,내과,3,폭염 노출로 인한 무력감
열피로,내과,2,열 피로
저체온증,내과,3,저체온증
한파노출,내과,3,한파 노출로 인한 체온 저하
햇볕에탔어,외과,2,심한 일광화상
벼락맞았어,외과,3,낙뢰 화상 및 손상
벼락흔적,외과,2,낙뢰로 인한 화상
전기화상,신경외과,2,낙뢰로 인한 전기 손상
지진피해,외과,3,지진으로 인한 외상
지진으로다쳤어,정형외과,2,지진 관련 압박 손상
화산재노출,외과,3,화산 폭발로 인한 손상
화산폭발화상,외과,2,화산재 화상
화산가스중독,내과,2,화산 가스 노출
산사태맞았어,외과,3,산사태로 인한 외상
땅밀려내려왔어,정형외과,2,산사태 관련 압박 손상
눈사태피해,외과,2,눈사태로 인한 손상
폭풍피해,외과,3,폭풍으로 인한 외상
강풍맞았어,정형외과,2,강풍으로 인한 손상
우박맞았어,외과,2,우박 충격으로 인한 손상
홍수피해,외과,3,홍수로 인한 외상
극한환경손상,외과,2,극한 자연환경으로 인한 손상
감기약과다,내과,2,감기약 과다 복용
해열제중독,신경과,2,해열제 중독
수면제과다복용,정신건강의학과,3,수면제 과다 복용
신경안정제중독,정신건강의학과,2,신경안정제 중독
간질약실수복용,신경과,2,간질약 오용으로 인한 증상
마약실수복용,정신건강의학과,3,마약성 약물 중독
환각제중독,정신건강의학과,3,환각제 중독 증상
약물오용증상,정신건강의학과,2,약물 오용으로 인한 정신 증상
자율신경약중독,내과,2,자율신경 작용 약물 중독
혈압약과다,내과,2,혈압약 과다 복용
약 과다복용,내과,2,의약품 과다복용
술 과다 섭취,정신건강의학과,2,알코올 중독
음주 후 구토,내과,2,알코올로 인한 구토
화학약품 노출,내과,2,유기용제 노출
신나 흡입,내과,2,화학용제 흡입 증상
가스 중독,내과,3,일산화탄소 중독
자동차 배기가스,내과,2,배기가스 노출
가스 누출,내과,2,유독가스 흡입
농약 중독,내과,3,농약 중독
살충제 노출,내과,2,살충제 노출
화학물질 중독,내과,2,화학물질 중독
독성 물질 섭취,내과,2,유독 화학물질 섭취
반복 운동 통증,정형외과,2,반복 운동으로 인한 근육통
무리한 운동,재활의학과,2,과도한 운동으로 인한 부상
멀미,신경과,2,멀미
차멀미,신경과,2,이동 중 어지럼증
심한 갈증,내과,2,심한 갈증
탈수 증상,내과,2,탈수 증상
총상,외과,3,총상 외상
관통상,외과,3,관통 손상
총알상처,외과,3,총상 외상
사격상,외과,3,사격 손상
관통 외상,외과,2,관통 외상
폭발상,외과,3,폭발 손상
폭탄상,외과,3,폭발 외상
파편상,외과,2,파편 손상
화염상,외과,3,화염 화상
화력상,외과,3,열상 손상
칼상,외과,3,절상 손상
날카로운상,외과,2,절상
맞음,외과,3,타박상
둔상,외과,3,둔상
타격상,외과,2,타격 손상
추락,외과,3,추락
낙상외상,외과,2,낙상
물체충돌,외과,3,충돌 손상
충격외상,외과,2,충격 외상
차량충격,외과,2,차량 충격
구타,외과,3,구타 손상
맞은상처,외과,3,타박
신체상해,외과,2,신체 손상
성폭력,산부인과,3,성폭력 손상
성폭행,산부인과,3,성폭행
성적피해,산부인과,2,성적 피해
학대,외과,3,학대로 인한 신체 손상
폭력,정형외과,3,폭력으로 인한 상처 및 골절
때렸어요,외과,3,폭행으로 인한 외상
맞았어요,정형외과,2,폭행으로 인한 신체 손상
흉기,외과,3,날카로운 물건으로 인한 상처
폭행당했어요,외과,3,폭행으로 인한 손상
누가 때렸어요,정형외과,2,타인 폭행으로 인한 외상
맞은 자국,피부과,2,폭력으로 인한 멍 및 상처
약 먹고,내과,3,약물 과다복용
감기약 많이,내과,2,감기약 과다복용으로 인한 중독
소염제 중독,내과,2,진통소염제 중독
신경안정제,정신건강의학과,2,신경안정제 과다복용
수면제,정신건강의학과,2,수면제 중독
마약,정신건강의학과,3,마약 중독
환각제,정신건강의학과,2,환각제 복용
약물 과다,정신건강의학과,2,약물 과다 복용으로 인한 중독
혈압약,내과,2,혈압약 과다복용
약 중독,내과,2,여러 약물 중독
술 많이,정신건강의학과,3,알코올 중독
음주 과다,내과,2,과음으로 인한 중독
술 중독,정신건강의학과,2,알코올 중독 증상
일산화탄소,내과,3,일산화탄소 중독
연기 흡입,내과,2,유독 가스 흡입으로 인한 중독
움직이는물체에치임,외과,3,움직이는 물체와의 충돌
차에치인상,외과,3,차량 충돌 외상
사고후두통,신경과,2,외상 후 두통
항생제부작용,내과,2,항생제 복용 후 증상
항생제알러지,피부과,3,항생제 알레르기 반응
항생제민감증,내과,2,항생제 복용 후 전신 반응
항기생충약부작용,내과,2,항기생충 약물 복용 후 증상
호르몬제부작용,내과,2,호르몬 약물 복용 후 이상
호르몬약부종,내과,2,호르몬 제제 복용 후 부종
전신약물부작용,내과,2,전신 약물 복용 후 불편
혈액약부작용,내과,2,혈액 관련 약물 복용 후 증상
혈액약출혈,내과,3,혈액 약물 복용 후 비정상 출혈
혈액약멍,내과,2,혈액 약물 복용 후 쉬운 타박상
감기약 부작용,내과,2,감기약 복용 후 속쓰림
해열제 부작용,내과,2,해열제 복용 후 복통
항경련제 부작용,신경과,2,항경련제 복용 후 손 떨림
뇌전증약 부작용,신경과,2,뇌전증약 복용 후 피로감
파킨슨약 부작용,신경과,2,파킨슨약 복용 후 어지럼
수면제 부작용,정신건강의학과,2,수면제 복용 후 다음날 멍함
불안약 부작용,정신건강의학과,2,불안약 복용 후 어지러움
마취약 부작용,마취통증의학과,2,마취 후 구역감
신경정신약 부작용,정신건강의학과,2,신경정신약 복용 후 손 떨림
향정신성약 부작용,정신건강의학과,2,향정신성약 복용 후 체중 증가
정신과약 부작용,정신건강의학과,2,정신과약 복용 후 입 마름
각성제 부작용,내과,2,각성제 복용 후 심장 두근거림
중추신경자극제 부작용,정신건강의학과,2,중추자극제 복용 후 불안감
각성약 부작용,정신건강의학과,2,각성약 복용 후 불면증
자율신경약 부작용,내과,2,자율신경약 복용 후 혈압 변화
교감신경약 부작용,신경과,2,교감신경약 복용 후 손 떨림
혈압약 부작용,내과,3,혈압약 복용 후 어지러움
심장약 부작용,내과,2,심장약 복용 후 부정맥
협심증약 부작용,내과,2,협심증약 복용 후 두통
소화제 부작용,내과,2,소화제 복용 후 복부팽만감
장운동약 부작용,내과,2,장운동약 복용 후 복부 경련
이뇨제 부작용,내과,2,이뇨제 복용 후 어지러움
수분조절약 부작용,내과,2,수분조절약 복용 후 저칼륨혈증
기관지약 부작용,내과,2,기관지약 복용 후 심계항진
근육이완제 부작용,재활의학과,2,근육이완제 복용 후 탈력감
피부연고 부작용,피부과,2,피부연고 사용 후 피부자극
약물 부작용,내과,2,복용한 약으로 인한 부작용
약 먹고 피부발진,피부과,2,약물 복용 후 발진
예방접종 후 반응,소아청소년과,2,세균 백신 접종 후 부작용
예방주사 맞고 열남,소아청소년과,2,백신 접종 후 발열
백신 맞은 곳 부음,소아청소년과,2,예방접종 부위 부종
생물제제 부작용,내과,2,백신 접종 후 이상반응
예방접종 후 팔 부음,소아청소년과,2,백신 접종 후 팔 부종
시술 후 상처 문제,외과,3,시술 중 천공 손상
수술 후 물건 남음,외과,3,수술 후 체내 이물질 의심
시술 후 뭔가 있는 것 같은,외과,3,체내 이물질 존재 의심
수술 후 이상한 느낌,외과,2,수술 후 내부 이상감
수술 후 감염 증상,외과,3,수술 부위 감염
수술 후 고름,외과,3,수술 부위 화농
시술 후 세균 감염,내과,2,시술 관련 세균 감염
약 용량 잘못 받음,내과,2,약물 과다 투여
주사 양 너무 많음,내과,2,주사 용량 과다
오염된 약 맞음,내과,2,오염된 의료 물질 노출
부패된 주사 맞음,내과,2,오염 주사제 투여
오염된 수술 기구,외과,2,오염된 수술 기구 사용
시술 중 실수,외과,2,시술 중 의료 오류
수술 과정 문제,외과,2,수술 중 기술적 오류
필요한 치료 안 받음,내과,2,필요한 의료 처치 미실시
수술 안 함,외과,2,필요한 수술 미실시
마취 관련 문제,마취통증의학과,2,마취 장비 관련 부작용
마취 후 이상,마취통증의학과,2,마취 중 장비 오류
수술 중 마취 문제,마취통증의학과,2,마취 장비 부작용
심장 기구 부작용,내과,2,심장 의료기기 부작용
맥박 이상,내과,2,맥박 불규칙
심장 박동 문제,내과,2,심장 리듬 이상
귀 기구 문제,이비인후과,2,귀 의료기기 부작용
코 기구 불편,이비인후과,2,코 의료기기 이상
목 시술 후 문제,이비인후과,2,목 의료기기 부작용
위장 기구 문제,내과,2,소화기 의료기기 부작용
소변 기구 불편,비뇨의학과,2,비뇨기 의료기기 이상
카테터 문제,비뇨의학과,2,도뇨 기구 부작용
집중 치료 기구 문제,내과,2,중환자실 기기 부작용
뇌 기구 문제,신경과,2,신경 의료기기 부작용
신경 기구 불편,신경과,2,신경 기기 이상
척추 임플란트 문제,신경외과,2,척추 기기 부작용
산부인과 기구 문제,산부인과,2,여성 의료기기 부작용
피임 기구 불편,산부인과,2,피임 기기 이상
자궁 기구 문제,산부인과,2,자궁 삽입 기기 부작용
눈 기구 불편,안과,2,안과 의료기기 부작용
렌즈 문제,안과,2,안경·렌즈 기기 이상
백내장 기구 문제,안과,2,안구 임플란트 부작용
뼈 기구 문제,정형외과,2,정형 의료기기 부작용
인공관절 불편,정형외과,2,인공관절 기기 이상
뼈 임플란트 문제,정형외과,2,골고정 기구 부작용
물리치료 기구 문제,재활의학과,2,재활 의료기기 부작용
치료 기계 불편,재활의학과,2,물리치료 기기 이상
도수치료 기구 문제,재활의학과,2,도수 기기 부작용
수술 기구 문제,외과,2,외과 의료기기 부작용
성형 기구 불편,외과,2,성형 기기 이상
임플란트 문제,외과,2,삽입 기구 부작용
수술후합병증,외과,2,수술 후 합병증
수술후통증,마취통증의학과,2,수술 부위 통증
수술후감염,외과,3,수술 후 감염
시술후부작용,내과,2,의료 시술 후 부작용
시술합병증,내과,2,의료 시술 합병증
교통사고후유증,재활의학과,3,교통사고 후유증
교통사고합병증,신경외과,2,교통사고 관련 합병증
낙상후유증,재활의학과,3,낙상 후유증
화상흉터,피부과,2,화상 후 흉터
사고후장애,재활의학과,2,사고 후 기능장애
자해후유증,정신건강의학과,3,자해 후유증
폭력후장애,정신건강의학과,2,폭력 관련 장애
치료후합병증,외과,2,치료 후 합병증
시술후장애,재활의학과,2,시술 후 기능장애
의료후부작용,내과,2,의료 처치 후 부작용
외상후유증,재활의학과,3,외상 후유증
병원감염,내과,3,병원 감염
입원중감염,내과,3,입원 중 감염
의료관련감염,내과,2,의료 관련 감염
직업병증상,내과,2,직업 관련 증상
작업중상해,외과,2,작업 중 상해
오염노출,내과,2,환경 오염 노출 증상
생활습관개선,가정의학과,3,생활습관 관련 상담
운동부족,가정의학과,2,운동 부족으로 인한 건강 상담
식습관상담,가정의학과,2,식습관 개선 상담
정기검진,가정의학과,3,정기 건강검진
건강체크,가정의학과,2,건강 상태 확인
특수검진,가정의학과,2,특수 건강검진
직업건강검진,가정의학과,2,직업 관련 특수 검진
고위험군검진,가정의학과,2,고위험군 검사
행정검진,가정의학과,2,행정 목적 건강검진
입학신체검사,가정의학과,2,입학·입사 신체검사
보험신체검사,가정의학과,2,보험 가입 신체검사
증상확인검사,가정의학과,2,증상 원인 감별 검사
질병여부확인,가정의학과,2,질병 여부 확인
건강상담,가정의학과,2,건강 상담 및 관찰
건강교육,가정의학과,2,건강 교육 및 상담
암치료후검진,가정의학과,3,암 치료 후 정기 검진
암재검사,가정의학과,2,암 완치 후 추적검사
항암치료후추적,가정의학과,2,항암 치료 후 추적 검진
질병치료후재검진,가정의학과,3,질병 치료 후 재검진
수술후검진,가정의학과,2,수술 후 경과 검사
질병관리검사,가정의학과,2,만성질환 치료 후 관리 검사
집단건강검진,가정의학과,3,집단 정기 건강검진
단체검진,가정의학과,2,단체 건강검진
정기집단검진,가정의학과,2,정기 단체 검진
감염병선별검사,가정의학과,2,감염병 선별 검사
전염병검사,가정의학과,2,전염병 감염 여부 검사
감염선별,가정의학과,2,감염 질환 선별
암선별검사,가정의학과,3,암 선별 검사
암검진,가정의학과,3,암 조기 검진
암위험도검사,가정의학과,2,암 위험도 검사
질병선별,가정의학과,2,질병 선별 검사
만성질환검사,가정의학과,2,만성질환 선별 검사
대사질환검진,가정의학과,2,대사 질환 선별 검진
전염병,가정의학과,3,전염병 노출 위험
감염병 접촉,가정의학과,2,감염병 접촉 후 상담
HIV,내과,3,HIV 감염 상태 확인
에이즈,내과,3,에이즈 관리
병균 보유,내과,3,감염병 보균자 관리
균 옮길 수,내과,2,타인 감염 위험 상담
세균 백신,가정의학과,3,세균 감염 예방 접종
백일해 예방,소아청소년과,2,백일해 예방 접종
폐렴균 백신,내과,2,폐렴 예방 접종
바이러스 백신,가정의학과,3,바이러스성 질환 예방 접종
독감 접종,가정의학과,3,독감 예방 접종
간염 백신,내과,2,간염 예방 접종
풍진 예방,소아청소년과,2,풍진 예방 접종
수두 백신,소아청소년과,2,수두 예방 접종
대상포진 백신,내과,2,대상포진 예방 접종
종합 백신,가정의학과,3,복합 감염병 예방 접종
종합 예방접종,소아청소년과,3,다중 감염병 예방 접종
기본 접종,가정의학과,2,필수 복합 예방 접종
접종 안 함,가정의학과,2,예방 접종 미실시 상담
예방접종 미루고,소아청소년과,2,미실시 예방 접종 계획
피임약,산부인과,3,피임약 처방
피임기구,산부인과,2,피임 기구 삽입
임신 계획,산부인과,3,임신 준비 상담
임신 어려워,산부인과,2,난임 상담
임신 검사,산부인과,3,임신 검사 및 진단
임신 확인,산부인과,3,임신 여부 확인
임신 검진,산부인과,2,임신 초기 검진
임신 중,산부인과,3,임신 상태 관리
현재 임신,산부인과,3,현재 임신 상태
임신했어요,산부인과,2,임신 상태 확인
정상 임신 관리,산부인과,3,정상 임신 관리
임신 경과 검진,산부인과,3,임신 중 정기 검진
임신 주기 검사,산부인과,2,주기적 임신 검사
고위험 임신,산부인과,3,고위험 임신 관리
위험한 임신,산부인과,3,위험도 높은 임신
임신 합병증 관리,산부인과,2,임신 중 합병증 관리
기형아 검사,산부인과,3,산전 선별 검사
기형 검사,산부인과,3,태아 기형 검사
임신 초음파,산부인과,2,산전 초음파 검사
분만 결과,산부인과,3,분만 결과 확인
출산 기록,산부인과,3,출산 결과 기록
분만 후 상태,산부인과,2,분만 후 상태 관리
신생아 관리,소아청소년과,3,출생 신생아 관리
출생아 검사,소아청소년과,3,신생아 건강 검사
신생아 진료,소아청소년과,2,출생 후 신생아 진료
산후 검진,산부인과,3,산후 회복 검진
산후조리,산부인과,3,산후 관리 및 조리
출산 후 진료,산부인과,2,출산 후 건강 관리
예방 수술 상담,외과,3,예방적 수술 상담
예방 수술 검진,외과,2,예방적 수술 검진
질병 예방 수술,외과,2,질병 예방을 위한 수술
시술 상담,외과,3,의료 시술 상담
미용 시술,외과,2,미용 목적 시술 상담
건강 목적 시술,외과,2,건강 증진 시술
성형 재건 관리,외과,3,성형 수술 후 재건 관리
성형 수술 후 진료,외과,3,성형 수술 후 추적 관리
성형 흉터 관리,외과,2,성형 수술 후 흉터 관리
인공 장루 관리,외과,3,인공 개구부 관리
장루 교체,외과,3,장루 주기적 교체
인공 배뇨 관리,외과,2,인공 배뇨 개구부 관리
의수 맞춤,재활의학과,3,의수(팔) 조정 및 피팅
의족 조절,재활의학과,3,의족(다리) 조정 및 점검
보청기 맞춤,이비인후과,2,보청기 조정 및 피팅
심박동기 점검,내과,3,심박동기 조정 및 관리
인공관절 조절,정형외과,3,인공관절 기능 점검
임플란트 관리,치과,2,임플란트 유지관리
안경 맞춤,안과,2,안경 및 렌즈 조정
목발 조절,재활의학과,2,목발 및 보조기구 조정
휠체어 조정,재활의학과,2,휠체어 피팅 및 점검
뼈 수술 후 경과 확인,정형외과,3,정형수술 후 경과 관찰
골절 회복 점검,정형외과,3,골절 치유 경과 확인
관절 수술 후 관리,정형외과,2,관절수술 후 회복 점검
수술 후 상처 관리,외과,3,수술 후 상처 점검 및 관리
수술 후 경과 보기,외과,3,수술 후 경과 관찰
실밥 제거,외과,2,수술 부위 봉합사 제거
투석 치료,내과,3,혈액투석 관리
복막투석 관리,내과,2,복막투석 유지관리
투석 상태 점검,내과,2,투석 관련 추적 검사
재활치료,재활의학과,3,물리치료 및 재활 프로그램
중풍 재활,재활의학과,2,뇌졸중 재활 치료
약물 조정,내과,2,약물 용량 조정 및 재평가
화학요법,내과,2,항암 치료 및 화학요법
장기 기증 상담,외과,2,장기 및 조직 기증 상담
회복기 관리,가정의학과,2,회복 중 경과 보기
퇴원 후 관리,가정의학과,2,입원 후 회복기 상담
일 때문에 스트레스,정신건강의학과,2,직무 스트레스
일자리 없어서 우울,정신건강의학과,2,실업으로 인한 우울감
일 때문에 불안,정신건강의학과,2,직업 관련 불안증
집 없어서 걱정,가정의학과,2,주거 불안정 상담
생활비 부족해,정신건강의학과,2,경제적 어려움 상담
돈 부족해서 스트레스,정신건강의학과,2,재정 곤란으로 인한 스트레스
가족 관계 어려워,정신건강의학과,2,가족 관계 상담
외로움,정신건강의학과,2,사회적 고립 상담
어린 시절 트라우마,정신건강의학과,3,소아기 부정적 경험 상담
어렸을 때 학대,정신건강의학과,3,아동 학대 관련 상담
어린 시절 충격,정신건강의학과,2,소아기 심리 외상 상담
양육 방식 고민,소아청소년과,2,양육 및 교육 상담
부부 관계 문제,정신건강의학과,2,배우자 관계 상담
가족과의 갈등,정신건강의학과,2,가족 갈등 상담
사랑하는 사람 상실,정신건강의학과,3,애도 및 상실감 상담
성 관계 고민,정신건강의학과,2,성적 관심사 상담
성 정체성 상담,정신건강의학과,3,성 정체성 상담
흡연,가정의학과,3,흡연으로 인한 건강 문제
음주,가정의학과,3,과음/음주 습관
운동 부족,가정의학과,2,운동 부족으로 인한 건강 관리
스트레스 관리,정신건강의학과,2,스트레스로 인한 생활관리 어려움
일 스트레스,정신건강의학과,2,직장 스트레스로 인한 건강 문제
생활 관리 어렵다,가정의학과,2,일상생활 관리 곤란
간병 필요,가정의학과,2,간병인 도움 필요
보호자 의존,재활의학과,2,보호자 의존적 상태
자가간호 어렵다,재활의학과,2,자가간호 능력 저하
건강 상담,가정의학과,2,건강 상담 및 지도
암 가족력,가정의학과,3,가족 중 암 병력
부모 암,가정의학과,3,부모님 암 진단
형제 암,가정의학과,3,형제자매 암 병력
정신질환 가족력,정신건강의학과,3,가족 중 정신질환 병력
우울증 가족력,정신건강의학과,3,가족 중 우울증
정신병 가족력,정신건강의학과,2,가족 중 정신병 병력
당뇨 가족력,내과,3,가족 중 당뇨병
고혈압 가족력,내과,3,가족 중 고혈압
심장병 가족력,내과,3,가족 중 심장질환
갑상선 가족력,내과,2,가족 중 갑상선 질환
천식 가족력,내과,2,가족 중 천식
유전질환 가족력,가정의학과,2,가족 중 유전질환
생식기 암 과거력,비뇨의학과,3,과거 생식기암 병력
암 완치 후 관리,가정의학과,2,암 치료 후 추적관찰
유방암 재발 관리,산부인과,3,과거 유방암 경력
심근경색 과거력,내과,3,과거 심근경색 병력
뇌졸중 과거력,신경과,3,과거 뇌졸중/중풍
폐결핵 과거력,내과,2,과거 결핵 병력
과거질병,가정의학과,2,과거 질병력 관리
이전병력,가정의학과,2,이전에 앓던 질환
약물알레르기,가정의학과,3,약물 알레르기
약물부작용,가정의학과,3,약에 대한 알레르기 반응
팔없음,재활의학과,3,팔 절단 상태
다리없음,재활의학과,3,다리 절단 상태
팔다리절단,재활의학과,2,사지 절단 관리
장루관리,가정의학과,2,인공항문/장루 관리
신장제거,비뇨의학과,2,신장 절제 후 관리
위험인자,가정의학과,2,질병 위험요인 관리
건강위험,가정의학과,2,건강 위험 요소
수술후관리,외과,2,수술 후 추적 관찰
치료기록,가정의학과,2,과거 의료 치료 기록
장루,외과,3,인공항문 관리
기관절개,이비인후과,3,기관절개 튜브 관리
장기이식,가정의학과,2,장기 이식 추적
신장이식,비뇨의학과,3,신장 이식 환자 관리
심장이식,내과,2,심장 이식 후 관리
스텐트,내과,3,관상동맥 스텐트 환자
인공혈관,외과,2,인공 혈관 관리
인공관절,재활의학과,3,인공 관절 재활
보조기,재활의학과,2,보조기구 착용
의수의족,재활의학과,3,의수/의족 장착
수술후흉터,외과,2,수술 후 흉터 관리
호흡기 의존,내과,3,호흡기구 사용 필요
산소통필요,내과,3,산소 공급 필요
인공호흡,내과,3,인공호흡기 의존
투석기계,내과,2,투석기 필요
의료기기관리,내과,2,장기 의료기기 관리
영양공급관,내과,2,영양공급튜브 사용
